rep,window,D,abs_dbar_E,C,kappa
0,0,0.08603908946479022,0.005207489819173985,0.08083159964561623,0.9394753030097436
0,1,0.09035890822463205,0.003663728704995846,0.0866951795196362,0.9594535970278899
0,2,0.07285096217578518,0.03019736142901912,0.042653600746766065,0.5854912477867538
0,3,0.07638037331308264,0.03138734110914343,0.044993032203939215,0.5890653613266994
0,4,0.10525935857548006,0.016468409388877968,0.0887909491866021,0.8435444637726089
0,5,0.08070985108735458,0.017373793091474226,0.06333605799588035,0.784737639118302
0,6,0.08259474410837477,0.01774161629142532,0.06485312781694945,0.7851967884524702
0,7,0.1022486378741469,0.0066130530709171895,0.0956355848032297,0.9353238027575791
0,8,0.136620031407655,0.03719025122303952,0.09942978018461548,0.7277833210851121
0,9,0.08408280046146627,0.019923901068038288,0.06415889939342798,0.7630442735173993
0,10,0.07716204050359451,0.010821290438526743,0.06634075006506777,0.859758887039507
0,11,0.1011234053758309,0.060903302213599006,0.04022010316223189,0.3977328790773173
0,12,0.1190412115205682,0.03385216451753062,0.08518904700303757,0.7156265121538891
0,13,0.0940156900461345,0.037722067028184855,0.05629362301794964,0.5987683863228124
0,14,0.11625714676419845,0.051069887898811006,0.06518725886538744,0.5607161424458935
0,15,0.13487179516656791,0.0067146891393975415,0.12815710602717037,0.9502142821551026
0,16,0.06849689601641162,0.0027688680596887243,0.0657280279567229,0.9595767367469424
0,17,0.11391011452784858,0.04181365716334359,0.07209645736450498,0.6329241056717483
0,18,0.11637870370399492,0.026858246849201597,0.08952045685479332,0.7692168240890997
0,19,0.08172677588453206,0.03383272402048516,0.0478940518640469,0.5860264441572266
0,20,0.1218876757039716,0.04440744173118956,0.07748023397278204,0.6356691398477248
0,21,0.10787968728185632,0.02905918415697855,0.07882050312487776,0.7306334038487164
0,22,0.1094261605609049,0.04802586433696916,0.06140029622393574,0.5611116748427016
0,23,0.08310472417660711,0.021742761085179106,0.061361963091428,0.7383691324337562
0,24,0.12202999669986445,0.06688365206299318,0.055146344636871264,0.4519081056152526
0,25,0.0859675394216409,0.00694900095293868,0.07901853846870222,0.9191671530941901
0,26,0.07594000023581692,0.012001559819274053,0.06393844041654287,0.8419599712667167
0,27,0.13229709951223018,0.03977409043454737,0.09252300907768281,0.6993578046594252
0,28,0.08274508746084591,0.025881197448231166,0.05686389001261474,0.6872177159704149
0,29,0.10870627317470992,0.020810171835785124,0.0878961013389248,0.8085651248264252
0,30,0.09797101076868225,0.04785686472232512,0.05011414604635713,0.5115201492070018
0,31,0.08123535691738505,0.00917080382790898,0.07206455308947607,0.8871082226273034
0,32,0.07162856562268667,0.011792699745065534,0.05983586587762114,0.8353631733017634
0,33,0.08721945884144153,0.020352766967007968,0.06686669187443356,0.7666487818503004
0,34,0.16834667812683618,0.014625848747765567,0.1537208293790706,0.9131206572621164
0,35,0.07472759824372713,0.02301615067703184,0.05171144756669529,0.6919993253099916
0,36,0.0923383488519719,0.016860210951579066,0.07547813790039283,0.8174083556702129
0,37,0.05822432506991258,0.013883203126141526,0.04434112194377106,0.7615566499144244
0,38,0.08603157533519311,0.004020226481875052,0.08201134885331805,0.9532703374753793
1,0,0.12786702972905695,0.03449724487310081,0.09336978485595614,0.7302100084267341
1,1,0.08871168485217927,0.008413838590398553,0.08029784626178071,0.90515523851882
1,2,0.10536042380137961,0.026512625729240225,0.07884779807213939,0.7483625751238383
1,3,0.10051500658244723,0.005381381673801873,0.09513362490864535,0.9464619079601033
1,4,0.09532318591939043,0.02443342098240734,0.0708897649369831,0.7436780910462925
1,5,0.1045084619321496,0.006833950997729127,0.09767451093442048,0.934608634828384
1,6,0.08271690004127807,0.015963122829796044,0.06675377721148203,0.8070149773283332
1,7,0.07557796197083261,0.002327280350741992,0.07325068162009062,0.9692068919291559
1,8,0.0938768491979794,0.013353493617489276,0.08052335558049012,0.8577552002269725
1,9,0.10707323432197904,0.04695186784741101,0.06012136647456803,0.561497622214134
1,10,0.12860463106844455,0.032020943481948574,0.09658368758649598,0.7510125162996134
1,11,0.10681944501383633,0.05097736987983194,0.055842075134004396,0.5227706914857231
1,12,0.06055739108124474,0.020966015149168554,0.03959137593207619,0.6537827212364513
1,13,0.07309841429585096,0.03991404170467991,0.033184372591171046,0.45396843297946315
1,14,0.10488769688739052,0.058057101234179474,0.04683059565321105,0.446483210547461
1,15,0.11412219575089882,0.03482844666492871,0.07929374908597012,0.694814436089621
1,16,0.11522745431493575,0.017544450858411442,0.09768300345652431,0.8477407058698048
1,17,0.0900401208092798,0.0051348824573867495,0.08490523835189305,0.9429711731699773
1,18,0.09409034527738952,0.04704047856077483,0.04704986671661469,0.500049889049786
1,19,0.08630104158886345,0.020786617605204255,0.0655144239836592,0.7591382766359726
1,20,0.09498299456091985,0.021473503695031523,0.07350949086588833,0.7739226501091316
1,21,0.11697244552256988,0.0361525808762506,0.08081986464631928,0.6909307938742296
1,22,0.07405244942615036,0.027307668470721098,0.04674478095542926,0.6312388221816487
1,23,0.11184590901953695,0.009468760852398825,0.10237714816713812,0.9153410175177275
1,24,0.07565382797846722,0.022522945966241853,0.053130882012225364,0.702289407316542
1,25,0.12262521051194053,0.03841440325456331,0.08421080725737723,0.6867332329609112
1,26,0.13605665198780412,0.03509833353418745,0.10095831845361666,0.7420314771722178
1,27,0.1287763522047034,0.010474441003145754,0.11830191120155766,0.9186617665136567
1,28,0.09380184902392906,0.039461660469172447,0.05434018855475661,0.5793082878450968
1,29,0.08672535611421964,0.024931417665235458,0.061793938448984176,0.7125244705550692
1,30,0.12204731785487977,0.013650651029900013,0.10839666682497975,0.8881527978670428
1,31,0.09227901337134596,0.015414294527534527,0.07686471884381144,0.8329599118544445
1,32,0.15999158390081294,0.0456352676908662,0.11435631620994674,0.7147645733718226
1,33,0.10144817770366824,0.04159714432551477,0.059851033378153465,0.5899665694634684
1,34,0.0903386487650341,0.012956589167682749,0.07738205959735135,0.8565775629278878
1,35,0.09219703797769754,0.0023194485280671265,0.08987758944963042,0.9748424832408586
1,36,0.10574229107336462,0.001303795515188796,0.10443849555817583,0.9876700655721162
1,37,0.09458906861296057,0.013899542779728439,0.08068952583323213,0.8530533920721582
1,38,0.13896109610805152,0.004880125360219523,0.13408097074783198,0.964881355308072
2,0,0.07555903995162944,0.0015149451550291338,0.0740440947966003,0.9799501799387743
2,1,0.1075573845453324,0.03648034086033195,0.07107704368500045,0.6608290447509301
2,2,0.09453713689702076,0.01765897048450434,0.07687816641251642,0.8132059943412477
2,3,0.09455639368915197,0.0375670264853272,0.056989367203824776,0.6027024189519498
2,4,0.09038675652629147,0.005051477228929551,0.08533527929736191,0.9441126396934025
2,5,0.12271678670376211,0.04223665926241212,0.08048012744135,0.6558200357350354
2,6,0.10342078658675329,0.014745577247259386,0.0886752093394939,0.8574215326153003
2,7,0.08673476584461186,0.012726210370759095,0.07400855547385277,0.8532744021750343
2,8,0.1081673718058759,0.0295761313579289,0.078591240447947,0.7265706759427591
2,9,0.13049222986381082,0.04149089994653847,0.08900132991727235,0.6820431378186981
2,10,0.10598988469252281,0.06196176790188452,0.04402811679063829,0.41539923284532365
2,11,0.09235353908057214,0.0006334260676407657,0.09172011301293138,0.9931412908054542
2,12,0.06908451367679734,0.025507076284940935,0.043577437391856405,0.6307844562057369
2,13,0.1027478431558255,0.05748251424750236,0.04526532890832314,0.4405477284781012
2,14,0.10323947312837603,0.013052091410019603,0.09018738171835643,0.8735746026736342
2,15,0.1373767522021232,0.08184842184047876,0.05552833036164444,0.4042047105608181
2,16,0.06608157946743964,0.041232969194345055,0.02484861027309459,0.3760293030728516
2,17,0.11493756890178942,0.05377122018449889,0.061166348717290535,0.5321701972794924
2,18,0.09474903933144324,0.030624051529142642,0.0641249878023006,0.6767877358416677
2,19,0.1142807312586206,0.06724615444875967,0.04703457680986092,0.4115704921717758
2,20,0.09048823785217049,0.025904120268816368,0.06458411758335411,0.7137294207106164
2,21,0.08626582743862622,0.010632047183623969,0.07563378025500225,0.8767525044469302
2,22,0.06737642864267676,0.018237449112966014,0.04913897952971075,0.729320038470928
2,23,0.10782335763883698,0.026567958426782515,0.08125539921205446,0.7535973743669342
2,24,0.10631419978172806,0.026893845771316434,0.07942035401041161,0.7470343018474319
2,25,0.127360262551682,0.018542178304286904,0.1088180842473951,0.8544115885693734
2,26,0.09966331615873991,0.0064165480116297954,0.09324676814711011,0.9356177552690523
2,27,0.09996240594561706,0.027232212300188158,0.0727301936454289,0.7275754615689882
2,28,0.10207672991714205,0.030580982736863965,0.07149574718027808,0.700411810197219
2,29,0.1335792978348429,0.029795185677638863,0.10378411215720404,0.7769475797478921
2,30,0.11233755199507277,0.011857712813446837,0.10047983918162592,0.894445689772847
2,31,0.10927315498762608,0.043382893410006285,0.06589026157761979,0.6029867224487213
2,32,0.07619285263777903,0.01660843464958166,0.05958441798819737,0.7820210941761403
2,33,0.07260344529709348,0.003071915339774623,0.06953152995731886,0.9576891244319834
2,34,0.09593382296131978,0.01592088703420949,0.08001293592711028,0.8340430252568092
2,35,0.12548017684050103,0.07393930236071451,0.051540874479786516,0.41074913805150737
2,36,0.12436775313554072,0.005563788505699401,0.11880396462984132,0.9552634154318461
2,37,0.08094271418254648,0.03448215701199685,0.04646055717054963,0.5739930720110178
2,38,0.08720077679384033,0.022250136908726494,0.06495063988511385,0.7448401524985246
3,0,0.13763280195780164,0.004206177675788715,0.13342662428201293,0.9694391335789391
3,1,0.08184749775936075,0.03079879676907699,0.05104870099028376,0.6237050904154906
3,2,0.07219060231923863,0.01925983092307318,0.05293077139616545,0.7332086129728761
3,3,0.0720253911195139,0.013142949705952475,0.05888244141356143,0.8175233830505136
3,4,0.08686277900739726,0.0034637699073943344,0.08339900910000293,0.9601236577165077
3,5,0.09068071907460687,0.03748714415421673,0.05319357492039014,0.5866029235677491
3,6,0.12494877110143354,0.02604047114635464,0.09890829995507891,0.791590818246504
3,7,0.10867008836405921,0.03807812580693013,0.07059196255712907,0.6495988327591732
3,8,0.09909782869049436,0.025500721130341897,0.07359710756015246,0.7426712424750839
3,9,0.08536087858458136,0.02307335314431664,0.06228752544026472,0.7296963957387811
3,10,0.07242456862602852,0.0011845257578778877,0.07124004286815062,0.983644697091752
3,11,0.0796650444906656,0.02972433499754889,0.04994070949311671,0.6268835950875329
3,12,0.09080087946748387,0.034307917069263144,0.05649296239822073,0.6221631632813762
3,13,0.09690965501071899,0.04608958078717781,0.050820074223541185,0.5244067189994648
3,14,0.09761237063232356,0.037587860653337545,0.060024509978986014,0.614927284217697
3,15,0.09085912680163477,0.018972931779184358,0.07188619502245042,0.7911829835146182
3,16,0.05659664234206914,0.011711940374807646,0.04488470196726149,0.7930629823581957
3,17,0.10734695929151467,0.0606333173953071,0.04671364189620757,0.43516502194860107
3,18,0.08919558868979646,0.015157150595644375,0.07403843809415209,0.8300683832206348
3,19,0.08215506094638798,0.02690368788148651,0.05525137306490147,0.6725254954281747
3,20,0.0957879705312869,0.046428101593127075,0.04935986893815983,0.5153034213418017
3,21,0.12209610590131438,0.026137604106859676,0.0959585017944547,0.7859259808991311
3,22,0.09674012747927078,0.03475748747065856,0.06198264000861223,0.6407128212839466
3,23,0.13785057737422704,0.002577994261733863,0.13527258311249318,0.9812986328324523
3,24,0.11553394160672983,0.00579074754076437,0.10974319406596547,0.9498783867300599
3,25,0.08016350761811988,0.009636124563189605,0.07052738305493028,0.8797941251636114
3,26,0.1411673244423855,0.038996619879891906,0.1021707045624936,0.7237560459976872
3,27,0.10905711560765731,0.013268716403425796,0.09578839920423152,0.8783324102284056
3,28,0.09963114021185376,0.01766583497233622,0.08196530523951755,0.8226876161933716
3,29,0.10268714803255735,0.010808012549962723,0.09187913548259463,0.8947481475818571
3,30,0.0862518076786018,0.020737286198263642,0.06551452148033815,0.7595727352690793
3,31,0.07693478088589722,0.0350343505701711,0.04190043031572613,0.5446227289302233
3,32,0.11058887097968081,0.0659990545840683,0.04458981639561252,0.4032034688536181
3,33,0.12681508052633395,0.002436781316919802,0.12437829920941415,0.9807847670260811
3,34,0.11198059905953259,0.022108037160173254,0.08987256189935933,0.802572612168114
3,35,0.08818001323208101,0.02894808723021946,0.05923192600186155,0.6717160026498185
3,36,0.10053901440826335,0.010663028463489823,0.08987598594477353,0.8939413865726794
3,37,0.092069176990208,0.04290439776208336,0.04916477922812464,0.5339982482232197
3,38,0.11472470311919925,0.01296223794030377,0.10176246517889548,0.8870144128694238
4,0,0.07781851548580657,0.04700670727941888,0.030811808206387688,0.3959444357687278
4,1,0.11541648686809716,0.0167161821292799,0.09870030473881726,0.8551664274066506
4,2,0.05671957089205215,0.009947172930682103,0.046772397961370046,0.8246253846029016
4,3,0.12153674484674756,0.03258603625247605,0.08895070859427151,0.7318832564294395
4,4,0.10695544391565308,0.0165991438032633,0.09035630011238978,0.8448031891078525
4,5,0.09062586516335877,0.008936707552201906,0.08168915761115686,0.9013889959991782
4,6,0.0921710867219695,0.0033663309361222186,0.08880475578584728,0.9634773652362738
4,7,0.11740787130436134,0.010117152055301766,0.10729071924905957,0.9138290138224664
4,8,0.08715386609835937,0.03319826603445246,0.053955600063906914,0.6190844133410462
4,9,0.11882365036996458,0.023708559414542158,0.09511509095542242,0.8004727228904
4,10,0.11431637920633173,0.023430895403599425,0.0908854838027323,0.7950346611196584
4,11,0.1255048243465532,0.029991865089422417,0.09551295925713077,0.7610301815442037
4,12,0.09467141619009917,0.05156759414133288,0.04310382204876629,0.4552992210681024
4,13,0.09595357574910254,0.03265558180546467,0.06329799394363787,0.6596731122261476
4,14,0.08026344821151891,0.01382443066281536,0.06643901754870356,0.8277618147380894
4,15,0.06056455285762387,0.042551761729729756,0.018012791127894112,0.2974147463820772
4,16,0.1075808646545325,0.030078858023125057,0.07750200663140744,0.7204069876207506
4,17,0.0875203199998783,0.007816625312819023,0.07970369468705928,0.9106878801079579
4,18,0.11940455867410671,0.04324761356086265,0.07615694511324406,0.6378060097445757
4,19,0.10955201477332063,0.012042664274134973,0.09750935049918566,0.8900735481766079
4,20,0.10301090183990247,0.012424762182258062,0.09058613965764441,0.8793840073202311
4,21,0.09906176072880557,0.012880432671073989,0.08618132805773158,0.8699757345689035
4,22,0.10033155936350605,0.04555389862057546,0.054777660742930584,0.5459664046929491
4,23,0.10769659214564226,0.029224099027261047,0.07847249311838121,0.7286441618529567
4,24,0.09750241823766227,6.470242314583069e-06,0.09749594799534769,0.9999336401862484
4,25,0.08953253832944016,0.01647356969494886,0.07305896863449131,0.8160046615194422
4,26,0.13152939964594992,0.06041624584258416,0.07111315380336576,0.5406635626315314
4,27,0.12478760753355614,0.054579662500651265,0.07020794503290487,0.56261952945949
4,28,0.07879904769602708,0.028841335684748483,0.0499577120112786,0.6339887786968443
4,29,0.07381636840052815,0.020954880615415505,0.05286148778511264,0.7161214908092718
4,30,0.11184925372286039,0.06335477622878782,0.04849447749407257,0.43356996922153795
4,31,0.07653289372432465,0.07299400902632394,0.003538884698000705,0.046240048243150804
4,32,0.11430529724080783,0.011060209162590151,0.10324508807821768,0.9032397497791417
4,33,0.07957805131116014,0.0013041145417214128,0.07827393676943872,0.9836121327396902
4,34,0.11348703637945359,0.01229418447754985,0.10119285190190375,0.8916688207766463
4,35,0.07735532737749921,0.04119861768167765,0.03615670969582156,0.4674107255648261
4,36,0.0778731983363025,0.020405149942925783,0.05746804839337672,0.7379695404983332
4,37,0.10520218189997874,0.04132402944984923,0.06387815245012951,0.6071941788323538
4,38,0.09656993608358608,0.01649789977994611,0.08007203630363996,0.8291611194019393
5,0,0.10040602524414083,0.012968113887120956,0.08743791135701987,0.8708432700568662
5,1,0.11286297075125784,0.0230593572600614,0.08980361349119645,0.7956871318682315
5,2,0.06688364246560194,0.007877896878391737,0.0590057455872102,0.8822148945843774
5,3,0.076607525517205,0.017281993729544694,0.0593255317876603,0.7744086679100032
5,4,0.09163195119276607,0.01966360796268646,0.07196834323007961,0.7854066435699908
5,5,0.11646341383481917,0.013983697142772387,0.10247971669204678,0.8799305577406002
5,6,0.09363551234091347,0.029688460279040887,0.06394705206187258,0.6829358911291107
5,7,0.09909630357464003,0.03825672952357349,0.06083957405106653,0.6139439298585112
5,8,0.07947651892046627,0.01218574671451678,0.06729077220594949,0.8466748810839174
5,9,0.06746771622224765,0.01132983315587775,0.056137883066369895,0.8320703028014795
5,10,0.10427587458270554,0.019001948626312184,0.08527392595639335,0.817772339936205
5,11,0.12281967804352113,0.059274301255610305,0.06354537678791083,0.5173875864207488
5,12,0.10877114080707961,0.004974647392043497,0.10379649341503612,0.9542650067367896
5,13,0.10155337648949296,0.008434772510280806,0.09311860397921215,0.9169424710250427
5,14,0.08848889090215034,0.00681633138715773,0.08167255951499261,0.9229696370056765
5,15,0.10116943058077466,0.0067249474063043515,0.09444448317447031,0.9335278713372308
5,16,0.08655312955840463,0.03061020718902124,0.05594292236938339,0.646341994273402
5,17,0.09245099056600001,0.042807739071871284,0.04964325149412872,0.5369683027753912
5,18,0.10440942199123546,0.052612378825006925,0.05179704316622853,0.4960954881119501
5,19,0.09427083611156512,0.03570057768404248,0.058570258427522635,0.6212977506448281
5,20,0.12045239848670505,0.033125892608159346,0.08732650587854571,0.7249876878805729
5,21,0.0961864844214203,0.0028962610192741003,0.09329022340214621,0.969889106180607
5,22,0.11409146008709309,0.024518372448448823,0.08957308763864427,0.7850989685842181
5,23,0.09294533080316661,0.04982444599930132,0.04312088480386529,0.46393814978381015
5,24,0.09357129402820621,0.011546348451481753,0.08202494557672446,0.8766037322514615
5,25,0.07199326997270582,0.0015455840191058844,0.07044768595359993,0.9785315485781956
5,26,0.11829000057735595,0.002412648200874945,0.115877352376481,0.9796039547797856
5,27,0.11992944460341214,0.005800607986392814,0.11412883661701932,0.9516331622682443
5,28,0.0878004231740365,0.03866792125785404,0.04913250191618246,0.5595929967079185
5,29,0.09797002072374347,0.02843300749174521,0.06953701323199826,0.7097784885447682
5,30,0.10757001773507517,0.046221445425916635,0.061348572309158536,0.5703129329238245
5,31,0.10333353407317852,0.03927058125102766,0.06406295282215085,0.6199628552022898
5,32,0.10696671806210885,0.021220952872425022,0.08574576518968383,0.8016116297023963
5,33,0.08310062044230092,0.014143527209593729,0.06895709323270718,0.8298023873430165
5,34,0.06530896612989351,0.03534391013612455,0.02996505599376896,0.45881994111147356
5,35,0.10351536338473469,0.028863819643398035,0.07465154374133665,0.7211639055342913
5,36,0.08904445175353909,0.0013621995140336452,0.08768225223950545,0.9847020281757252
5,37,0.12336600206141403,0.05847466896687647,0.06489133309453757,0.5260066145471212
5,38,0.07064735869205718,0.01036623084364339,0.060281127848413794,0.8532679630836807
6,0,0.10861155322349378,0.04783481143031231,0.06077674179318147,0.5595789765396233
6,1,0.1106232431410231,0.07545723851179349,0.035166004629229614,0.31788983608444565
6,2,0.08305922120187284,0.046704338300999244,0.036354882900873596,0.437698335895953
6,3,0.09617597801200073,0.023258747867555357,0.07291723014444537,0.7581646857320946
6,4,0.08836608215921896,0.004053048399025663,0.08431303376019329,0.954133437853193
6,5,0.1335855903551427,0.03439228237516786,0.09919330797997483,0.7425449684824943
6,6,0.10534985446567494,0.022576892139216487,0.08277296232645845,0.7856960291618392
6,7,0.11018114124896855,0.020267105551867885,0.08991403569710066,0.8160564927706481
6,8,0.09704368045746818,0.06012813358684844,0.03691554687061974,0.38040134810013626
6,9,0.10500681198310285,0.017584583606040434,0.08742222837706243,0.8325386394087457
6,10,0.0788947237542652,0.0073324974488762785,0.07156222630538893,0.9070597233889184
6,11,0.1000125252422631,0.04682738238692574,0.05318514285533736,0.5317848212161979
6,12,0.11276934983363501,0.04385758669000944,0.06891176314362557,0.6110859311088418
6,13,0.07628092490434417,0.03213183644334173,0.04414908846100244,0.5787697057470808
6,14,0.09796153110828787,0.02645421360541024,0.07150731750287763,0.7299530406872936
6,15,0.12113184153861183,0.020236931951692735,0.10089490958691909,0.8329346628050558
6,16,0.06993485250635033,0.02363502013523642,0.04629983237111391,0.6620423252756517
6,17,0.09534701862285606,0.007308240969009776,0.0880387776538463,0.9233511327929673
6,18,0.11327615286204397,0.0325195746864876,0.08075657817555637,0.7129177336549174
6,19,0.08610227557637995,0.0019774383929911064,0.08412483718338884,0.9770338428368602
6,20,0.08668792628238889,0.0026651839403591115,0.08402274234202978,0.9692554193570488
6,21,0.12928785706710322,0.0278646615405795,0.10142319552652372,0.7844758032758086
6,22,0.08228326966283855,0.047644537419992,0.034638732242846554,0.4209693220114025
6,23,0.06307135018794872,0.018290692046367893,0.04478065814158083,0.7099999922014867
6,24,0.07836630649438432,0.011453181204453516,0.0669131252899308,0.853850695320517
6,25,0.0815660490701943,0.05515843537749894,0.026407613692695356,0.3237574210560258
6,26,0.08959822508330476,0.0037066927750222436,0.08589153230828252,0.9586298414775972
6,27,0.09325376673254626,0.0037213971813234437,0.08953236955122282,0.9600938673930836
6,28,0.10090440065326134,0.01930401604781932,0.08160038460544201,0.8086900479776509
6,29,0.07676979642204051,0.03409647619181983,0.042673320230220683,0.5558607970721312
6,30,0.09310168972666875,0.010552720163391021,0.08254896956327773,0.8866538277192167
6,31,0.07583843953289116,0.0041811203935177566,0.0716573191393734,0.9448680587407867
6,32,0.09628995924055829,0.030032202198946277,0.06625775704161202,0.6881066059658647
6,33,0.10634972801591139,0.011183638621112681,0.0951660893947987,0.8948409287944821
6,34,0.08186506884599178,0.03796609578204558,0.043898973063946196,0.536235706910977
6,35,0.11892881769621548,0.019381126436820106,0.09954769125939537,0.8370359109570392
6,36,0.08685530838456706,0.06663648074970971,0.020218827634857356,0.23278747161123373
6,37,0.1456517563704425,0.02925966549085164,0.11639209087959086,0.7991121685039331
6,38,0.11242953291671531,0.01428035343050128,0.09814917948621403,0.8729839655112703
7,0,0.061628320304913234,0.01267876258681307,0.04894955771810017,0.7942705151773823
7,1,0.06206093058264146,0.025595498830625237,0.03646543175201623,0.5875746852274185
7,2,0.08550047738663166,0.028201235754546704,0.057299241632084955,0.6701628269626939
7,3,0.10855067672986644,0.05323679679104576,0.055313879938820684,0.5095673431541281
7,4,0.07789763354916107,0.005480506587205841,0.07241712696195524,0.9296447614965466
7,5,0.10910890675089337,0.022321567090932404,0.08678733965996097,0.7954193864127446
7,6,0.07435468448061575,0.004972786432288103,0.06938189804832764,0.9331207378926542
7,7,0.11559794765005865,0.006706047027244293,0.10889190062281436,0.9419881826315375
7,8,0.07473782912888044,0.004640693870165212,0.07009713525871522,0.9379070288198678
7,9,0.08427642800737475,0.027595811411920225,0.05668061659545453,0.6725559914629342
7,10,0.08580528944824845,0.0001251161903626282,0.08568017325788582,0.998541859235402
7,11,0.07333193867475953,0.03640962834153006,0.036922310333229465,0.50349562551437
7,12,0.043542825935744454,0.012447430541507579,0.031095395394236877,0.7141336081430251
7,13,0.12268557277733418,0.0133966195722965,0.10928895320503768,0.8908052571380138
7,14,0.10131001881960114,0.031495682391459244,0.06981433642814189,0.6891158173848294
7,15,0.07685567233101413,0.014732598720000746,0.06212307361101339,0.8083082448807674
7,16,0.09460823009193833,0.017211655419401627,0.0773965746725367,0.8180744381046374
7,17,0.14153615027528826,0.00829569946449549,0.13324045081079278,0.9413881227632634
7,18,0.10011377212553936,0.004784714412588046,0.09532905771295132,0.9522072307235795
7,19,0.10563872124410531,0.003295167842715708,0.1023435534013896,0.9688071967938595
7,20,0.0780688448397227,0.03752272115574196,0.04054612368398074,0.5193636945342659
7,21,0.11898760648901778,0.02821204032906844,0.09077556615994933,0.7628993374896373
7,22,0.08589564299325572,0.03777513809407214,0.04812050489918358,0.5602205562738714
7,23,0.10000954769135784,0.012833738532461314,0.08717580915889653,0.871674866763043
7,24,0.07296044887240957,0.021098691642049937,0.051861757230359636,0.7108201502577579
7,25,0.0888630427802877,0.005228518803702498,0.0836345239765852,0.9411620552243534
7,26,0.13464082413692557,0.030793018231970264,0.1038478059049553,0.7712950850578966
7,27,0.1109535125913808,0.010999649662734635,0.09995386292864616,0.9008625377797267
7,28,0.0809322014816154,0.0006078094639652663,0.08032439201765013,0.9924898933571782
7,29,0.07862120836420403,0.000620537538469741,0.07800067082573428,0.9921072500489286
7,30,0.08247311477790081,0.012620507208799175,0.06985260756910164,0.846974286798964
7,31,0.09312244529031746,0.032411976788434826,0.060710468501882636,0.6519423787961364
7,32,0.09714773946586353,0.03939735225640725,0.05775038720945627,0.5944594030389047
7,33,0.09793849421729126,0.001325737064191656,0.0966127571530996,0.9864635751775975
7,34,0.05795565776331129,0.015746574764157122,0.04220908299915417,0.7282996109117502
7,35,0.10522353446870426,0.03969298341156537,0.0655305510571389,0.6227746614672889
7,36,0.10775119401753264,0.005571078311302982,0.10218011570622966,0.9482968299135833
7,37,0.11125660351654225,0.01577856604785702,0.09547803746868523,0.8581786109845518
7,38,0.10966992605090611,0.08605367446417775,0.023616251586728365,0.21533935908524526
8,0,0.08542577844666888,0.010256282832178693,0.07516949561449018,0.879939252311506
8,1,0.09779752320372173,0.03274882830600055,0.06504869489772118,0.6651364243879514
8,2,0.11229658964949474,0.0838581079794813,0.028438481670013435,0.2532443928954292
8,3,0.07515456600470441,0.022437095069603924,0.052717470935100486,0.7014539999046839
8,4,0.09861402165347029,0.043164606610534895,0.05544941504293539,0.5622873310834504
8,5,0.05837161436751247,0.01841621793576969,0.03995539643174278,0.6845004522263223
8,6,0.08087548030438638,0.0044766883709895615,0.07639879193339681,0.9446471494927645
8,7,0.1117378703317197,0.021871510383947995,0.0898663599477717,0.804260540146171
8,8,0.10408485322684241,0.012366500801918015,0.09171835242492439,0.8811882765019952
8,9,0.13080386947582215,0.06516373870006645,0.0656401307757557,0.5018210167543145
8,10,0.08076106468833338,0.026360097735632273,0.05440096695270111,0.6736038852712127
8,11,0.10236078546421673,0.027690891154832656,0.07466989430938407,0.7294775432871914
8,12,0.11362180202249397,0.009262696893314529,0.10435910512917944,0.918477820907287
8,13,0.09908088323764036,0.025045417292983183,0.07403546594465718,0.7472225067583114
8,14,0.10762241920020436,0.07794806465635246,0.029674354543851908,0.27572651464608183
8,15,0.08383571257176302,0.013548419934101488,0.07028729263766154,0.8383932155105845
8,16,0.09228778936946604,7.777084882700739e-06,0.09228001228458334,0.9999157300772309
8,17,0.08413651671467785,0.01775130120128632,0.06638521551339154,0.7890178736364355
8,18,0.059485659604174734,0.02079552768070949,0.038690131923465244,0.650411076903482
8,19,0.08720469776202025,0.027945137853227338,0.05925955990879291,0.6795454996072686
8,20,0.0774832099605956,0.010134792031853645,0.06734841792874195,0.8692001526910444
8,21,0.09079575807863806,0.0067292511640646546,0.0840665069145734,0.9258858419549021
8,22,0.0920064881165017,0.020146904497293436,0.07185958361920826,0.7810273502474874
8,23,0.08506291412200453,0.016727762461584146,0.0683351516604204,0.8033483494629429
8,24,0.10745511461594039,0.01370197015359622,0.09375314446234417,0.872486570764277
8,25,0.11547850898401978,0.008724088196566475,0.1067544207874533,0.9244527118221302
8,26,0.08654021834331334,0.003580224854655277,0.08295999348865807,0.9586293526502074
8,27,0.07438931276352542,0.003745580012127054,0.07064373275139837,0.949648949923307
8,28,0.11926058578836582,0.0644948944702755,0.05476569131809032,0.4592103162672278
8,29,0.07273832916167398,0.03606644710863948,0.0366718820530345,0.5041617325512753
8,30,0.09801704042360342,0.03172956261841695,0.06628747780518646,0.6762852410020719
8,31,0.07818746039807933,0.018654598996119893,0.059532861401959444,0.7614118824023329
8,32,0.12099652834194374,0.00750701938195986,0.11348950895998389,0.9379567373970884
8,33,0.08262301164762617,0.0030640684942793966,0.07955894315334677,0.9629150713199955
8,34,0.10608250848738196,0.043035880216649364,0.0630466282707326,0.5943169064316736
8,35,0.07211731561742844,0.01788724744372891,0.05423006817369953,0.7519701435003754
8,36,0.0595238066830714,0.015872305011089414,0.04365150167198198,0.7333452630877603
8,37,0.10011611049050766,0.01922810874126845,0.08088800174923921,0.8079419121751487
8,38,0.11431438388527632,0.02877563154255053,0.08553875234272579,0.7482763711395305
9,0,0.11455037664956434,0.03862225565838191,0.07592812099118243,0.662836065772737
9,1,0.06705246661048213,0.03583726729759309,0.03121519931288904,0.465533945145118
9,2,0.0846170720255456,0.003205029329692905,0.08141204269585268,0.9621231359940542
9,3,0.10016514801413214,0.00033789508443189155,0.09982725292970024,0.996626620225388
9,4,0.10865911668776485,0.023417450005411938,0.0852416666823529,0.7844870203325629
9,5,0.09599177366131027,0.020429616830699427,0.07556215683061085,0.7871732540042269
9,6,0.10580941773912078,0.01603081094918842,0.08977860678993237,0.8484935340187458
9,7,0.08788751437180749,0.00031724811932275134,0.08757026625248474,0.9963902936430693
9,8,0.08801487123950308,0.02222248679863053,0.06579238444087254,0.7475144088075814
9,9,0.08324014149074661,0.04146397075794346,0.04177617073280315,0.5018752969977496
9,10,0.10285897660119252,0.0345814471800588,0.06827752942113371,0.663797479590538
9,11,0.09558600118343843,0.0003706549739894427,0.09521534620944899,0.996122288102856
9,12,0.08056180704247182,0.030403213784535848,0.050158593257935966,0.622610081617119
9,13,0.09074722938312971,0.003963176491427349,0.08678405289170235,0.9563273003664382
9,14,0.09426354512342985,0.042548601373475894,0.05171494374995396,0.5486208234820552
9,15,0.10571364231722596,0.014544465526030064,0.0911691767911959,0.8624163806371843
9,16,0.11797515664965186,0.008966378995472275,0.10900877765417959,0.9239977360479417
9,17,0.09254797515377364,0.0014012967752922538,0.09114667837848138,0.9848586987131385
9,18,0.08391347824897927,0.01570464191516839,0.06820883633381088,0.8128472059211844
9,19,0.10103945091552374,0.006140629035623964,0.09489882187989979,0.9392254314529286
9,20,0.08841452026486893,0.022481910290846417,0.0659326099740225,0.7457215147071323
9,21,0.07288367810259623,0.02880125042598273,0.0440824276766135,0.6048326432505224
9,22,0.12920397150019894,0.06302926234588946,0.06617470915430948,0.5121724075966781
9,23,0.07971117636992134,0.021124709324729297,0.05858646704519204,0.7349843486602888
9,24,0.12045474900995798,0.03768332855456685,0.08277142045539113,0.6871578010473329
9,25,0.07449379012075727,0.011751988460379767,0.0627418016603775,0.8422420386809512
9,26,0.10883072598766554,0.06644835771317606,0.042382368274489476,0.38943384682826554
9,27,0.12654273408867658,0.006223404135855384,0.1203193299528212,0.950819743380175
9,28,0.0717124577449994,0.015384939208368604,0.0563275185366308,0.7854635067302318
9,29,0.10092021683648715,0.01222460822899555,0.0886956086074916,0.8788685893451647
9,30,0.112060011573792,0.007552143580287515,0.10450786799350449,0.9326062573595721
9,31,0.0876403081261526,0.004218585681715448,0.08342172244443716,0.9518647780694351
9,32,0.09843890430889092,0.039871972570538525,0.058566931738352396,0.5949571680986567
9,33,0.07588813925040769,5.952100823052378e-05,0.07582861824217717,0.999215674427935
9,34,0.10772889519695042,0.0063495648759364694,0.10137933032101396,0.9410597791397733
9,35,0.08100210227750611,0.04383976656452482,0.03716233571298129,0.45878236080424656
9,36,0.125068188962421,0.06525280486849283,0.05981538409392817,0.4782621751395216
9,37,0.10874475066004896,0.013205737711040458,0.0955390129490085,0.8785620673100497
9,38,0.10930348399986889,0.041086117406866754,0.06821736659300214,0.6241097181594318
10,0,0.08383989115185819,0.01991716492064244,0.06392272623121575,0.762438087084742
10,1,0.07049563619508147,0.028785787062206213,0.04170984913287525,0.5916656886030823
10,2,0.11355558554485219,0.002079997323534478,0.11147558822131771,0.981683002966746
10,3,0.08832407871252983,0.025274463069549568,0.06304961564298026,0.7138440226270474
10,4,0.1416452670368601,0.03434570997667323,0.10729955706018686,0.7575230666356433
10,5,0.08908098748790766,0.021850079343742994,0.06723090814416466,0.754716691407254
10,6,0.09253002489321158,0.05642337996042288,0.036106644932788694,0.39021544600748986
10,7,0.0944321557224144,0.010994634429128913,0.08343752129328548,0.8835710744394324
10,8,0.08364982573060407,0.008625816697438268,0.0750240090331658,0.8968818330211723
10,9,0.10924071217712507,0.016527319021724628,0.09271339315540045,0.8487073299657101
10,10,0.09151949341657278,0.0019326559997428477,0.08958683741682993,0.9788825754208897
10,11,0.09719329861149427,0.032703032771260604,0.06449026584023367,0.6635258475794433
10,12,0.08080001765407357,0.013047826138491604,0.06775219151558197,0.8385170385190653
10,13,0.07956460025404304,0.00834467456082101,0.07121992569322202,0.8951207630758256
10,14,0.09446090915059112,0.0181551171584137,0.07630579199217742,0.8078028538824402
10,15,0.09001236654564414,0.011967493687867651,0.07804487285777649,0.8670461165822245
10,16,0.11984005528425015,0.018228650296012873,0.10161140498823729,0.8478918400631901
10,17,0.09039604379779918,0.005840768845118541,0.08455527495268064,0.9353868974821137
10,18,0.11242537345499876,0.0273636748502185,0.08506169860478026,0.7566058798891023
10,19,0.0829631343059744,0.0326909506634794,0.05027218364249501,0.6059581049226918
10,20,0.09508340705012187,0.02538335962956427,0.0697000474205576,0.7330411223465753
10,21,0.0991389548844858,0.0014971745393388795,0.09764178034514692,0.9848982214803116
10,22,0.09650306025857973,0.03631693128295506,0.06018612897562467,0.623670677534537
10,23,0.09813394997600154,0.009906154111363929,0.08822779586463761,0.8990547704052831
10,24,0.1127779194287084,0.05680598710074404,0.055971932327964366,0.4963022248636759
10,25,0.09324000173919114,0.022526250252680072,0.07071375148651107,0.7584057289521509
10,26,0.10720328666520275,0.01900287032589114,0.08820041633931161,0.8227398532543377
10,27,0.0955335496653025,0.04648128052891846,0.049052269136384045,0.5134559461910132
10,28,0.08761241138341541,0.029389116974496456,0.058223294408918956,0.6645553237214098
10,29,0.07228562728725643,0.010523012117507561,0.061762615169748875,0.8544245583469854
10,30,0.08464886102127164,0.022693973390567293,0.06195488763070435,0.7319045629584494
10,31,0.08642751026117255,0.02616048281002342,0.06026702745114913,0.6973130114361749
10,32,0.1094712309064586,0.0195496640569119,0.0899215668495467,0.8214173359061179
10,33,0.07275919066424641,0.02086193427193455,0.05189725639231186,0.713274239563717
10,34,0.08040823256590639,0.03844371806840908,0.04196451449749731,0.5218932584185483
10,35,0.14057950302342298,0.03152405148522137,0.10905545153820162,0.7757564167802691
10,36,0.09221308248729973,0.020547789846515493,0.07166529264078424,0.7771705565818658
10,37,0.0987340812876164,0.013048016929895326,0.08568606435772108,0.8678468796211724
10,38,0.09837289319824594,0.005318826226867919,0.09305406697137802,0.9459319935203171
11,0,0.09854051835022605,0.019442108136543124,0.07909841021368293,0.8026993518803778
11,1,0.08998989749717651,0.038781567135137154,0.05120833036203935,0.5690453238225551
11,2,0.09660440316744505,0.020504590831585207,0.07609981233585984,0.7877468297584277
11,3,0.12001805188102292,0.012799916025046605,0.10721813585597631,0.8933500767223291
11,4,0.09155048479429098,0.03871398774426804,0.05283649705002294,0.5771296260062818
11,5,0.1017250917187442,0.029305580680576006,0.0724195110381682,0.7119139419249493
11,6,0.09117208614685807,0.01761890552574218,0.07355318062111589,0.8067510981665812
11,7,0.0982099044275439,0.004435615104126649,0.09377428932341725,0.9548353587147709
11,8,0.05107258559917554,0.009913408787706655,0.041159176811468884,0.8058956939147666
11,9,0.045860945696429706,0.0030561971946622708,0.04280474850176744,0.9333594816187971
11,10,0.12261238736086036,0.0932966389438269,0.029315748417033452,0.239092876731568
11,11,0.08956289255213756,0.0024168726282963286,0.08714601992384123,0.9730147993278646
11,12,0.08204562666992922,0.001708688000086318,0.0803369386698429,0.9791739295628712
11,13,0.13073682253338428,0.01778320438392255,0.11295361814946173,0.8639770797597477
11,14,0.0997941708688255,0.005334282739499368,0.09445988812932612,0.9465471510704666
11,15,0.07927894295499063,0.0011805774707521104,0.07809836548423853,0.9851085619112964
11,16,0.11145541980898728,0.023925628686986125,0.08752979112200115,0.785334542474561
11,17,0.08847748265900154,0.025549142489655688,0.06292834016934586,0.7112356531647279
11,18,0.12335828248715186,0.05216082734755162,0.07119745513960024,0.5771599093641375
11,19,0.10471987347585317,0.02302231841718865,0.08169755505866452,0.7801533018229129
11,20,0.06960333385360641,0.001203135893674592,0.06840019795993182,0.9827143927300223
11,21,0.10650783602173464,0.02726728971274754,0.0792405463089871,0.7439879474484562
11,22,0.15049193504105263,0.06641033856990905,0.08408159647114358,0.5587116442366629
11,23,0.12091223186124557,0.0062228562529370035,0.11468937560830857,0.9485341048035725
11,24,0.12205510346335692,0.07312230730482411,0.04893279615853281,0.4009074161591555
11,25,0.12721806144559955,0.019654243516767055,0.10756381792883249,0.8455074437274653
11,26,0.08170219045340149,0.023047997298661117,0.058654193154740374,0.7179023332084781
11,27,0.08981899949350217,0.0163052463077414,0.07351375318576077,0.818465509528182
11,28,0.12700507102615996,0.06480573266265743,0.06219933836350253,0.4897390148358011
11,29,0.08882252960380471,0.005825275694347629,0.08299725390945709,0.9344166877442984
11,30,0.11544869264811437,0.0037658050806241104,0.11168288756749026,0.9673811370727062
11,31,0.0934942843123784,0.02682350363517544,0.06667078067720296,0.7131000698871164
11,32,0.09637298811721484,0.022360494761065084,0.07401249335614976,0.7679796466010906
11,33,0.0791127298653204,0.019681397410125513,0.05943133245519489,0.751223381576762
11,34,0.08874388419090797,0.03498582768605503,0.053758056504852936,0.6057663240117743
11,35,0.08845986804708397,0.03528508532249487,0.0531747827245891,0.6011175903663579
11,36,0.10645303206116233,0.03702951165607927,0.06942352040508307,0.652151649050221
11,37,0.10808212501972539,0.051267827773147034,0.056814297246578355,0.5256585881912438
11,38,0.13272067520011255,0.0020307549080322146,0.13068992029208032,0.9846990312174775
12,0,0.1214425322535541,0.021117657112179125,0.10032487514137498,0.8261098750140636
12,1,0.08152557623395443,0.03775257512236739,0.04377300111158704,0.5369235414659492
12,2,0.09739290057945371,0.03405920755560393,0.06333369302384978,0.6502906541137644
12,3,0.06795097554959127,0.030770880389313703,0.037180095160277565,0.5471605795143173
12,4,0.12387928215665622,0.035036361649006524,0.08884292050764969,0.7171733558747945
12,5,0.14900320996453026,0.003794845928249453,0.14520836403628082,0.9745317840524859
12,6,0.11275044724277987,0.010458281923181018,0.10229216531959885,0.9072439872396982
12,7,0.1107850419833063,0.033957077175147066,0.07682796480815923,0.6934868050123237
12,8,0.0791845522074571,0.003531207052955246,0.07565334515450185,0.9554053542703156
12,9,0.093076485796903,0.02710165904966005,0.06597482674724295,0.7088237827457617
12,10,0.10635063276256347,0.03712796507398826,0.06922266768857521,0.650890980997927
12,11,0.07625016505442095,0.0014864621345241791,0.07476370291989677,0.9805054568280178
12,12,0.11272773329051676,0.017774282814144088,0.09495345047637267,0.8423255547209751
12,13,0.0850367110350366,0.007371067379793265,0.07766564365524334,0.9133189972886386
12,14,0.13350049026332045,0.012839670133638618,0.12066082012968182,0.9038230488269124
12,15,0.12252783320040496,0.013494595457334085,0.10903323774307087,0.8898650608204056
12,16,0.12230352953172716,0.00365333294862457,0.11865019658310258,0.970128965512178
12,17,0.08720616061877129,0.04750786315006594,0.039698297468705346,0.45522354369262547
12,18,0.0996568441537431,0.03737736376775101,0.062279480385992084,0.6249393196709297
12,19,0.09898549382250549,0.01085834608761029,0.0881271477348952,0.8903036630086345
12,20,0.1365543733596466,0.017248409751757062,0.11930596360788953,0.873688338737204
12,21,0.0905669599844494,0.004061457633864472,0.08650550235058493,0.9551551952879744
12,22,0.11178815503126506,0.0012168977336555874,0.11057125729760947,0.9891142515652463
12,23,0.09192847511376939,0.014092811268071877,0.07783566384569751,0.8466980851076795
12,24,0.09022907671019989,0.009968834370984142,0.08026024233921575,0.8895163872395336
12,25,0.08583350664993729,0.02599334235981155,0.05984016429012574,0.697165554870983
12,26,0.1304374927662645,0.023530749779954632,0.10690674298630988,0.8196013333212392
12,27,0.08984449207454154,0.022838142909593816,0.06700634916494771,0.7458036393522528
12,28,0.08959752373099891,0.02133474516809974,0.06826277856289917,0.7618824239813409
12,29,0.12607947888617246,0.007994859962943995,0.11808461892322847,0.9365887293192102
12,30,0.10001339131474773,0.04186215580450192,0.05815123551024581,0.5814344933793978
12,31,0.112016186914735,0.016373949107766295,0.0956422378069687,0.8538251518931822
12,32,0.10775488664472917,0.03556510726300401,0.07218977938172516,0.6699443675323686
12,33,0.07405832064322465,0.02853315655491691,0.04552516408830774,0.6147204485992175
12,34,0.09360560223451611,0.03799904022610753,0.05560656200840858,0.5940516452112973
12,35,0.11077641399895487,0.02917907872700182,0.08159733527195305,0.7365948429484537
12,36,0.10887215012984014,0.07829145732337285,0.03058069280646729,0.28088627596678284
12,37,0.11825000881408466,0.04023130222234812,0.07801870659173654,0.659777596417767
12,38,0.08619474154836,0.02764140524296678,0.05855333630539322,0.6793144831525665
13,0,0.0887664576050143,0.014473601720521052,0.07429285588449325,0.8369473998283846
13,1,0.10765474957718012,0.01662447492520939,0.09103027465197072,0.8455760197250662
13,2,0.12701044492534735,0.014562816712137477,0.11244762821320987,0.8853415817833168
13,3,0.07466759604547174,0.03287432542037161,0.04179327062510013,0.5597243361048947
13,4,0.10912359911812945,0.03144313454718969,0.07768046457093977,0.7118576109907118
13,5,0.09086774506558766,0.018068386929514936,0.07279935813607272,0.8011573092688355
13,6,0.10142703205081743,0.06150407547021042,0.039922956580607016,0.39361258801898724
13,7,0.10532955244593739,0.004662498828824474,0.10066705361711292,0.9557341817129851
13,8,0.0914374570635374,0.0005603643204419948,0.0908770927430954,0.9938716108426701
13,9,0.07214270685451542,0.025948031190847737,0.04619467566366768,0.6403235708472221
13,10,0.06899467379476151,0.017841181764636754,0.05115349203012476,0.7414121875884373
13,11,0.07005920726511237,0.021199354094336615,0.04885985317077576,0.6974080221302571
13,12,0.06762978726043935,0.03020261345837188,0.03742717380206747,0.5534125615083937
13,13,0.08612012190865347,0.029915774716244105,0.05620434719240936,0.6526273528969758
13,14,0.10289779124914505,0.015461176880069077,0.08743661436907597,0.849742383268139
13,15,0.09622483852437834,0.026953412920702583,0.06927142560367576,0.719891315651582
13,16,0.10353767470836378,0.05925675313898056,0.04428092156938322,0.4276793128115925
13,17,0.08159323989909026,0.017530798674008637,0.06406244122508162,0.7851439813434336
13,18,0.09335665260459167,0.008381463055809234,0.08497518954878243,0.9102210413294424
13,19,0.07617849280406752,0.013326385228627169,0.06285210757544035,0.8250636795492544
13,20,0.12143181501973063,0.005827899537487073,0.11560391548224355,0.9520068152111525
13,21,0.08864773750069589,0.04117283062532919,0.0474749068753667,0.5355456124866584
13,22,0.10093609716911459,0.005345677158347287,0.0955904200107673,0.9470389948861326
13,23,0.1227600465409279,0.015195914317276762,0.10756413222365113,0.8762144953064148
13,24,0.12250986028555678,0.024606639901356378,0.0979032203842004,0.7991456373878719
13,25,0.10635988384714325,0.022369440874828575,0.08399044297231467,0.7896815973682599
13,26,0.09087701050079994,0.0026749429232244323,0.08820206757757551,0.9705652407744984
13,27,0.06122890463595575,0.026664928358886803,0.03456397627706895,0.5645042399920996
13,28,0.08351409639409543,0.010749963618263494,0.07276413277583194,0.8712796511916336
13,29,0.09587512956964409,0.058719509540131345,0.03715562002951274,0.3875417972971056
13,30,0.11971321294626866,0.032596732556018485,0.08711648039025018,0.7277098178740804
13,31,0.11302880694520522,0.06031535086853728,0.052713456076667935,0.46637187015715986
13,32,0.10342932177640599,0.00380874937586749,0.0996205724005385,0.9631753422486782
13,33,0.113823613032688,0.05798735124734965,0.05583626178533835,0.490550776747029
13,34,0.10124589933688659,0.039463152632299714,0.061782746704586874,0.6102246817820282
13,35,0.13707414829987336,0.06539585057509877,0.07167829772477459,0.5229162363129621
13,36,0.07001192910792775,0.028478654076379124,0.041533275031548626,0.5932314044299865
13,37,0.06715034251044721,0.012219205210702876,0.05493113729974434,0.8180321238301679
13,38,0.11864419243712356,0.02631978884693665,0.0923244035901869,0.7781620127686819
14,0,0.13539267950426206,0.027198701419116074,0.108193978085146,0.7991124666510506
14,1,0.09672166415933502,0.02327019970995205,0.07345146444938297,0.7594106768922241
14,2,0.10708083817614522,0.06404443939121986,0.043036398784925364,0.401905695901741
14,3,0.09233442562302287,0.021356259299185533,0.07097816632383733,0.7687075090889988
14,4,0.09783050943506763,0.026823885807060042,0.07100662362800758,0.7258126737563021
14,5,0.11216342246232973,0.010968336554403144,0.10119508590792659,0.9022111102388403
14,6,0.10355652913418412,0.011527114302507434,0.09202941483167668,0.8886877109644038
14,7,0.06914074857896509,0.043578218909382925,0.02556252966958216,0.3697172824269816
14,8,0.10157806465725354,0.025197138600028916,0.07638092605722463,0.7519431120778927
14,9,0.10835307929040844,0.014707999993950362,0.09364507929645807,0.8642585878475136
14,10,0.07479681367544652,0.012914147686653533,0.06188266598879299,0.8273436119526459
14,11,0.12362642288420095,0.024859948370238322,0.09876647451396263,0.7989107199718601
14,12,0.06866350726425331,0.01848525910301901,0.0501782481612343,0.7307848107455681
14,13,0.09520395961495264,0.04290153517163679,0.05230242444331584,0.5493723649189616
14,14,0.10146075106137521,0.048767012945602616,0.0526937381157726,0.5193509565476933
14,15,0.12435324437792152,0.007630143961219346,0.11672310041670217,0.9386413760301211
14,16,0.0939881886945531,0.03142868589804807,0.06255950279650502,0.665610260878775
14,17,0.1269668850635412,0.06122377132121261,0.0657431137423286,0.5177973273064637
14,18,0.06414013117962189,0.00670899557566613,0.05743113560395576,0.8954009689054446
14,19,0.12373333925185671,0.040046209091810614,0.0836871301600461,0.6763506963123547
14,20,0.1050929370680057,0.043460872885666135,0.06163206418233956,0.5864529615578011
14,21,0.09384889925981497,0.02148547272485223,0.07236342653496275,0.7710631355902108
14,22,0.11567577879108007,0.025006944509448802,0.09066883428163126,0.7838186630702232
14,23,0.08742799410382976,0.041332858567038055,0.046095135536791704,0.5272354239541281
14,24,0.10789307580596576,0.0007387967868864465,0.10715427901907931,0.9931525097290294
14,25,0.09896818077531475,0.023616123358020068,0.07535205741729467,0.7613766043488742
14,26,0.08728764252922623,0.019756595416506175,0.06753104711272005,0.7736610264174434
14,27,0.07480642137361407,0.023776520705255842,0.051029900668358226,0.6821593618747499
14,28,0.07611784818087552,0.01779420407758823,0.058323644103287296,0.7662282302659865
14,29,0.1018868469457719,0.058365573230417904,0.04352127371535399,0.4271530135633473
14,30,0.11747667569802386,0.035136305693166454,0.08234037000485742,0.700908240002594
14,31,0.10101762629076586,0.013527713996917375,0.08748991229384848,0.8660856080900213
14,32,0.0995912232882895,0.003436198985666593,0.0961550243026229,0.9654969697910053
14,33,0.11236614622940744,0.008288537416225428,0.10407760881318201,0.9262363470283701
14,34,0.10894961041690994,0.01004716521145389,0.09890244520545605,0.9077815407232105
14,35,0.08893980211892455,0.05326589204476581,0.03567391007415874,0.40110174774684
14,36,0.07693324595414286,0.05497241491735117,0.021960831036791688,0.28545306732386866
14,37,0.10041485337077155,0.03884216078478549,0.061572692585986064,0.613183115038123
14,38,0.09052266119255695,0.024197675712135696,0.06632498548042125,0.7326893023983998
15,0,0.11672618920898994,0.016050173038477993,0.10067601617051194,0.8624972412168678
15,1,0.09894629519887918,0.04207204425069847,0.05687425094818071,0.5747991962090659
15,2,0.14162318778489125,0.002391545216319584,0.13923164256857165,0.9831133216691036
15,3,0.11533690689041964,0.018272376626165942,0.0970645302642537,0.8415738975597262
15,4,0.0903854815058251,0.017623721329906243,0.07276176017591884,0.805016015445241
15,5,0.10231588317381968,0.03910612835693246,0.06320975481688722,0.6177902477712391
15,6,0.08211617395169825,0.012464793847373047,0.0696513801043252,0.8482053748058818
15,7,0.06654347507220551,0.008139406517069243,0.05840406855513627,0.8776828756202276
15,8,0.11309983153263092,0.0888053851891476,0.024294446343483322,0.21480532741973207
15,9,0.10392767018407692,0.0009674489506623432,0.10296022123341458,0.990691132121515
15,10,0.13713889992514117,0.004199888895153096,0.13293901102998806,0.969374926461816
15,11,0.09594914028604547,0.018910222197864215,0.07703891808818125,0.8029141048946484
15,12,0.09741323012154908,0.030759551364672746,0.06665367875687633,0.6842364088913593
15,13,0.08871789335113925,0.01289298778649549,0.07582490556464376,0.8546743244289409
15,14,0.09470287832692612,0.04278616351106303,0.05191671481586309,0.5482063030506859
15,15,0.09250653312010107,0.03286848363990456,0.05963804948019651,0.6446901366714126
15,16,0.07823005045219084,0.012253475086549795,0.06597657536564104,0.8433661359577119
15,17,0.07783768405725296,0.010828603821649973,0.06700908023560298,0.8608822454984005
15,18,0.06475939767138575,0.0036834856561035086,0.061075912015282244,0.9431204460116362
15,19,0.098478717993679,0.025581712180554505,0.07289700581312449,0.7402310600530309
15,20,0.13900403790749197,6.365174894235048e-05,0.13894038615854962,0.9995420870508473
15,21,0.09644958037847223,0.014953360686971876,0.08149621969150035,0.844961889639185
15,22,0.1297727015593254,0.006711276971487186,0.12306142458783823,0.9482843703579744
15,23,0.12549847713775109,0.0461901234674255,0.07930835367032558,0.6319467413399307
15,24,0.09892183409881933,0.04148551158127278,0.057436322517546545,0.5806233076933222
15,25,0.10774922140130619,0.020845734569560945,0.08690348683174524,0.8065347081078004
15,26,0.1326974226337767,0.01953661690938945,0.11316080572438726,0.8527731999489747
15,27,0.0996211692467856,0.019409100554093353,0.08021206869269225,0.8051709219953809
15,28,0.08437263213614082,0.0028822299443516906,0.08149040219178913,0.9658392790247313
15,29,0.0834938228302799,0.0059510646797763635,0.07754275815050353,0.9287244914887506
15,30,0.09636369964542937,0.013691971884897819,0.08267172776053155,0.8579135926155027
15,31,0.12137499240644065,0.006451862331255765,0.11492313007518488,0.9468435614014226
15,32,0.0694637059621223,0.012860662789591693,0.05660304317253061,0.8148578079521923
15,33,0.09465706693673338,0.004518596624150793,0.0901384703125826,0.9522635047716943
15,34,0.09773206196437609,0.03281442282330683,0.06491763914106927,0.6642409649018981
15,35,0.08895624664584208,0.005643022273901312,0.08331322437194076,0.9365640695659333
15,36,0.1536607760290517,0.00039431530194920534,0.1532664607271025,0.9974338584501575
15,37,0.0818475523197064,0.014422123021839837,0.06742542929786657,0.8237928610802522
15,38,0.10928261043376433,0.06207873897722545,0.047203871456538884,0.43194311765776244
16,0,0.12978187374850889,0.010388307235564458,0.11939356651294443,0.9199556383683063
16,1,0.12635017916645452,0.05955744191647446,0.06679273724998006,0.5286319156064423
16,2,0.11870686967843072,0.0011697986587413407,0.11753707101968938,0.9901454847397606
16,3,0.12888456940332566,0.023407951348248045,0.1054766180550776,0.818380497707245
16,4,0.08973265011144489,0.034098113110297534,0.05563453700114736,0.6200032756421565
16,5,0.0870383372306844,0.02509242834295007,0.061945908887734324,0.711708321398125
16,6,0.10429690912543269,0.04840616302854483,0.05589074609688786,0.5358811355537952
16,7,0.10815449290743452,0.05811604551507349,0.05003844739236103,0.46265713099119343
16,8,0.11524222256453771,0.03636310922462239,0.07887911333991532,0.6844636591049916
16,9,0.07647638778204054,0.015953624283848666,0.06052276349819187,0.7913915033576525
16,10,0.08196007970411948,0.0296206115849933,0.05233946811912618,0.6385970866313774
16,11,0.10332285374304706,0.0005293426977195231,0.10279351104532754,0.9948768091613502
16,12,0.09615584512200077,0.027686828573582865,0.06846901654841792,0.7120629688350789
16,13,0.09341483796933331,0.012219582543981988,0.08119525542535132,0.8691901328566936
16,14,0.10822600839280572,0.010628716461832988,0.09759729193097273,0.9017914767469192
16,15,0.10440153501766405,0.005710219717117207,0.09869131530054685,0.945305213030143
16,16,0.07924718334117631,0.0295051568188417,0.04974202652233461,0.6276819493783696
16,17,0.07492349471337147,0.01756371284263995,0.05735978187073151,0.7655780351699827
16,18,0.1078055877589882,0.0032830542693954557,0.10452253348959274,0.9695465296591573
16,19,0.11683673336273709,0.009813426480916557,0.10702330688182053,0.9160073531801911
16,20,0.07833069084566993,0.0019334914116876161,0.07639719943398232,0.975316298237468
16,21,0.15242050417129258,0.015476107593216435,0.13694439657807614,0.8984643983605766
16,22,0.09718748673094893,0.012704311011368102,0.08448317571958083,0.8692803833219975
16,23,0.09123593876968344,0.03799918976496994,0.05323674900471351,0.5835063432525716
16,24,0.09671552883592807,0.0354591494203838,0.06125637941554427,0.6333665353726384
16,25,0.10224918366316851,0.006099515459843742,0.09614966820332477,0.9403465608103346
16,26,0.09808977102757029,0.019195645978085325,0.07889412504948495,0.8043053238172003
16,27,0.10461893035332046,0.003653270949119273,0.10096565940420119,0.9650802112315487
16,28,0.1092458177719041,0.031538096765378346,0.07770772100652576,0.7113107173473021
16,29,0.1083707523584401,0.048246545084513606,0.06012420727392649,0.5548010507029013
16,30,0.06969742365689219,0.0011489881864216508,0.06854843547047054,0.9835146247000763
16,31,0.09208196445473867,0.03486051236242386,0.05722145209231481,0.6214186722790981
16,32,0.0877497366924321,0.0031760898550964277,0.08457364683733568,0.9638051352082251
16,33,0.11586521522252119,0.043372959772287396,0.0724922554502338,0.6256602148540539
16,34,0.14053913249368555,0.02594872087751532,0.11459041161617023,0.8153630208391872
16,35,0.07302900650573385,0.03496748308045264,0.03806152342528121,0.5211836398499112
16,36,0.1081532191872504,0.028700562796445603,0.0794526563908048,0.7346305268384563
16,37,0.10164782766006608,0.0026063563491219716,0.09904147131094411,0.9743589567124028
16,38,0.10690991778573275,0.015521304792187334,0.09138861299354542,0.8548188501716474
17,0,0.12800520338426874,0.026406192002924322,0.10159901138134442,0.7937100109621831
17,1,0.08507875070057595,0.0009115523297781522,0.08416719837079781,0.9892857814404652
17,2,0.09193899215336332,0.024877844012703765,0.06706114814065955,0.7294092155023294
17,3,0.10379883595309691,0.03336255522984076,0.07043628072325615,0.6785844954473658
17,4,0.09773420016523979,0.04116870303476778,0.05656549713047201,0.5787687118207996
17,5,0.09483575265133103,0.05541419701804262,0.039421555633288405,0.41568242494182517
17,6,0.08337802800019377,0.010320027563705897,0.07305800043648787,0.8762260536591018
17,7,0.11343303008107183,0.008011342240201048,0.10542168784087079,0.9293738143601097
17,8,0.1274231355122417,0.04720177660118526,0.08022135891105642,0.6295666684748114
17,9,0.1493899994633926,0.019714038731644755,0.12967596073174784,0.8680364227695468
17,10,0.0941892862460912,0.033601805940219595,0.060587480305871605,0.643252356192326
17,11,0.1029223443000111,0.018043950075348276,0.08487839422466283,0.8246838410253124
17,12,0.07903431691902053,0.054296395329735014,0.02473792158928552,0.3130022824722111
17,13,0.09718272887165791,0.03024538363854247,0.06693734523311544,0.6887782017472948
17,14,0.06754602239481006,0.03484516185895115,0.032700860535858904,0.4841271088432218
17,15,0.10329237534877726,0.004759624903059489,0.09853275044571777,0.9539208495594362
17,16,0.09299741347984071,0.012371944550413221,0.08062546892942749,0.8669646381821671
17,17,0.07797531998316326,0.012119218118275418,0.06585610186488784,0.8445762310319183
17,18,0.08635111486299271,0.007146023429956579,0.07920509143303614,0.9172445724494157
17,19,0.08648644777148781,0.051112470997309555,0.03537397677417826,0.409011789542362
17,20,0.07022482314124714,0.04189953043774154,0.028325292703505603,0.4033515705199192
17,21,0.09420753836515082,0.017394671177966524,0.0768128671871843,0.8153579694382382
17,22,0.15076658270983823,0.015699872709901495,0.13506670999993672,0.8958663622421084
17,23,0.058386605637505674,0.0035848613837556713,0.05480174425375001,0.9386013051347368
17,24,0.07148057554188272,0.043512399614035434,0.02796817592784729,0.39126959619204316
17,25,0.10912065949700434,0.007600811718922341,0.101519847778082,0.9303448883652412
17,26,0.07937235215493432,0.0028444712054268026,0.07652788094950752,0.9641629468171182
17,27,0.10358578043750809,0.004145689533700925,0.09944009090380716,0.9599781985887342
17,28,0.08649891379775057,0.018806566861527128,0.06769234693622345,0.7825803118695787
17,29,0.11108888937985095,0.08560530091092583,0.025483588468925122,0.22939817484166222
17,30,0.12785375883738334,0.020448823568730668,0.10740493526865268,0.8400608339193263
17,31,0.10069838926207081,0.016808604406982175,0.08388978485508863,0.833079709316529
17,32,0.10006173488195746,0.032830465133212354,0.0672312697487451,0.6718979021107083
17,33,0.09498537606245518,0.04119355353991924,0.053791822522535934,0.5663168874245075
17,34,0.09034084617629531,0.04921976093936663,0.04112108523692869,0.4551771095511226
17,35,0.09357653878549074,0.011096165253785787,0.08248037353170495,0.8814215037465537
17,36,0.13383227012551932,0.051293538595862824,0.08253873152965649,0.6167326568715051
17,37,0.08583793080337604,0.00876484048295944,0.07707309032041659,0.8978908228457119
17,38,0.10812009627974611,0.024575535948067172,0.08354456033167894,0.772701497744866
18,0,0.11450495484622868,0.010477085557704973,0.1040278692885237,0.9085010288701053
18,1,0.0910264157771594,0.004337975597444879,0.08668844017971453,0.9523437722950158
18,2,0.11326998439653949,0.021830112876072377,0.0914398715204671,0.8072736304116652
18,3,0.07872573302767269,0.029725990887199995,0.048999742140472695,0.6224107449497982
18,4,0.08990400219811849,0.006516954092548493,0.08338704810557,0.927512080294409
18,5,0.10513200230256116,0.02344107675931678,0.08169092554324438,0.7770319574827909
18,6,0.07479673318977073,0.018195084580450695,0.056601648609320036,0.7567395820043773
18,7,0.09856397402809952,0.05580465633728686,0.04275931769081266,0.43382298768333394
18,8,0.12692718540830036,0.036797538905449276,0.09012964650285109,0.7100893808755101
18,9,0.12621097064957354,0.026615298196206935,0.0995956724533666,0.7891205648825516
18,10,0.09071100549131815,0.009806895067403993,0.08090411042391416,0.8918885860179049
18,11,0.09273446585309579,0.01890131836136584,0.07383314749172995,0.7961780640295255
18,12,0.12097516675655703,0.06405391436349797,0.05692125239305906,0.47052013995239106
18,13,0.07555444546931843,0.004997158111667722,0.07055728735765071,0.9338601708923006
18,14,0.10158899461474508,0.01056464678243744,0.09102434783230763,0.896005991372376
18,15,0.11121935901235541,0.036252842403293614,0.0749665166090618,0.6740419768174867
18,16,0.10916315680629188,0.06191492611541597,0.04724823069087591,0.43282213590357294
18,17,0.11059748972262871,0.024036024735748514,0.0865614649868802,0.7826711546886886
18,18,0.0929950083792713,0.01883179277959869,0.07416321559967261,0.7974967354936405
18,19,0.084097199532214,0.005924437090994664,0.07817276244121935,0.9295525044359502
18,20,0.09801879470247635,0.007036013743614976,0.09098278095886136,0.9282177079919018
18,21,0.11283955760308804,0.011474340586571307,0.10136521701651674,0.8983127829432638
18,22,0.11528290938307541,0.06552683280374337,0.04975607657933204,0.4315997648358854
18,23,0.1161314380891166,0.013255154564498998,0.10287628352461761,0.8858607558590009
18,24,0.1066840074252607,0.033650689380506416,0.07303331804475428,0.684576065404358
18,25,0.08299342460048606,0.019836048040303707,0.06315737656018236,0.7609925348207943
18,26,0.12742997447266255,0.027741800895620547,0.099688173577042,0.7822976814487869
18,27,0.10098841044848117,0.036627214161456645,0.06436119628702452,0.6373126975778882
18,28,0.10340614239377155,0.007219334718562223,0.09618680767520933,0.9301846626182908
18,29,0.13429161352853547,0.00599507794955987,0.1282965355789756,0.9553577636604539
18,30,0.0754523873658366,0.0015312896423993454,0.07392109772343726,0.9797052194654257
18,31,0.09303821738492332,0.019683907631211008,0.07335430975371232,0.7884320208998249
18,32,0.0749685952162914,0.027978374228239768,0.04699022098805163,0.6267987395586172
18,33,0.1252083025266437,0.028227081322385796,0.0969812212042579,0.7745590288121731
18,34,0.0824473683372228,0.02857003204708006,0.05387733629014274,0.6534755126419063
18,35,0.10182717867149282,0.03520956939511938,0.06661760927637345,0.6542222827491878
18,36,0.12115361976756817,0.03322630829507386,0.0879273114724943,0.7257505936775298
18,37,0.11321502440087258,0.005366873167909524,0.10784815123296305,0.9525957513473966
18,38,0.08793087214535436,0.019970272399206276,0.06796059974614808,0.7728866789107429
19,0,0.07947632409509449,0.030447924220060256,0.04902839987503423,0.6168931494160588
19,1,0.09523997141014846,0.023118366294578082,0.07212160511557038,0.7572619357998394
19,2,0.0837532895231021,0.014467119313462014,0.06928617020964009,0.8272650615177155
19,3,0.08617756316285584,0.0322342796387098,0.05394328352414604,0.6259550809322098
19,4,0.10429264947351065,0.007380722254800201,0.09691192721871045,0.9292306572701
19,5,0.10103658143116254,0.021744895402620992,0.07929168602854154,0.7847819562517953
19,6,0.09248103940926339,0.020449452293293872,0.07203158711596952,0.7788795149371391
19,7,0.10816814071231466,0.013579731733940238,0.09458840897837442,0.8744571955798236
19,8,0.09426531333088217,0.008975417503323868,0.0852898958275583,0.9047855760918216
19,9,0.11000812242757918,0.005752908133962149,0.10425521429361703,0.94770469664411
19,10,0.08863854424966783,0.014770509456895451,0.07386803479277237,0.8333624544273717
19,11,0.0813846046458816,0.022890847062535254,0.058493757583346344,0.7187324658989589
19,12,0.07708589771016244,0.03259726799584435,0.04448862971431809,0.57713059114382
19,13,0.10205737331392845,0.03449093882707284,0.0675664344868556,0.6620436357794677
19,14,0.08496735875181174,0.010819926971237077,0.07414743178057467,0.8726578402555516
19,15,0.09214696985188252,0.017617951423891172,0.07452901842799134,0.8088059601719909
19,16,0.10267524117600323,0.00876183991659305,0.09391340125941018,0.9146645304531232
19,17,0.11464146725977364,0.012399840042220438,0.1022416272175532,0.8918380901901506
19,18,0.08563812602822515,0.010023654911397678,0.07561447111682748,0.8829533599544902
19,19,0.1184774043272768,0.057482782734894655,0.06099462159238214,0.5148207114994963
19,20,0.08851189605953824,0.05287265543929235,0.03563924062024589,0.4026491602470347
19,21,0.10458962063066193,0.02815862547722608,0.07643099515343585,0.7307703641390685
19,22,0.11636637725808807,0.023430232177993136,0.09293614508009493,0.7986511849034587
19,23,0.06963071893130984,0.01706877952988014,0.052561939401429704,0.7548671076235999
19,24,0.10579591013967479,0.018415830176388925,0.08738007996328587,0.8259306040084553
19,25,0.06694759828651367,0.01790448010221879,0.04904311818429488,0.7325597846603322
19,26,0.10756073281086881,0.01182722821359811,0.0957335045972707,0.8900413942475205
19,27,0.07780507417749374,0.021253996915372553,0.05655107726212119,0.7268301953303634
19,28,0.12428961700649026,0.04725961198630357,0.0770300050201867,0.6197621883102615
19,29,0.10751196567483189,0.06123768504505055,0.04627428062978134,0.4304105160697844
19,30,0.11847148413745241,0.0030372665898047383,0.11543421754764767,0.9743628889946135
19,31,0.10316568050746407,6.263301298398659e-05,0.10310304749448009,0.9993928890627591
19,32,0.1197411605178473,0.06358389918508783,0.05615726133275947,0.46898878455741444
19,33,0.09727345471135736,0.015436194299641935,0.08183726041171542,0.8413113387876862
19,34,0.06852733221832125,0.01657888370739556,0.051948448510925685,0.7580690336145454
19,35,0.12846428312606126,0.0059239211814015955,0.12254036194465966,0.953886628740313
19,36,0.1046174569236594,0.030348704301746778,0.07426875262191263,0.7099078376193699
19,37,0.11204835208292635,0.00357711610365722,0.10847123597926914,0.9680752457563159
19,38,0.0993357548125149,0.01118780947682977,0.08814794533568512,0.8873737910589645
20,0,0.09479592470727868,0.019719919212896623,0.07507600549438206,0.7919750319036397
20,1,0.11435364465904403,0.015371586464202398,0.09898205819484163,0.8655785173263676
20,2,0.11066481095234317,0.011304157921396076,0.09936065303094709,0.8978522818218692
20,3,0.1375000477819754,0.005739207598504773,0.13176084018347062,0.9582603228792688
20,4,0.12056912861798275,0.011581865669663311,0.10898726294831944,0.9039400400216886
20,5,0.08261041544705229,0.023045116068258965,0.059565299378793325,0.7210386130665408
20,6,0.10729474348573131,0.019473964541297576,0.08782077894443374,0.818500292664502
20,7,0.11218652678278614,0.02253188167906132,0.08965464510372481,0.7991569725419237
20,8,0.10223083191289892,0.05326948128110278,0.04896135063179614,0.4789293965005724
20,9,0.057475368662949736,0.03902249316747236,0.018452875495477375,0.3210571054130989
20,10,0.10550526700844308,0.03838555918790557,0.0671197078205375,0.636174000821838
20,11,0.1391378054290317,0.07081763982512655,0.06832016560390515,0.4910251774723612
20,12,0.13062122656452307,0.03150202717083855,0.09911919939368452,0.7588291887974465
20,13,0.08083511642700325,0.01707748759846925,0.063757628828534,0.7887367724163449
20,14,0.1128618699758195,0.06531526712809521,0.04754660284772429,0.4212813668417073
20,15,0.1050828320859298,0.01438225557415728,0.09070057651177252,0.8631341077446749
20,16,0.060772029182699146,0.03556843348781075,0.0252035956948884,0.41472361600957486
20,17,0.06490493566545164,0.002364508202509212,0.06254042746294242,0.9635696703453043
20,18,0.07221461402463517,0.024128050000811238,0.04808656402382393,0.665884110485168
20,19,0.11622060550900869,0.00568209007589909,0.1105385154331096,0.9511094435361667
20,20,0.08604881908558297,0.008310130676128923,0.07773868840945405,0.9034253954390266
20,21,0.09402898101985557,0.01248399024402755,0.08154499077582802,0.8672325265186978
20,22,0.08924186453842109,0.008988602230231294,0.0802532623081898,0.8992781888105728
20,23,0.1482068172702988,0.004859100969279717,0.14334771630101908,0.9672140522360877
20,24,0.06059625318535497,0.02203784993623125,0.03855840324912372,0.6363166239202822
20,25,0.06955348166931714,0.00848318657070642,0.06107029509861073,0.8780336171949147
20,26,0.09675185543685583,0.013510856781878917,0.08324099865497692,0.8603555795299798
20,27,0.07553803820781255,0.033046755708805414,0.04249128249900713,0.5625150388749764
20,28,0.09648217065990933,0.03512672290890819,0.06135544775100114,0.6359252422633958
20,29,0.10327752062087767,0.023879144473619406,0.07939837614725825,0.7687866214248349
20,30,0.10974991954634927,0.033395869747666805,0.07635404979868246,0.6957093919912792
20,31,0.10654705400721455,0.055612989438984746,0.050934064568229805,0.4780429176838708
20,32,0.10393888385504456,0.00425041556119939,0.09968846829384517,0.9591065883762316
20,33,0.10280999524462277,0.007604302876447103,0.09520569236817567,0.9260353737167901
20,34,0.1117187186062582,0.07719793976962684,0.03452077883663136,0.30899726802539246
20,35,0.07117257618327893,0.006262873616791665,0.06490970256648727,0.912004398988398
20,36,0.11323299389284286,0.034769633521471915,0.07846336037137094,0.6929372586017122
20,37,0.09165980684498437,0.039828826510187515,0.051830980334796856,0.5654711930874318
20,38,0.07049753136334042,0.006548715557464963,0.06394881580587546,0.9071071648776857
21,0,0.10700735378141998,0.013694063670276722,0.09331329011114325,0.8720268917382156
21,1,0.062236855163183225,0.02644691962453781,0.035789935538645415,0.5750601543860988
21,2,0.06597999537227237,0.009810104475487086,0.05616989089678528,0.8513169875181635
21,3,0.13906971798542955,0.007651721674166501,0.13141799631126305,0.944979239298032
21,4,0.09115010060371032,0.006347900444907333,0.08480220015880298,0.9303577242058585
21,5,0.08653026635562303,0.020624835209094337,0.06590543114652869,0.7616459988193014
21,6,0.10637592528237585,0.04272130519729085,0.063654620085085,0.598393103666203
21,7,0.11681383186253402,0.053300683235286445,0.06351314862724758,0.5437125690901875
21,8,0.10671602488295347,0.02839211422014793,0.07832391066280553,0.7339470407439884
21,9,0.08476985121970762,0.005545506764787496,0.07922434445492013,0.9345816149846179
21,10,0.12107616350202918,0.05653465215612055,0.06454151134590863,0.5330653819802189
21,11,0.12821198875632966,0.0021513469591114276,0.12606064179721824,0.983220391634357
21,12,0.10362283965906735,1.5233756493647152e-05,0.1036076059025737,0.9998529884285765
21,13,0.1087763755512597,0.029554385242115296,0.0792219903091444,0.7283014340904554
21,14,0.06975892849983746,0.014276881092491086,0.05548204740734637,0.7953397307052336
21,15,0.0984296499709274,0.00043565448380447624,0.09799399548712293,0.9955739506954139
21,16,0.08050971239773685,0.0632458903021099,0.01726382209562695,0.2144315459772061
21,17,0.0768316371916852,0.03261721251792471,0.044214424673760494,0.5754715933418301
21,18,0.08428316684895608,0.02946784613954463,0.05481532070941145,0.6503709193515002
21,19,0.08926345658617321,0.0746798330010752,0.014583623585098016,0.16337731186803492
21,20,0.10654019141930941,0.01810649792993095,0.08843369348937846,0.8300500713512955
21,21,0.10363371343308272,0.0019408032974745429,0.10169291013560819,0.9812724717354866
21,22,0.12975937603954302,0.00271702954180909,0.12704234649773394,0.9790610156681002
21,23,0.09690640085714988,0.0021404968824876944,0.09476590397466218,0.9779117079619641
21,24,0.0886211811639012,0.012364402746725827,0.07625677841717537,0.8604802758850801
21,25,0.06439340076343264,0.005085558116335382,0.05930784264709726,0.9210236133510231
21,26,0.10304436874427629,0.021033396886812977,0.08201097185746331,0.7958801908039123
21,27,0.0929167418248685,0.021199099007835728,0.07171764281703277,0.7718484463457377
21,28,0.07931637635834393,0.009475272152256374,0.06984110420608755,0.8805382622442559
21,29,0.07134629732187034,0.008723306623743755,0.06262299069812659,0.8777328754092228
21,30,0.09514835669796981,0.029274893005660406,0.0658734636923094,0.6923237140228502
21,31,0.09740155959253041,0.05138050240508308,0.04602105718744733,0.4724878880787102
21,32,0.11704266937789849,0.02793530086276086,0.08910736851513763,0.7613237889118414
21,33,0.11679788888510842,0.04279779993635343,0.07400008894875498,0.6335738569859536
21,34,0.11208361019124452,0.020206790612876366,0.09187681957836816,0.8197168115980723
21,35,0.09944094459836839,0.04236086624026675,0.05708007835810164,0.5740098164658645
21,36,0.08225316806646238,0.040891556696478974,0.041361611369983405,0.5028573651602368
21,37,0.09752475938059747,0.010396237855787444,0.08712852152481003,0.8933989899404379
21,38,0.11721858735558191,0.046918141031546304,0.0703004463240356,0.5997380441958373
22,0,0.08469502414951535,0.008364467936053025,0.07633055621346232,0.901240149347063
22,1,0.08364686522546261,0.002380010814556275,0.08126685441090634,0.9715469215954338
22,2,0.12688140445286067,0.08158428598657788,0.04529711846628279,0.3570036023924349
22,3,0.0769998951922721,0.023715004684378586,0.05328489050789351,0.6920125069630136
22,4,0.10532441537362558,0.009287627699295501,0.09603678767433008,0.9118188535265184
22,5,0.11664978150628416,0.010325288160987612,0.10632449334529655,0.9114847192368606
22,6,0.10017755716976864,0.013644642793556748,0.0865329143762119,0.8637954130740733
22,7,0.09768527470960937,0.02104107660190272,0.07664419810770665,0.7846033942735803
22,8,0.07271176665353164,0.005381028069690671,0.06733073858384098,0.9259950855639222
22,9,0.09141796855706168,0.02125789139896073,0.07016007715810095,0.7674648459761838
22,10,0.10832388286060142,0.024029148759141326,0.0842947341014601,0.7781731218953472
22,11,0.06776598651875843,0.05880026459361878,0.008965721925139648,0.13230416003252354
22,12,0.09401615084659577,0.006567884709418083,0.08744826613717768,0.9301408890889952
22,13,0.10545273968167201,0.014676258570809363,0.09077648111086264,0.8608261993466241
22,14,0.090903742252196,0.028411986976034947,0.06249175527616105,0.6874497542993222
22,15,0.12079842036941782,0.009078207552761394,0.11172021281665642,0.9248482925107877
22,16,0.09743726398494229,0.01475013718880238,0.0826871267961399,0.8486191361953489
22,17,0.13651136308426634,0.014470822982641997,0.12204054010162435,0.8939954692730643
22,18,0.08187198290431169,0.004760425402590812,0.07711155750172088,0.941855257027858
22,19,0.10476280983693598,0.02131800605231942,0.08344480378461655,0.7965117002350257
22,20,0.08312882310802172,0.047915807855347235,0.035213015252674486,0.4235957389522638
22,21,0.11390893241031172,0.00608412469162152,0.1078248077186902,0.9465878174531047
22,22,0.129509318409427,0.05575308053495021,0.0737562378744768,0.5695052586201247
22,23,0.1013407928897393,0.009318838220524706,0.09202195466921459,0.9080445499310058
22,24,0.13814912067434287,0.038814026806256244,0.09933509386808663,0.7190425344960968
22,25,0.09417578297746493,0.007958788355919046,0.08621699462154589,0.9154900750034276
22,26,0.1009625014933975,0.02277032641524636,0.07819217507815114,0.7744674896279641
22,27,0.09980937264873228,0.03629667278848809,0.06351269986024419,0.6363400367595726
22,28,0.09939037611473714,0.013169477201433539,0.0862208989133036,0.8674974608584781
22,29,0.07465940610478161,0.004300568667836676,0.07035883743694493,0.9423974969503375
22,30,0.11467112787602657,0.015472981968937559,0.099198145907089,0.865066453469737
22,31,0.12490170902625199,0.0449502357057461,0.0799514733205059,0.6401151268770998
22,32,0.09851518286297281,0.03001223510085125,0.06850294776212157,0.6953542161861893
22,33,0.10495393201411285,0.0028845472260640706,0.10206938478804878,0.9725160632793044
22,34,0.07740759993332678,0.010698058888273486,0.0667095410450533,0.8617957552296157
22,35,0.10304933354966,0.024816372801815964,0.07823296074784404,0.7591796865929576
22,36,0.10684634764137156,0.03921431087727127,0.06763203676410029,0.6329840772012758
22,37,0.08810991232641005,0.016402639990427466,0.07170727233598259,0.8138388796749383
22,38,0.08752087589985016,0.008944018174720202,0.07857685772512996,0.8978070308053725
23,0,0.09056000591295785,0.03594161744023007,0.05461838847272778,0.6031182078899651
23,1,0.112809821650335,0.034076208945060554,0.07873361270527444,0.6979322505208538
23,2,0.12548763231525906,0.024450805017827745,0.10103682729743131,0.8051536668059791
23,3,0.08922555040733449,0.0252754622183553,0.06395008818897918,0.7167239417076476
23,4,0.12167022802819671,0.057649080629297474,0.06402114739889925,0.5261858092684969
23,5,0.07312057304719705,0.022851554587962432,0.050269018459234614,0.6874811884582405
23,6,0.0820552860566863,0.010726902692920865,0.07132838336376543,0.8692722527892914
23,7,0.08768183524863238,0.010662621699604089,0.07701921354902828,0.8783941774328862
23,8,0.12409653132403745,0.016337665252896053,0.1077588660711414,0.8683471239801571
23,9,0.09058989020495692,0.004686383834306559,0.08590350637065036,0.9482681365028288
23,10,0.08242803515175888,0.032966123416756206,0.049461911735002674,0.6000617586472609
23,11,0.09709707478008645,0.01955716644930376,0.07753990833078268,0.7985813013049212
23,12,0.09679510044781939,0.023512767048449887,0.0732823333993695,0.7570872188812364
23,13,0.113753268050455,0.04089591972324914,0.07285734832720586,0.6404857598894667
23,14,0.0984202610375349,0.05310808864237254,0.04531217239516236,0.46039475934616236
23,15,0.08950057308846401,0.012325009301414133,0.07717556378704989,0.8622912806465288
23,16,0.1139931433191479,0.011973289143467231,0.10201985417568066,0.8949648303850567
23,17,0.07550016856568567,0.042790141025857854,0.03271002753982782,0.43324443059183193
23,18,0.09690627378332999,0.037538582910181084,0.0593676908731489,0.6126300037692859
23,19,0.15010748936771665,0.008296697600122215,0.14181079176759442,0.9447282901401549
23,20,0.07841490888017984,0.005482497098284059,0.07293241178189577,0.9300834856970698
23,21,0.10374863179713771,0.033952599170482295,0.06979603262665542,0.6727417163739503
23,22,0.10366987206135624,0.004847432678479691,0.09882243938287655,0.9532416450209298
23,23,0.058976698308558256,0.011542714280838228,0.047433984027720026,0.8042834778500437
23,24,0.09462986045270214,0.0061163222127471085,0.08851353823995503,0.9353658329042537
23,25,0.07108792747947229,0.011923083472136758,0.05916484400733553,0.832276957637009
23,26,0.11295300333159786,0.023827385076400254,0.0891256182551976,0.789050451306285
23,27,0.0810000421565093,0.0349653282929921,0.0460347138635172,0.568329504996656
23,28,0.11465347194440859,0.018581407554383297,0.09607206439002529,0.8379341921421031
23,29,0.0820763990036957,0.04476400913391125,0.037312389869784454,0.45460559092150676
23,30,0.11517822052761417,0.04262710442065379,0.07255111610696038,0.6299030821505541
23,31,0.0881498921962899,0.011272641177991082,0.07687725101829881,0.8721196260468538
23,32,0.07594861151376217,0.013623580720298976,0.062325030793463194,0.8206210693156605
23,33,0.08602276864677469,0.007149804850479422,0.07887296379629527,0.916884739203898
23,34,0.07725694526845436,0.046269022931218935,0.030987922337235428,0.4011020915926435
23,35,0.08965338061787745,0.06562871641187093,0.02402466420600652,0.2679727639987716
23,36,0.08535430467833711,0.029961527742931954,0.05539277693540516,0.6489746140415086
23,37,0.08956161916945093,0.003090847746183324,0.08647077142326762,0.9654891484226583
23,38,0.1128734736801173,0.005153751190849657,0.10771972248926764,0.9543404573030564
24,0,0.11513330361175371,0.03529545794108707,0.07983784567066664,0.6934383290163505
24,1,0.11868072492445048,0.01212346955593535,0.10655725536851512,0.8978480324951429
24,2,0.08936122272506805,0.020111040594094343,0.06925018213097371,0.7749466717127552
24,3,0.07720956560649708,0.02155195029345828,0.055657615313038804,0.7208642462347346
24,4,0.12456193794608225,0.022316592044681782,0.10224534590140047,0.8208393959449979
24,5,0.0984868231625671,0.005897525808316564,0.09258929735425053,0.9401186309098241
24,6,0.09679732922852377,0.01911497755699322,0.07768235167153055,0.8025257751495842
24,7,0.08020647488904306,0.02307568384647589,0.05713079104256717,0.7122964962816457
24,8,0.073164544364431,0.04631127926715846,0.02685326509727254,0.3670256588152454
24,9,0.09475645024983786,0.027091950979793812,0.06766449927004406,0.7140885827997745
24,10,0.1273054848863347,0.022058020998755173,0.10524746388757952,0.8267315739109765
24,11,0.12050374988538295,0.016637881588353144,0.10386586829702982,0.861930590507115
24,12,0.07695515375824374,8.220952975007516e-05,0.07687294422849367,0.9989317215841276
24,13,0.10676253189758123,0.014722263928047635,0.09204026796953359,0.86210270900871
24,14,0.12880034387281863,0.007032194000352064,0.12176814987246656,0.9454023662600166
24,15,0.12941399840723966,0.02909172421238839,0.10032227419485126,0.7752041929742204
24,16,0.10099099517026106,0.011272721026762019,0.08971827414349903,0.8883789489572085
24,17,0.08891550246144546,0.01808295619059059,0.07083254627085486,0.7966276330898369
24,18,0.09965150815042134,0.047901816657899665,0.05174969149252168,0.5193066562967303
24,19,0.08640522969778605,0.013239577205038731,0.07316565249274731,0.8467734273568168
24,20,0.09752337687769787,0.06572575464983745,0.03179762222786042,0.3260512837628376
24,21,0.13704228927870915,0.08545501421934079,0.05158727505936836,0.37643325524468557
24,22,0.0659241768839526,0.002846209464012938,0.06307796741993967,0.9568260143919102
24,23,0.09165352368804522,0.009724415013236558,0.08192910867480865,0.8939002602198374
24,24,0.12409972040993948,0.011219907658954191,0.1128798127509853,0.9095895814922759
24,25,0.09956458139467414,0.01840068163518159,0.08116389975949255,0.8151884799049045
24,26,0.09857080530736034,0.031946072435855594,0.06662473287150475,0.6759073608433819
24,27,0.07589661177383354,0.016595161936624026,0.059301449837209516,0.7813451542991614
24,28,0.08439439619234831,0.039635318792436855,0.04475907739991146,0.5303560357005028
24,29,0.0996082371716317,0.023425357156060908,0.07618288001557079,0.7648251006018966
24,30,0.09774004823019695,0.022177175745348884,0.07556287248484807,0.7731004215066756
24,31,0.06862724257072249,0.000822369785753254,0.06780487278496923,0.98801686101688
24,32,0.08611332195461127,0.0037165689627478926,0.08239675299186337,0.9568409523824103
24,33,0.13389401614783059,0.04676411432680446,0.08712990182102612,0.650737832262998
24,34,0.09149612978490973,0.03006912286060575,0.06142700692430398,0.6713618058895756
24,35,0.11472887285923501,0.07464086435050464,0.04008800850873037,0.3494151690822919
24,36,0.11337668793954889,0.005974327005102059,0.10740236093444683,0.9473055077399377
24,37,0.06926164687532824,0.014454665685673378,0.05480698118965486,0.7913034653696303
24,38,0.09291286489614348,0.020502191257549787,0.07241067363859369,0.7793395857455605
25,0,0.07814826023814345,0.04056702500479526,0.037581235233348186,0.4808966331281823
25,1,0.07403296583516042,0.008756798396710412,0.06527616743845001,0.8817175794873863
25,2,0.08329352357338675,0.04591013285502206,0.03738339071836469,0.4488150952748158
25,3,0.08515259578160575,0.009903321160714278,0.07524927462089147,0.8836991277856787
25,4,0.08118298857749745,0.014483520610876835,0.06669946796662062,0.8215941434941036
25,5,0.12527663702518596,0.010414576867830566,0.1148620601573554,0.9168673655748215
25,6,0.059099006322231494,0.03155156925717206,0.02754743706505943,0.4661235235472446
25,7,0.08731671327039872,0.0069740693092130955,0.08034264396118562,0.9201290446238386
25,8,0.0954028367507732,0.02421988572306103,0.07118295102771216,0.7461303400617724
25,9,0.08454054375169462,0.0015254238963689284,0.0830151198553257,0.981956303701461
25,10,0.1195122480469532,0.07369819744403788,0.045814050602915324,0.38334188630537847
25,11,0.08902461754994116,0.03306284675447367,0.05596177079546749,0.6286100669185574
25,12,0.0892942710356868,0.03203450204348784,0.05725976899219896,0.6412479583299904
25,13,0.08184983565447691,0.011799241318834756,0.07005059433564216,0.8558428221084721
25,14,0.14291316425298756,0.011841170393189843,0.1310719938597977,0.917144299091801
25,15,0.11174700101622856,0.02089228536475079,0.09085471565147776,0.8130394088901169
25,16,0.1043680638866531,0.023853073076535124,0.08051499081011797,0.7714523754848964
25,17,0.10867734472231899,0.016026862779577246,0.09265048194274175,0.8525280239361074
25,18,0.08483014004810377,0.018560334276704733,0.06626980577139904,0.7812058984438797
25,19,0.09983935359120874,0.0407368366060876,0.05910251698512114,0.5919761582904054
25,20,0.0749452814730307,0.01050955131673555,0.06443573015629515,0.8597703403046469
25,21,0.0899457740705743,0.012629759621939844,0.07731601444863445,0.859584735887312
25,22,0.11450699225757863,0.002301174730134907,0.11220581752744371,0.979903631343678
25,23,0.10776878687321362,0.05652801398969104,0.05124077288352258,0.47546951552684397
25,24,0.12457466360986563,0.020575247730235446,0.10399941587963019,0.8348360161367034
25,25,0.09311226365339903,0.014359011224311876,0.07875325242908715,0.8457881844891899
25,26,0.10048843848065606,0.001672343754948494,0.09881609472570756,0.9833578491194246
25,27,0.12158444527120826,0.022945789869505462,0.0986386554017028,0.8112769292295391
25,28,0.08121245186228265,0.015836858958894674,0.06537559290338799,0.8049946948314
25,29,0.0812111661358644,0.005612107493894918,0.07559905864196949,0.9308948786118156
25,30,0.1501644376950407,0.012878272879793339,0.13728616481524736,0.9142388632257459
25,31,0.05979978284551207,0.013278988058400259,0.04652079478711181,0.7779425371375435
25,32,0.09758703334277372,0.023705957752665187,0.07388107559010854,0.7570788152827826
25,33,0.1148388458057763,0.025744714035250266,0.08909413177052604,0.7758187671200425
25,34,0.0945285664440566,0.02047794698719625,0.07405061945686035,0.7833676341710376
25,35,0.09521606810799087,0.015348314028068175,0.07986775407992269,0.8388054208386274
25,36,0.06877943355137789,0.015190818495507975,0.05358861505586991,0.7791371968168288
25,37,0.10317924004877703,0.04803425427603179,0.055144985772745236,0.5344581501731933
25,38,0.11938321315954961,0.0753859687531735,0.04399724440637612,0.3685379480243678
26,0,0.09328647048041254,0.0023251793658355044,0.09096129111457704,0.9750748489694042
26,1,0.11208329632209016,0.007381730816199042,0.10470156550589112,0.9341406698551549
26,2,0.12447737223758204,0.03957993000789921,0.08489744222968283,0.6820311250437107
26,3,0.13144636281144806,0.015329859410758519,0.11611650340068955,0.8833755527130995
26,4,0.1019240903228826,0.04270663369192152,0.059217456630961084,0.5809956845665012
26,5,0.09434861916693388,0.01784790104076321,0.07650071812617067,0.810830288791144
26,6,0.11463747190091109,0.018253256497680916,0.09638421540323017,0.8407740837702837
26,7,0.13658430895438742,0.04600049418625746,0.09058381476812996,0.6632080614646635
26,8,0.11271450469579757,0.03708381060198971,0.07563069409380785,0.6709934475418731
26,9,0.1085715851121207,0.03861337480158424,0.06995821031053645,0.6443510080311655
26,10,0.07822183012312282,3.582933783922212e-05,0.07818600078528361,0.9995419521918265
26,11,0.08819549007594008,0.02189791771461807,0.066297572361322,0.7517115932372161
26,12,0.09642562972342805,0.04756842345894251,0.048857206264485545,0.5066827813789735
26,13,0.09700617428597616,0.001846214127855808,0.09515996015812035,0.9809680760895371
26,14,0.0957459061745641,0.03944084367332307,0.05630506250124104,0.5880675712503629
26,15,0.11369839159893667,0.034142686817028416,0.07955570478190827,0.6997082690715238
26,16,0.08662244665717306,0.0010805559909012018,0.08554189066627185,0.9875256814763298
26,17,0.08114733259336296,0.01729915681674318,0.06384817577661978,0.7868179240908519
26,18,0.1208700903307542,0.01674700482696201,0.10412308550379219,0.8614462454596106
26,19,0.11500563311579001,0.012127641914964456,0.10287799120082555,0.8945474096668456
26,20,0.11603872237716356,0.018877958056290688,0.09716076432087287,0.8373132893093118
26,21,0.07420757611015155,0.02630551037684424,0.04790206573330731,0.6455144911646608
26,22,0.08095543182531947,0.025419301668036177,0.0555361301572833,0.6860086952178287
26,23,0.09840230142534379,0.024437429312339352,0.07396487211300443,0.751657949475098
26,24,0.06901136264206886,0.008601819463453547,0.06040954317861531,0.8753564755985569
26,25,0.10787992582615105,0.003945262608476531,0.10393466321767453,0.9634291312469538
26,26,0.08449425787237352,0.016150299191937025,0.0683439586804365,0.8088592100976654
26,27,0.10001197307691842,0.022291074335433907,0.07772089874148451,0.7771159427252773
26,28,0.10593220516337706,0.04003063718822007,0.06590156797515699,0.6221107912699293
26,29,0.08643247662249673,0.0225099377227611,0.06392253889973562,0.7395662070279935
26,30,0.15032036258964476,0.004713373113872432,0.14560698947577233,0.9686444801444544
26,31,0.10995073891961392,0.055000995447204784,0.054949743472409135,0.49976693210387096
26,32,0.09396235980844345,0.011476249687305682,0.08248611012113777,0.877863330479335
26,33,0.09670643961418293,0.02527432305941041,0.07143211655477252,0.7386490169605656
26,34,0.12923817549267136,0.009570761531919734,0.11966741396075162,0.9259447798962276
26,35,0.12645504902712154,0.052483038177135136,0.0739720108499864,0.5849668433098405
26,36,0.09735414661349401,0.009253447577035874,0.08810069903645813,0.9049506579953598
26,37,0.10689723726200906,0.005687517529131939,0.10120971973287712,0.9467945320682927
26,38,0.14782563230151152,0.008219942361681047,0.13960568993983047,0.9443943365321428
27,0,0.08085867249763158,0.01587533977305458,0.064983332724577,0.8036655898163604
27,1,0.12273099757268573,0.034731833265375586,0.08799916430731014,0.7170084660575977
27,2,0.11778123761003682,0.025964130731437107,0.09181710687859972,0.7795563091517002
27,3,0.06803407947253218,0.0008723053483460233,0.06716177412418615,0.9871784059531782
27,4,0.09787055135627953,0.049702110587115655,0.04816844076916388,0.49216480444475713
27,5,0.083424669342862,0.011548394618036018,0.07187627472482598,0.8615709872271238
27,6,0.10015404641434063,0.010770576536272173,0.08938346987806846,0.8924598963109894
27,7,0.11508362220938709,0.02998475194156732,0.08509887026781976,0.7394524836295816
27,8,0.08131346365451655,0.022030114773285224,0.05928334888123133,0.7290717455243765
27,9,0.08430454126737241,0.0013805880067601153,0.0829239532606123,0.9836238002602782
27,10,0.09474672518850025,0.024752507610951574,0.06999421757754867,0.7387507846661082
27,11,0.06322935481141272,0.009687670340637663,0.05354168447077505,0.846785241292877
27,12,0.06521632543855108,0.025004647459377083,0.04021167797917399,0.6165891394335415
27,13,0.14570358118916,0.036055327145899846,0.10964825404326015,0.7525433016015514
27,14,0.10100723052412566,0.032893957415333894,0.06811327310879177,0.6743405670599281
27,15,0.07663105823485326,0.0002938234008443355,0.07633723483400892,0.9961657400065669
27,16,0.10775668616661255,0.002772634357933089,0.10498405180867945,0.9742694912346685
27,17,0.10776193090836494,0.003828084301749215,0.10393384660661573,0.9644764689210662
27,18,0.1287419574299961,0.002276777351016633,0.12646518007897947,0.9823151877098447
27,19,0.10811195893683256,0.018831394212107187,0.08928056472472537,0.8258158080077898
27,20,0.08492598396664049,0.0032948478437935334,0.08163113612284695,0.961203300922745
27,21,0.1147495074236492,0.025722141408190523,0.08902736601545867,0.7758409427133685
27,22,0.11957107338884043,0.07571292696076101,0.04385814642807942,0.3667956235991497
27,23,0.10470276481461586,0.024374076993487426,0.08032868782112844,0.7672069401735134
27,24,0.1065066941421004,0.04177221861408349,0.06473447552801691,0.6077972473884944
27,25,0.08204804197811397,0.02774821220500738,0.05429982977310659,0.6618053089870308
27,26,0.07453384509416432,0.007977472004931551,0.06655637308923276,0.8929684629197245
27,27,0.07334295964179305,0.029639805239018914,0.043703154402774134,0.5958738864128241
27,28,0.10741206110739024,0.01874587467626191,0.08866618643112834,0.8254770043233801
27,29,0.12468582509816538,0.016193536915878957,0.10849228818228643,0.870125277647802
27,30,0.08435865769955123,0.027482680821841562,0.056875976877709664,0.674216238483513
27,31,0.1294958291890297,0.004801663720945461,0.12469416546808423,0.9629203214418876
27,32,0.09942734312940547,0.026218280362652557,0.07320906276675292,0.7363071410997148
27,33,0.08658318744232263,0.028447311603836282,0.058135875838486346,0.6714453181480937
27,34,0.08259097860058903,0.02579743461384028,0.056793543986748754,0.6876482752602197
27,35,0.14480914653057078,0.06328770410755954,0.08152144242301124,0.5629578267406001
27,36,0.09228404810674101,0.04687762260828403,0.045406425498456984,0.4920289739125587
27,37,0.10404514370839471,0.0323220625206059,0.0717230811877888,0.6893457842569345
27,38,0.09628749681873741,0.05411084151738873,0.04217665530134868,0.43802837019168583
28,0,0.09249751874024223,0.059209648475049455,0.033287870265192775,0.359878521267949
28,1,0.12250101693222262,0.01017994305722851,0.11232107387499411,0.9168991138835944
28,2,0.08354856806919589,0.013977626816847725,0.06957094125234817,0.8327005819504736
28,3,0.12842057350700004,0.08092018840398582,0.047500385103014214,0.3698814279195306
28,4,0.09551438478498542,0.0016237114811334125,0.093890673303852,0.9830003461280876
28,5,0.10050515779153998,0.008509432610753164,0.09199572518078682,0.91533337395079
28,6,0.07216173767298839,0.007814161969265678,0.06434757570372271,0.8917132233611569
28,7,0.09429017586147383,0.008463285214484143,0.08582689064698969,0.91024213140807
28,8,0.0787165710827049,0.017243681778177204,0.0614728893045277,0.7809396224835577
28,9,0.05904072381086657,0.011350934607233782,0.04768978920363279,0.8077439795014061
28,10,0.11666133570740808,0.03309756043859409,0.08356377526881399,0.716293661152618
28,11,0.09738416447130255,0.03371589526183931,0.06366826920946324,0.6537846225319845
28,12,0.09528601241997472,0.030993506342162976,0.06429250607781176,0.6747318357120606
28,13,0.10552434265802035,0.03887987458268949,0.06664446807533086,0.6315553965714807
28,14,0.08351515551864361,0.0014083687219500441,0.08210678679669356,0.983136369522348
28,15,0.10399347886116951,0.047515643677094634,0.05647783518407488,0.54309016106166
28,16,0.08696102500333926,0.006156180707148787,0.08080484429619048,0.9292075880325423
28,17,0.09250832207918558,0.00219831698971736,0.09031000508946822,0.9762365488822116
28,18,0.06715235761591712,0.007132738686752774,0.060019618929164346,0.8937827510457786
28,19,0.10600189908002068,0.0005681986616539354,0.10543370041836675,0.9946397313011817
28,20,0.10444646441334138,0.01888427320560039,0.08556219120774099,0.8191966256429047
28,21,0.10442027474216586,0.013396852406316082,0.09102342233584979,0.8717025746255166
28,22,0.07706563629658948,0.008315274042574764,0.06875036225401472,0.8921014028798364
28,23,0.135596666572469,0.016864582760377254,0.11873208381209174,0.875626863206375
28,24,0.10679777946121499,0.004161421506243823,0.10263635795497117,0.9610345690028593
28,25,0.09522859002991378,0.022735683368364103,0.07249290666154967,0.761251496412766
28,26,0.10206512357472708,0.019401794539269147,0.08266332903545794,0.8099076955992308
28,27,0.12751157133958413,0.0507432999042864,0.07676827143529773,0.6020494503267573
28,28,0.1282307268042705,0.04372813034357946,0.08450259646069104,0.6589886727357832
28,29,0.0827595253341486,0.0032548431378751474,0.07950468219627345,0.9606710753265749
28,30,0.11927193023630608,0.05732502241776741,0.06194690781853868,0.5193754112623742
28,31,0.10692798441507005,0.05872718116343369,0.048200803251636365,0.45077818978174916
28,32,0.06893898520680512,0.0534699476062495,0.015469037600555624,0.2243873702833189
28,33,0.09252783673625226,0.0334477790520005,0.05908005768425176,0.6385111742389227
28,34,0.09744383465459891,0.021434131558714445,0.07600970309588446,0.7800360419446727
28,35,0.10124636314368318,0.037374265604870144,0.06387209753881304,0.6308581914015946
28,36,0.0634401205722535,0.02779253654695672,0.035647584025296775,0.5619091468260511
28,37,0.09832278932133284,0.0292996768114518,0.06902311250988105,0.702005231811556
28,38,0.12084393898338153,0.04306618102001086,0.07777775796337066,0.6436215057013879
29,0,0.1034602098090614,0.007564022889602763,0.09589618691945864,0.9268895461978826
29,1,0.09710553720974857,0.01910104377454952,0.07800449343519905,0.8032960393052443
29,2,0.09401761208640919,0.008028458458690269,0.08598915362771892,0.9146068669419989
29,3,0.10080214492087192,0.0076693480760816005,0.09313279684479031,0.9239168166302223
29,4,0.0749039962360215,0.02749361587556956,0.047410380360451934,0.6329486107932407
29,5,0.10639672833699053,0.014769177468990737,0.09162755086799979,0.8611876727805736
29,6,0.1252680103549837,0.03954042415983465,0.08572758619514904,0.6843533792243905
29,7,0.0764172321167919,0.006715683867439572,0.06970154824935232,0.9121182005496392
29,8,0.10205069977691142,0.0009940483288425617,0.10105665144806886,0.99025926984317
29,9,0.08392106474945928,0.04201809618150575,0.04190296856795352,0.49931407201579286
29,10,0.11874902043257242,0.03708184147730871,0.08166717895526371,0.6877292853260683
29,11,0.1406229995361782,0.008944456422951465,0.13167854311322674,0.9363940717204633
29,12,0.10189689268612338,0.026460775792926064,0.07543611689319732,0.7403181284984408
29,13,0.11077371195702025,0.008129070638499863,0.10264464131852039,0.9266155255169755
29,14,0.07618880228398235,0.03586395217582857,0.04032485010815378,0.52927528585958
29,15,0.15371080263012868,0.09205007588661977,0.061660726743508906,0.4011476466743975
29,16,0.07272840732247704,0.02091514268823297,0.05181326463424407,0.712421274461636
29,17,0.09200918193577884,0.0008883796603736602,0.09112080227540517,0.9903446629816387
29,18,0.10473802011047117,0.02195462291542018,0.082783397195051,0.7903853548858017
29,19,0.08633365191728617,0.030105910310149676,0.0562277416071365,0.651284178978166
29,20,0.08685701272357071,0.04171737515571922,0.04513963756785149,0.5197005532703726
29,21,0.10718848623531142,0.009811791511266089,0.09737669472404534,0.9084622625444471
29,22,0.07498142210774383,0.02871718069256846,0.04626424141517538,0.6170093886549181
29,23,0.1411865968713473,0.04912523504340782,0.09206136182793948,0.6520545424848512
29,24,0.08115186028818525,0.03581874419816619,0.045333116090019054,0.5586207873612852
29,25,0.1269849412730926,0.04392886701492955,0.08305607425816305,0.6540623905912076
29,26,0.07524899377223461,0.022703918595812986,0.052545075176421624,0.6982827615671018
29,27,0.11383075086027838,0.0006726482407443104,0.11315810261953407,0.9940908037972098
29,28,0.10960873029102738,0.04450413655531403,0.06510459373571335,0.5939727023828397
29,29,0.08651390046257629,0.024197078875758258,0.06231682158681803,0.7203099300068514
29,30,0.10807152277758239,0.014281273045907482,0.09379024973167491,0.867853504060462
29,31,0.08604758042941688,0.024606517833118575,0.0614410625962983,0.7140359123368633
29,32,0.057105342869636345,0.0027734568141271395,0.054331886055509204,0.9514326212792634
29,33,0.10040369561299203,0.01622316498360947,0.08418053062938256,0.8384206389559408
29,34,0.10040671868321516,0.03381923015468675,0.06658748852852842,0.6631776180099365
29,35,0.11270640790256073,0.0002844969622001932,0.11242191094036054,0.9974757694128079
29,36,0.08818976754981789,0.028647373751983004,0.05954239379783488,0.6751621582878051
29,37,0.0773564665753427,0.03246265121694482,0.044893815358397884,0.5803498704878507
29,38,0.09535243618180497,0.003718309625959433,0.09163412655584555,0.961004566061953
30,0,0.08356270892939505,0.01810924595336498,0.06545346297603007,0.7832855566151392
30,1,0.08531242896894052,0.047335928326688675,0.037976500642251845,0.44514616570204385
30,2,0.09080109000663877,0.004810839460277535,0.08599025054636124,0.9470178225842245
30,3,0.10463630093347294,0.0012513890521519255,0.10338491188132101,0.9880405839943869
30,4,0.09461716901840317,0.0019187828895618,0.09269838612884138,0.9797205633029605
30,5,0.07348453439815503,0.0017315245588314133,0.07175300983932362,0.9764368846722272
30,6,0.09534123388004054,0.01962038997033607,0.07572084390970446,0.7942087681073786
30,7,0.11831991729199937,0.014596067585787804,0.10372384970621157,0.8766389639221396
30,8,0.11275233395371605,0.018162510809095915,0.09458982314462014,0.8389167640950875
30,9,0.08719887338357299,0.004680910964191119,0.08251796241938186,0.9463191348401877
30,10,0.1037031947023281,0.03785463609007572,0.06584855861225238,0.6349713603449296
30,11,0.10487319043561508,0.009245925755643366,0.09562726467997171,0.9118370889906345
30,12,0.08236132460007106,0.031310036954816586,0.051051287645254476,0.619845393370597
30,13,0.11937829521550489,0.011612825433555494,0.1077654697819494,0.902722472183141
30,14,0.16081718094968084,0.02027831002034667,0.14053887092933418,0.8739045797184339
30,15,0.05612383694373069,0.005160666489346037,0.05096317045438465,0.9080485802401557
30,16,0.06433542079086571,0.019372813812991326,0.04496260697787438,0.6988779497383522
30,17,0.08881734089152991,0.008205312952317502,0.0806120279392124,0.9076158679154961
30,18,0.12152592216321012,0.04761376102683643,0.0739121611363737,0.6082007840031789
30,19,0.09881952525501472,0.015575380004997998,0.08324414525001672,0.842385601784627
30,20,0.0723977291136387,0.005094017499691406,0.0673037116139473,0.9296384353203178
30,21,0.09573999730806326,0.010373157501129259,0.085366839806934,0.8916528327470965
30,22,0.12858326782672014,0.02083910253933496,0.10774416528738517,0.8379330149905825
30,23,0.11786147330568084,0.05818703171042817,0.05967444159525267,0.5063099919045082
30,24,0.06741405945651521,0.03875246006730397,0.028661599389211243,0.42515759502213524
30,25,0.11047220253738607,0.019631359491339775,0.0908408430460463,0.8222959347199028
30,26,0.08750838584616383,0.01820404927624173,0.0693043365699221,0.7919736594359802
30,27,0.11548106729495881,0.02652382132424208,0.08895724597071673,0.7703188761106995
30,28,0.10594318332205421,0.04598093785211531,0.059962245469938905,0.5659849325809011
30,29,0.10360437000909616,0.07061458426087908,0.03298978574821708,0.318420793884666
30,30,0.10353082975622672,0.041085678375222284,0.06244515138100444,0.6031551329013546
30,31,0.09563859825386109,0.022436551345345487,0.0732020469085156,0.7654027583529572
30,32,0.06412727814519545,0.018990548452313197,0.04513672969288225,0.7038616170591983
30,33,0.10368078146389001,0.00833008556055783,0.09535069590333217,0.9196564161366874
30,34,0.09016173643560657,0.04019615450905588,0.04996558192655069,0.5541772363960189
30,35,0.12584899748286477,0.05903062779415666,0.0668183696887081,0.5309408181642917
30,36,0.11768533426042077,0.024931845241825772,0.092753489018595,0.7881482395533229
30,37,0.09256373938593214,0.044806218721652344,0.047757520664279796,0.5159419982501052
30,38,0.09969722416787773,0.035211572552390304,0.06448565161548742,0.6468149153972592
31,0,0.11500958372587064,0.0081700462428708,0.10683953748299985,0.9289620396997142
31,1,0.07860000172345785,0.054209017301154266,0.024390984422303585,0.3103178611639164
31,2,0.0833933682044577,0.00328830201967671,0.08010506618478098,0.9605687827404369
31,3,0.09802922690391486,0.001564327826455365,0.09646489907745949,0.9840422303035331
31,4,0.10957673544846587,0.005080906050351814,0.10449582939811405,0.9536315256194015
31,5,0.10982117278274897,0.04960055790871653,0.06022061487403244,0.5483515914837515
31,6,0.07576587905670196,0.03183463221796582,0.043931246838736136,0.5798289069656105
31,7,0.11260194886826663,0.016173410336074823,0.09642853853219181,0.8563665149792732
31,8,0.0992885397289052,0.0534110971018121,0.0458774426270931,0.46206181249473155
31,9,0.09280511913619426,0.011327640767490522,0.08147747836870373,0.8779416386410013
31,10,0.09843000837783258,0.0272523980386175,0.07117761033921509,0.7231291707910186
31,11,0.09782088970541553,0.00873877497736147,0.08908211472805405,0.9106655541195954
31,12,0.09126292984322329,0.04338699702493261,0.04787593281829068,0.5245934236445697
31,13,0.07660220070249998,0.014336945446178615,0.06226525525632137,0.8128389874612217
31,14,0.10686312431548631,0.0055422688560407656,0.10132085545944554,0.9481367507122604
31,15,0.13106639076679782,0.012230889573097536,0.11883550119370029,0.9066817244181267
31,16,0.09866495061909983,0.020993641906410527,0.0776713087126893,0.7872229016010218
31,17,0.0822453161163241,0.0007540775913625619,0.08149123852496154,0.9908313612620075
31,18,0.09163294568271524,0.0323745402449969,0.05925840543771834,0.6466932280328982
31,19,0.10762574773570292,0.007352315004525091,0.10027343273117784,0.9316862817754334
31,20,0.10084838479866881,0.011538223062973432,0.08931016173569538,0.8855884198243923
31,21,0.0961546179420126,0.02594312209867059,0.07021149584334202,0.7301936958002792
31,22,0.09790003228408475,0.018088940959716526,0.07981109132436823,0.8152304903513583
31,23,0.10650881455546538,0.042482023870216684,0.06402679068524869,0.6011407689821409
31,24,0.1212122172530702,0.008997008431113944,0.11221520882195626,0.925774739254792
31,25,0.08045772398861895,3.246598430252379e-05,0.08042525800431642,0.9995964839335113
31,26,0.10342285718879807,0.0021462860824903937,0.10127657110630767,0.9792474686850667
31,27,0.08599724457000611,0.003448151842482491,0.08254909272752362,0.9599039264603935
31,28,0.09860761405158647,0.003924366722527911,0.09468324732905856,0.9602021937121926
31,29,0.08582539297685114,0.0010018697410215625,0.08482352323582958,0.9883266512826595
31,30,0.1032426029370358,0.019001872536650064,0.08424073040038574,0.8159493077849009
31,31,0.12006457563521113,0.009996156842084096,0.11006841879312704,0.9167434958296514
31,32,0.09676172820354233,0.014001372367626429,0.0827603558359159,0.855300513668235
31,33,0.07319594229968228,0.03265341288328368,0.0405425294163986,0.5538903953228371
31,34,0.13980890507493615,0.0022614390586562054,0.13754746601627996,0.9838247852849996
31,35,0.11870549929715019,0.0530353386038839,0.06567016069326628,0.5532191944105057
31,36,0.10980986892012441,0.05126017176399847,0.05854969715612594,0.5331915767854611
31,37,0.10310276907228069,0.07738573348970282,0.025717035582577874,0.24943108525580746
31,38,0.08499190859432951,0.012108508796344133,0.07288339979798537,0.8575333935123327
32,0,0.13045882748540083,0.035751323051326216,0.09470750443407461,0.7259570414633152
32,1,0.08457022882559781,0.021249617325856424,0.06332061149974139,0.7487340684666024
32,2,0.11467379961146677,0.04339180263226644,0.07128199697920033,0.621606654882939
32,3,0.10941421219323363,0.03439004642890835,0.07502416576432529,0.6856894023221319
32,4,0.11559612755607995,0.04752359578706525,0.0680725317690147,0.5888824583331324
32,5,0.12918491323109066,0.04413206206017853,0.08505285117091213,0.6583806811772711
32,6,0.04851959750538361,0.018134544021495693,0.030385053483887915,0.6262429007272055
32,7,0.09761209736349966,0.016114177582581962,0.0814979197809177,0.8349161833643012
32,8,0.11124012546596188,0.04882173325631504,0.06241839220964684,0.561114004035766
32,9,0.08893489039608,0.022479960793530977,0.06645492960254903,0.7472312531851749
32,10,0.09860345038729115,0.03930322759875596,0.059300222788535195,0.6014010925136785
32,11,0.09993199740790856,0.012111087912317978,0.08782090949559059,0.8788067062956603
32,12,0.1226899581210831,0.023827852551910278,0.09886210556917283,0.8057880782028265
32,13,0.1034602908191109,0.022484074072539342,0.08097621674657156,0.7826791912672051
32,14,0.1062737147995037,0.019417163354636092,0.08685655144486762,0.8172910075528219
32,15,0.08630832312675071,0.05458310946391684,0.03172521366283387,0.36758000287229364
32,16,0.10894262450678081,0.01035516485243314,0.09858745965434768,0.9049484542958793
32,17,0.07979381655973085,0.0009886054610481303,0.07880521109868271,0.9876105003661769
32,18,0.07952952166293016,0.008980979675228838,0.07054854198770133,0.8870736364630369
32,19,0.08791467579766604,0.04013166655315742,0.04778300924450862,0.5435157305758632
32,20,0.10274233608224491,0.04181187351031155,0.06093046257193336,0.5930414364255716
32,21,0.0877764112700154,0.04968557904990749,0.03809083222010791,0.43395294554631464
32,22,0.10373230186040978,0.04280611302774264,0.06092618883266714,0.5873405654745244
32,23,0.1238111897847878,0.02454069674324799,0.09927049304153981,0.8017893472641258
32,24,0.10015609989680707,0.031730401239426796,0.06842569865738027,0.6831905268663686
32,25,0.13457471773405194,0.03781594371484671,0.09675877401920524,0.7189966707596668
32,26,0.09623834598616948,0.016745440556628976,0.0794929054295405,0.8260003288186656
32,27,0.11912418820123886,0.0019575445553976084,0.11716664364584126,0.9835671950008114
32,28,0.12512001866407987,0.04122718071129091,0.08389283795278896,0.6704989245407886
32,29,0.10800296517947512,0.03175009042037813,0.07625287475909699,0.7060257524632119
32,30,0.08550029831980449,0.022203567298696623,0.06329673102110786,0.7403100604907059
32,31,0.10142777736045834,0.027860864795612842,0.0735669125648455,0.7253132670294083
32,32,0.10372036156666448,0.013140427458511102,0.09057993410815338,0.873309085506173
32,33,0.055639741826724376,0.041364918798783415,0.014274823027940961,0.2565580385400819
32,34,0.07325152409837299,0.004979523682027433,0.06827200041634555,0.9320215689254439
32,35,0.06700704103945045,0.02906540135657359,0.03794163968287685,0.5662336240237602
32,36,0.12663194522344245,0.011088477667003813,0.11554346755643864,0.9124353839196092
32,37,0.11093009083599083,0.07167377569504381,0.03925631514094702,0.353883376864688
32,38,0.10478527648685373,0.0067523966287372575,0.09803287985811648,0.9355596811391302
33,0,0.07446343312616915,0.009312198297420398,0.06515123482874875,0.8749426677434813
33,1,0.10429228149899238,0.034702477053966924,0.06958980444502545,0.6672574752878313
33,2,0.13074872559879863,0.027738280707633945,0.10301044489116469,0.787850469818355
33,3,0.08334420051157246,0.006416007666868756,0.0769281928447037,0.923017946929878
33,4,0.11273341574856789,0.06789626613153721,0.04483714961703068,0.3977272339288652
33,5,0.119254483699224,0.01622295780672541,0.1030315258924986,0.8639635399567709
33,6,0.0639645780026851,0.010832407962190206,0.05313217004049489,0.8306498956072925
33,7,0.07257611414528424,0.03962372063279747,0.03295239351248677,0.45403909951037125
33,8,0.08547685527667101,0.019728714620729015,0.06574814065594199,0.7691923204606531
33,9,0.11702252417815878,0.028405425968400753,0.08861709820975802,0.7572653113758216
33,10,0.10664702150819169,0.013065933696681716,0.09358108781150998,0.8774843074667762
33,11,0.08868964269772675,0.007729099425452964,0.08096054327227378,0.9128522881550512
33,12,0.08980818392271525,0.007766106329705542,0.08204207759300972,0.913525627726882
33,13,0.09610434992678211,0.019723996600368804,0.07638035332641331,0.7947647883223216
33,14,0.06863162577479445,0.008901406427259548,0.059730219347534905,0.8703016819611948
33,15,0.10205994904787453,0.019437491917335327,0.0826224571305392,0.8095482890333646
33,16,0.13032454703438734,0.003925472189518546,0.1263990748448688,0.9698792569869222
33,17,0.08455823645313439,0.004980809940630483,0.07957742651250391,0.9410960995693063
33,18,0.0635765111215478,0.01626806260916793,0.04730844851237987,0.7441183493371305
33,19,0.10213369205582146,0.043367604098853166,0.05876608795696829,0.5753839577722258
33,20,0.10395250221524407,0.02149033215422974,0.08246217006101433,0.7932677742597108
33,21,0.08615398251791359,0.01720691299722304,0.06894706952069055,0.800277218831465
33,22,0.06701263542848206,0.02575995225306789,0.04125268317541417,0.6155955949447817
33,23,0.0999863297144797,0.018798721128515605,0.08118760858596409,0.8119870868127962
33,24,0.10868684147941454,0.005460365049132769,0.10322647643028177,0.9497605692206358
33,25,0.09010282430556524,0.020033136249734178,0.07006968805583105,0.7776636148296981
33,26,0.07585763203592323,0.024644940915881767,0.05121269112004147,0.6751158683122237
33,27,0.10530829631417682,0.012750588662061985,0.09255770765211484,0.8789213280592645
33,28,0.11340399544940069,0.00991238038443333,0.10349161506496736,0.9125923178883402
33,29,0.10081022141084964,0.010532724052767749,0.09027749735808188,0.8955192845987126
33,30,0.10201991678276998,0.013160346389966864,0.08885957039280311,0.8710021846225471
33,31,0.09829822920536253,0.010106753065246398,0.08819147614011613,0.897182755508936
33,32,0.07044430747620833,0.013331359799546617,0.05711294767666172,0.8107531995534328
33,33,0.09551238103614743,0.004260273128951989,0.09125210790719544,0.955395592877748
33,34,0.12696194720060955,0.03227933863083324,0.09468260856977631,0.7457558005169106
33,35,0.08897619569895139,0.014245322521092563,0.07473087317785883,0.8398973746945617
33,36,0.12119501444940853,0.018327626377026368,0.10286738807238216,0.8487757399898902
33,37,0.11189094594899386,0.07094026386162292,0.040950682087370946,0.36598745090633655
33,38,0.07474202922700114,0.03949754892974309,0.03524448029725805,0.4715483465162023
34,0,0.10890433002835681,0.02675937127523941,0.08214495875311739,0.7542855158443035
34,1,0.10610448897219864,0.015924620903900816,0.09017986806829782,0.8499156722005101
34,2,0.07410859967129063,0.03137664655916842,0.04273195311212221,0.5766126104346888
34,3,0.10758440786679917,0.05247140015126727,0.055113007715531896,0.5122769071124842
34,4,0.09186004557904037,0.01648296379926184,0.07537708177977853,0.8205643847076128
34,5,0.08420955112863317,0.028763403351986155,0.05544614777664701,0.6584306297031675
34,6,0.11596132948313344,0.031358470840411094,0.08460285864272235,0.7295782052501203
34,7,0.10985519625700906,0.018165964804521376,0.09168923145248768,0.8346371821864336
34,8,0.08557098321827394,0.002408739839845332,0.08316224337842862,0.9718509739019695
34,9,0.11551881681577929,0.043620921690297645,0.07189789512548164,0.6223912009083247
34,10,0.09204112243390053,0.0621048158414803,0.029936306592420227,0.3252492559933635
34,11,0.09521382993547114,0.007424764312986602,0.08778906562248454,0.9220201065536534
34,12,0.08180577831334075,0.025193742620315922,0.05661203569302483,0.6920297912964497
34,13,0.10598046077756114,0.03506669002752727,0.07091377075003387,0.6691211779015797
34,14,0.12039682948222599,0.025267689237709952,0.09512914024451605,0.7901299448965957
34,15,0.09721830878906983,0.002421191788243492,0.09479711700082634,0.9750953105603118
34,16,0.12788410246730428,0.0030294616943060838,0.1248546407729982,0.9763108812130842
34,17,0.09283774401958335,0.004214174219462574,0.08862356980012077,0.9546071022732562
34,18,0.08574687946995248,0.005935713346983562,0.07981116612296892,0.9307763339765203
34,19,0.06333634891154497,0.00909965285233397,0.054236696059211,0.8563281116023522
34,20,0.10088514655558985,0.02916977082752803,0.07171537572806182,0.7108615903981973
34,21,0.0853721077368483,0.03873783198071219,0.0466342757561361,0.5462472110900903
34,22,0.08979844240985925,0.014359407813938688,0.07543903459592056,0.8400929077544654
34,23,0.09233496532839296,0.02048401164328198,0.07185095368511098,0.778155419559321
34,24,0.11144566417232689,0.005845684352657133,0.10559997981966976,0.9475467763051058
34,25,0.07417983215731919,0.0006910339057660895,0.07348879825155309,0.9906843425541788
34,26,0.10881862565207791,0.043201891782773914,0.065616733869304,0.602991753260128
34,27,0.10528036455832399,0.017306203829665558,0.08797416072865843,0.835617934053808
34,28,0.12479767202559279,0.029949704194966762,0.09484796783062603,0.7600139192594486
34,29,0.10368658954051516,0.030021995778960992,0.07366459376155417,0.7104544000144782
34,30,0.09312728717359502,0.03507652603618869,0.05805076113740633,0.6233485683867943
34,31,0.1118568582695736,0.0009594231344754525,0.11089743513509814,0.991422759861865
34,32,0.11863066904593673,0.01493593076888148,0.10369473827705525,0.8740972221685952
34,33,0.09867763760274115,0.03923857422356253,0.05943906337917862,0.6023559625380358
34,34,0.07408955184690852,0.0021033296283166844,0.07198622221859183,0.9716109819011619
34,35,0.13444058363914468,0.07314973502986047,0.061290848609284215,0.4558954368555592
34,36,0.0866547759311942,0.019145159097981406,0.06750961683321278,0.779064005506366
34,37,0.11254154671040517,0.013181854267012506,0.09935969244339267,0.8828712182094637
34,38,0.12026081162782763,0.017747441786848953,0.10251336984097868,0.8524253948844771
35,0,0.13818618042084074,0.011238241976506082,0.12694793844433466,0.9186731846681018
35,1,0.12346280624344333,0.0408541292868522,0.08260867695659113,0.6690976778358964
35,2,0.10910958520440277,0.04545659961187465,0.06365298559252812,0.5833858269489564
35,3,0.12200676236231339,0.024615308941490593,0.0973914534208228,0.7982463556536928
35,4,0.091431694272283,0.025890138745844192,0.06554155552643881,0.7168362792365685
35,5,0.1471593346637916,0.06167306716540914,0.08548626749838246,0.5809095813982112
35,6,0.1290941441894517,0.05732650113193294,0.07176764305751876,0.5559325987102589
35,7,0.09400481318218071,0.03603694202851983,0.05796787115366088,0.6166479054781964
35,8,0.10584652282642197,0.004463166830840214,0.10138335599558176,0.9578335998986063
35,9,0.09567489749963601,0.05667253622027023,0.03900236127936578,0.40765511433669593
35,10,0.08894963225452399,0.008076020206933675,0.0808736120475903,0.9092068173612609
35,11,0.10404454509700574,0.026727249089005492,0.07731729600800025,0.7431172478664173
35,12,0.0972717382794417,0.0024002669027861703,0.09487147137665553,0.9753241080580806
35,13,0.0839235095633235,0.008984383631797288,0.07493912593152621,0.8929455681900644
35,14,0.14497902347219654,0.010984624980426228,0.1339943984917703,0.9242330047661493
35,15,0.10848360605639804,0.06816149489962904,0.040322111156768994,0.3716885216353012
35,16,0.08324038303790321,0.027428235336251224,0.055812147701651986,0.6704936434066879
35,17,0.09515276717549848,0.026146155973460164,0.06900661120203831,0.725219173865574
35,18,0.10224650471502102,0.038624595509496644,0.06362190920552438,0.6222404314245248
35,19,0.07956610011658023,0.03124396182282122,0.04832213829375901,0.6073206833432507
35,20,0.10132726658859297,0.0010307941661962545,0.10029647242239671,0.9898270801048896
35,21,0.08239959408078898,0.010155639552867229,0.07224395452792175,0.8767513400258975
35,22,0.142593347594598,0.004114917647093017,0.13847842994750498,0.9711422887777907
35,23,0.10537563587126825,0.019240764085132568,0.08613487178613569,0.8174078483508468
35,24,0.09809734979769724,0.014648272083679881,0.08344907771401736,0.850676168990411
35,25,0.1366071871265379,0.00015562480119591,0.136451562325342,0.9988607861382011
35,26,0.12460472107163692,0.0748860779932444,0.04971864307839252,0.39901090946472734
35,27,0.08282030632410622,0.04147094532330934,0.041349361000796885,0.4992659751701675
35,28,0.10771780596204877,0.02430239025105111,0.08341541571099767,0.7743883656559684
35,29,0.0946162208784512,0.030077447452957706,0.0645387734254935,0.6821110886303869
35,30,0.06462810697147767,0.02007360138685978,0.04455450558461789,0.689398276887193
35,31,0.0789854281019067,0.00768230450384325,0.07130312359806346,0.9027376987318273
35,32,0.09416538283143935,0.009888212033164288,0.08427717079827507,0.8949910069301723
35,33,0.11267516730128845,0.02614316131735224,0.0865320059839362,0.7679776126052107
35,34,0.12592794946015246,0.03549265879053168,0.09043529066962078,0.7181510622329107
35,35,0.1146011184286043,0.07542501928873165,0.03917609913987266,0.3418474416048487
35,36,0.10941771806004871,0.00672144866775125,0.10269626939229747,0.9385707471612367
35,37,0.14427690108389377,0.09433085646491084,0.04994604461898293,0.34618185062029044
35,38,0.11852347525263167,0.06443206167731136,0.05409141357532031,0.45637721523120184
36,0,0.1033426712414945,0.0095541465046563,0.0937885247368382,0.9075488722143648
36,1,0.137180892907417,0.014942585088679051,0.12223830781873796,0.8910738604190035
36,2,0.10174172193624068,0.04027656115732808,0.0614651607789126,0.6041293543019792
36,3,0.1004067439598872,0.02691517219389118,0.07349157176599602,0.7319386016078375
36,4,0.09979161966075728,0.025511131251159017,0.07428048840959826,0.7443559756031178
36,5,0.07574896667272527,0.004318006954196884,0.07143095971852838,0.9429958302553101
36,6,0.0995292784428729,0.009477253487258658,0.09005202495561425,0.9047792404855186
36,7,0.08994520133750528,0.013518653825450457,0.07642654751205483,0.8497012222506033
36,8,0.07129560960976908,0.027546670651386627,0.04374893895838245,0.6136273916141377
36,9,0.10712505385107354,0.0013804996358967488,0.1057445542151768,0.9871131954079021
36,10,0.11869253930892291,0.03076013330825441,0.08793240600066851,0.7408418971625965
36,11,0.07449723108604729,0.008970417789552168,0.06552681329649512,0.8795872321859725
36,12,0.07519622055302069,0.02463318101566433,0.05056303953735636,0.6724146395323748
36,13,0.07168345786399553,0.016089631867463226,0.05559382599653231,0.775546097427527
36,14,0.09894034959950948,0.0439547247132662,0.054985624886243284,0.5557452051545599
36,15,0.07575413091360574,0.05514250547124581,0.020611625442359928,0.2720858281097117
36,16,0.1442563705246876,0.014143110030015804,0.13011326049467178,0.9019585063829441
36,17,0.12126508129189978,0.06020763973755985,0.06105744155433993,0.5035039015672389
36,18,0.08831661175675753,0.03109653435043993,0.057220077406317606,0.6478971086879295
36,19,0.07970945013080818,0.03466280841744375,0.045046641713364435,0.5651355220672089
36,20,0.13442566025150016,0.050019590117100464,0.08440607013439969,0.6279014733978793
36,21,0.15560584455756088,0.004817021048433429,0.15078882350912745,0.9690434439520583
36,22,0.06390461446725101,0.017333209886477734,0.04657140458077328,0.7287643461903611
36,23,0.12879972425481678,0.0644397748058196,0.06435994944899719,0.4996901182930156
36,24,0.09802981641189104,0.022485441017987252,0.0755443753939038,0.7706265109840627
36,25,0.09298291130452357,0.03811186070590459,0.054871050598618985,0.5901197309139269
36,26,0.07078902818502215,0.0025565282169617495,0.06823249996806041,0.9638852477211622
36,27,0.08724619627549052,0.04712666078986919,0.040119535485621326,0.4598428034494363
36,28,0.07929713025286858,0.017222689677936387,0.062074440574932194,0.7828081593493309
36,29,0.1111422872271941,0.059085455268281156,0.05205683195891295,0.468380067188106
36,30,0.0770442810352032,0.010968554940034547,0.06607572609516865,0.8576331066672843
36,31,0.07943869604791023,0.006223351319188126,0.07321534472872211,0.9216584406743691
36,32,0.062115095856555516,0.028724891631551154,0.03339020422500436,0.5375537744015317
36,33,0.09440998038459739,0.06757867291158426,0.026831307473013127,0.2841999051764505
36,34,0.10960979450699078,0.03193121666511086,0.07767857784187993,0.7086828160865285
36,35,0.07894729400909377,0.007789270529793606,0.07115802347930017,0.9013358136265396
36,36,0.089420437078327,0.017319212717582647,0.07210122436074436,0.8063170648292398
36,37,0.09656056843094439,0.04671436933548773,0.04984619909545666,0.5162169186183315
36,38,0.12844117423506782,0.00630011239606211,0.12214106183900571,0.9509494332048701
37,0,0.09577127328188897,0.041383272196238566,0.05438800108565041,0.56789472690383
37,1,0.11082705336762967,0.0015452165050947528,0.10928183686253493,0.9860574069404423
37,2,0.11151199174542147,0.0007729351346089132,0.11073905661081256,0.993068591794383
37,3,0.07518183669729744,0.007834150147149565,0.06734768655014788,0.8957973030282302
37,4,0.08053861350467578,0.014435833252035447,0.06610278025264034,0.8207588556115714
37,5,0.09298889877256389,0.00272570131828034,0.09026319745428354,0.9706878847447481
37,6,0.10058462641925608,0.012683426910764241,0.08790119950849185,0.8739029276909845
37,7,0.12726089426631337,0.04876966031639789,0.07849123394991547,0.6167741819074465
37,8,0.07980820400650246,0.014297448221135777,0.06551075578536668,0.8208523998363516
37,9,0.10721004168412014,0.06409640108487108,0.04311364059924906,0.4021418136024754
37,10,0.1284309800094579,0.03427934231669693,0.09415163769276097,0.7330913280100133
37,11,0.08241674517758596,0.01133162766767977,0.07108511750990619,0.8625081875865984
37,12,0.10520937405049952,0.03364915040540309,0.07156022364509643,0.6801696549467939
37,13,0.08695521661754257,0.023871046380772455,0.06308417023677013,0.7254788463610515
37,14,0.08330450845865958,0.01702513833987224,0.06627937011878735,0.795627647832277
37,15,0.08863908999960216,0.03607891185274388,0.052560178146858275,0.5929683861498825
37,16,0.08127996067559223,0.051077894870831086,0.030202065804761147,0.3715807137912482
37,17,0.07018901056705908,0.02786065707575261,0.04232835349130647,0.6030624046319282
37,18,0.07109924389796442,0.01557554281794275,0.055523701080021665,0.7809323705285045
37,19,0.09391189861032366,0.010647279900364865,0.0832646187099588,0.8866248041204609
37,20,0.08994052159409945,0.009601787963056658,0.08033873363104278,0.8932429143963672
37,21,0.08302371586327101,0.01698520537419835,0.06603851048907267,0.7954174274472283
37,22,0.11573932880892661,0.012491129289779374,0.10324819951914724,0.8920753263534049
37,23,0.0858101672565679,0.018278681346466583,0.06753148591010132,0.7869869978016208
37,24,0.07806090570805553,0.03607497582702357,0.04198592988103196,0.5378611675101177
37,25,0.10544221632587944,0.015987448610668593,0.08945476771521085,0.8483771570083674
37,26,0.11997708550137942,0.07666972406335834,0.04330736143802108,0.36096360615063583
37,27,0.12247445828019166,0.004342184439858787,0.11813227384033287,0.9645462041569114
37,28,0.10773107475309056,0.051528182698085886,0.05620289205500467,0.5216961975346147
37,29,0.1114310015944661,0.0692131639165453,0.0422178376779208,0.37886976760350166
37,30,0.09538076802368828,0.0016456414110526119,0.09373512661263567,0.9827466118678777
37,31,0.09815376337580597,0.017438554047004534,0.08071520932880144,0.822334330878005
37,32,0.09188126867435367,0.028182559172583683,0.06369870950176999,0.6932719848213184
37,33,0.13604148694827028,0.008450080506469986,0.1275914064418003,0.9378860030419756
37,34,0.10743636164236994,0.0007826253756726166,0.10665373626669733,0.9927154516058745
37,35,0.07994245414327789,0.01147994326221842,0.06846251088105947,0.8563974125482394
37,36,0.10850447528367058,0.0038456326160681738,0.1046588426676024,0.9645578432961933
37,37,0.07338772478729977,0.007793341833144013,0.06559438295415576,0.8938059211437401
37,38,0.08959948595358763,0.018791991500419578,0.07080749445316806,0.7902667487383377
38,0,0.09423677690351512,0.0430538796334868,0.05118289727002832,0.543130813168963
38,1,0.08296063290629756,0.0246375569984614,0.058323075907836155,0.7030211060914995
38,2,0.09918555687574676,0.0019777726309886494,0.09720778424475811,0.980059872694305
38,3,0.08956564589324237,0.0026956236221288843,0.08687002227111348,0.9699033753930393
38,4,0.08343442285150313,0.019956012461558776,0.06347841038994435,0.7608179959837853
38,5,0.0966882365399145,0.01798495978616958,0.07870327675374492,0.8139901974657994
38,6,0.11679318484106453,0.0009435778870246908,0.11584960695403984,0.9919209507959841
38,7,0.1019440457474744,0.006505608913649121,0.09543843683382527,0.9361845131223832
38,8,0.09121962194245074,0.07576510684235913,0.015454515100091618,0.16942095100812485
38,9,0.10431395347720615,0.0051572142014092315,0.09915673927579692,0.9505606486045403
38,10,0.11835375681452284,0.04786263626963802,0.07049112054488482,0.5955968145172985
38,11,0.08631155499142701,0.014644783954602149,0.07166677103682487,0.830326496190959
38,12,0.10118333517072775,0.018445604458815493,0.08273773071191226,0.8177011616814961
38,13,0.10545717467400822,0.04039997504017704,0.06505719963383119,0.6169063398003748
38,14,0.1017407367180023,0.009228154596073894,0.0925125821219284,0.9092973483998662
38,15,0.08063561004672688,0.005426960533317404,0.07520864951340948,0.932697718412838
38,16,0.09644678858518574,0.016372652920187983,0.08007413566499776,0.8302415958025706
38,17,0.08905738537889778,0.00537627904856379,0.08368110633033399,0.9396312947467499
38,18,0.06353846833755208,0.0009903089641942787,0.06254815937335781,0.9844140252337655
38,19,0.0878367508119851,0.006812255458940037,0.08102449535304505,0.9224441319155612
38,20,0.08651823874641472,0.02149893719093033,0.06501930155548438,0.751509768316669
38,21,0.10027276327042603,0.031121167633811522,0.06915159563661451,0.6896348856979166
38,22,0.09248942347997047,0.0405485761108077,0.05194084736916277,0.5615868865309891
38,23,0.09008003083269654,0.015884938542418944,0.0741950922902776,0.8236574921702496
38,24,0.12525236822410074,0.005893141444770957,0.11935922677932978,0.9529498601237864
38,25,0.12213278744817664,0.05057916402064477,0.07155362342753187,0.5858674392238324
38,26,0.0984172190280542,0.022148200602761448,0.07626901842529275,0.774956041010994
38,27,0.11525839179001697,0.01999061114253852,0.09526778064747846,0.8265583023320477
38,28,0.08484071331182765,0.015619896585648208,0.06922081672617944,0.8158914985988144
38,29,0.0723932561627163,0.004774538827190974,0.06761871733552532,0.9340471878145752
38,30,0.09448995246675909,0.024911633872611166,0.06957831859414793,0.7363567953812348
38,31,0.1157648120332266,0.03644076620259438,0.07932404583063221,0.6852172472570056
38,32,0.09529120652915142,0.010519238952628037,0.08477196757652339,0.8896095522789924
38,33,0.11181543836525251,0.0342537094489024,0.0775617289163501,0.6936584969867005
38,34,0.08735625385545939,0.008775382403916877,0.07858087145154252,0.8995448864092007
38,35,0.09190821374552235,0.019498592795712078,0.07240962094981028,0.7878471139728573
38,36,0.08399173896453661,0.012514786928349557,0.07147695203618706,0.850999787804922
38,37,0.07241779559718099,0.011745041980348366,0.06067275361683262,0.8378155274750511
38,38,0.10247485267404888,0.038689856889356555,0.06378499578469232,0.6224453523985937
39,0,0.08730609352033555,0.01992242860322798,0.06738366491710757,0.7718094144415292
39,1,0.09802722898514762,0.05416759947688678,0.04385962950826085,0.44742292485801205
39,2,0.07734758677454107,0.02193560859714679,0.05541197817739428,0.7164021592414195
39,3,0.08865445870504873,0.01289327745069187,0.07576118125435687,0.854567072665939
39,4,0.05498621743246297,0.029509139218070673,0.0254770782143923,0.46333571218432357
39,5,0.1349922727320189,0.016479599102319737,0.11851267362969915,0.8779219079077633
39,6,0.07820688556078766,0.011664487752139987,0.06654239780864767,0.8508508852066029
39,7,0.08065621781771525,0.040769426493879865,0.03988679132383538,0.49452841210556603
39,8,0.12261127772128161,0.015181678515145677,0.10742959920613593,0.8761804069144726
39,9,0.08004909187335614,0.014398072985828318,0.06565101888752782,0.8201344618798776
39,10,0.10332745866305164,0.014192736190998619,0.08913472247205302,0.8626431311227658
39,11,0.09375114529123518,0.024542513239121426,0.06920863205211375,0.738216390179759
39,12,0.13204578429393993,0.008920571540312838,0.12312521275362709,0.9324433446473744
39,13,0.08881397682994253,0.047193849543915145,0.04162012728602739,0.4686213676223501
39,14,0.07467244402011086,0.031018457786242477,0.04365398623386839,0.584606367271325
39,15,0.10095714951652862,0.016768065478328136,0.08418908403820048,0.8339090836198492
39,16,0.09446068693523818,0.008342460911779797,0.08611822602345838,0.9116832495882721
39,17,0.09182949986978792,0.020476401523242767,0.07135309834654516,0.7770171725613466
39,18,0.0751321065659312,0.023221166559708992,0.051910940006222206,0.6909288502468441
39,19,0.07637009724320637,0.02366833628295979,0.05270176096024658,0.6900837220674713
39,20,0.07755242883773936,0.007619887213889394,0.06993254162384996,0.901745344045481
39,21,0.060402546628553586,0.00895183865766974,0.051450707970883844,0.8517969993431036
39,22,0.09005305859356535,0.00560596539197953,0.08444709320158583,0.9377481955690055
39,23,0.10117549595481498,0.02795138116171982,0.07322411479309517,0.7237336877083073
39,24,0.10540480951176173,0.08312973321309156,0.022275076298670177,0.21132884165199867
39,25,0.09605164155982401,0.021597289180119775,0.07445435237970424,0.7751491923574435
39,26,0.08255285651471403,0.04261778940886654,0.03993506710584749,0.48375148713030364
39,27,0.09256641488127967,0.016525080068099017,0.07604133481318065,0.8214786638405178
39,28,0.09689984778642821,0.014937888973368244,0.08196195881305997,0.8458419769008095
39,29,0.0916966381788614,0.04210631490366781,0.04959032327519358,0.54080852101103
39,30,0.10266033955218026,0.030258533129312072,0.0724018064228682,0.7052558635466792
39,31,0.14269336943998168,0.022138394425806562,0.12055497501417511,0.8448533767708233
39,32,0.1293680233038524,0.022248401898376315,0.10711962140547607,0.8280224020574194
39,33,0.10048929238181367,0.048526391427014294,0.05196290095479938,0.517098884101641
39,34,0.08816482981787613,0.03273069216074413,0.055434137657131996,0.628755681507506
39,35,0.10872713069137505,0.0026044390185750547,0.10612269167279999,0.9760460981356361
39,36,0.09964762142346126,0.04880088887903165,0.05084673254442961,0.5102653913669649
39,37,0.113014273271727,0.043641004183247414,0.06937326908847959,0.6138451991960455
39,38,0.09755823100431218,0.018214273511174,0.07934395749313819,0.8132984441838751
40,0,0.11357431761662982,0.013080511293862677,0.10049380632276715,0.8848286164657758
40,1,0.08624222728384831,0.0028099897351976846,0.08343223754865063,0.967417472580466
40,2,0.10254667823545793,0.03669369292571765,0.06585298530974029,0.6421757042050151
40,3,0.09555828542342434,0.036796825965709774,0.05876145945771457,0.6149279384549348
40,4,0.1413088679908233,0.0058242813912410055,0.1354845865995823,0.9587833270901354
40,5,0.06939159553154597,0.0006278336199701286,0.06876376191157585,0.9909523103603417
40,6,0.07292290368149767,0.0014706571849133383,0.07145224649658434,0.9798327122115617
40,7,0.09556253347270265,0.04032505869440173,0.05523747477830092,0.5780243864514062
40,8,0.0875276856565871,0.007434111101565373,0.08009357455502172,0.9150656041480071
40,9,0.06707783584154789,0.02776059815992039,0.039317237681627495,0.5861435031163374
40,10,0.09540749675040612,0.00972210685654807,0.08568538989385804,0.8980991307005789
40,11,0.10562545374616523,0.04254375767265492,0.06308169607351032,0.5972205925392345
40,12,0.11946508347266013,0.02196479160749111,0.09750029186516902,0.8161404908529796
40,13,0.09206447754911087,0.015933331507929006,0.07613114604118187,0.8269329068920255
40,14,0.1624206661269033,0.022420984708489987,0.13999968141841332,0.8619573158813921
40,15,0.1120480898428682,0.0019788921750588176,0.11006919766780937,0.9823389030742609
40,16,0.07565949828052432,0.004413882991553087,0.07124561528897123,0.9416612177999432
40,17,0.10661617613537307,0.03458857171537989,0.07202760441999317,0.675578575698851
40,18,0.09932585005211995,0.04039867173906108,0.058927178313058874,0.5932713214348289
40,19,0.06223695090126922,0.014011387812983531,0.04822556308828568,0.7748702722405092
40,20,0.10398951138625097,0.009077934138837139,0.09491157724741384,0.912703367697164
40,21,0.07948473946167954,0.018840999724659434,0.06064373973702011,0.7629607915649911
40,22,0.09602566926260354,0.0237889782287642,0.07223669103383934,0.7522643850186771
40,23,0.10424020132776482,0.026422476609151188,0.07781772471861363,0.7465231621524752
40,24,0.11923093951003559,0.003499852288453266,0.11573108722158232,0.9706464420826048
40,25,0.08375531147150748,0.003667721280040998,0.08008759019146648,0.956209090317947
40,26,0.1150149613753241,0.07160556741873722,0.043409393956586884,0.3774238884881298
40,27,0.06508068835827911,0.020052511917668422,0.04502817644061069,0.6918823014397714
40,28,0.054847759814747356,0.004865163823144044,0.04998259599160331,0.9112969455894548
40,29,0.11133744664851282,0.007616673957901098,0.10372077269061172,0.9315892883555469
40,30,0.0905435454790596,0.04384379717704276,0.04669974830201684,0.5157711469650511
40,31,0.06714582103325013,0.019626636697912373,0.047519184335337764,0.707701292561552
40,32,0.08801462336620601,0.02017796844096997,0.06783665492523604,0.7707430007736932
40,33,0.09573248621714525,0.05061600308052329,0.04511648313662196,0.4712766263511268
40,34,0.07951890753895513,0.03397163177920063,0.0455472757597545,0.5727854817100143
40,35,0.11270835676898178,0.014446346166796485,0.09826201060218528,0.8718254211051346
40,36,0.10443879025207468,0.0020636867407489295,0.10237510351132575,0.9802402274502798
40,37,0.11830046016754461,0.0007638281293799697,0.11753663203816464,0.9935433207250572
40,38,0.09880854870323164,0.05055576875879872,0.048252779944432916,0.4883462066562542
41,0,0.08296025980499372,0.017547215565877756,0.06541304423911597,0.7884864921213577
41,1,0.08897806444601054,0.042527458508883495,0.04645060593712705,0.5220455875988627
41,2,0.10446424369106011,0.0039125804885494254,0.10055166320251069,0.9625462229916641
41,3,0.13874211554432966,0.043821535002277104,0.09492058054205256,0.6841511690206595
41,4,0.0993257854967541,0.05014170802775026,0.049184077469003835,0.49517934565552607
41,5,0.1082598297857573,0.045075996084776554,0.06318383370098074,0.5836313785641406
41,6,0.12083211963727973,0.05411514196421696,0.06671697767306277,0.5521460508458954
41,7,0.12672611097173725,0.007783305538123857,0.1189428054336134,0.9385816744596565
41,8,0.09078782533872247,0.03038960616720871,0.06039821917151376,0.6652678257924187
41,9,0.09475459173995802,0.007669744071271056,0.08708484766868697,0.9190567556628845
41,10,0.08131808946125646,0.023470452608010943,0.05784763685324552,0.7113747658915018
41,11,0.1374812892692285,0.04842761548501907,0.08905367378420945,0.6477512267856054
41,12,0.11882501606289632,0.011954935864946017,0.1068700801979503,0.8993904123806888
41,13,0.1207977642604873,0.041672771191714225,0.07912499306877308,0.6550203437387185
41,14,0.08774596808779053,0.035035881807014516,0.05271008628077602,0.6007123453016002
41,15,0.0803349747302469,0.011790591622303701,0.0685443831079432,0.8532321487385192
41,16,0.0910202047643924,0.031110083275097553,0.05991012148929485,0.6582068414850679
41,17,0.06655207683476362,0.006213628843962232,0.06033844799080139,0.9066350872957802
41,18,0.09579629164480327,0.020821165357474008,0.07497512628732926,0.7826516559255192
41,19,0.10479751644778837,0.024053471480304144,0.08074404496748422,0.7704767031164528
41,20,0.10280532900887746,0.012206037937827222,0.09059929107105023,0.8812703771730237
41,21,0.09387168198219839,0.01150223993838808,0.0823694420438103,0.8774684793592029
41,22,0.14152884322405368,0.0017326233779430406,0.13979621984611063,0.9877578072534646
41,23,0.09912216281731134,0.0129360215669264,0.08618614125038494,0.869494155502152
41,24,0.1473471665545495,0.0022644567806189148,0.14508270977393056,0.9846318267695999
41,25,0.10099298987773855,0.057575592100828285,0.04341739777691027,0.4299050639997002
41,26,0.09219409904221279,0.04430271167994321,0.04789138736226958,0.5194626105119984
41,27,0.09361985423641644,0.05818875274448578,0.03543110149193066,0.37845713156588745
41,28,0.10468261682294709,0.03384937936471646,0.07083323745823064,0.6766475620114948
41,29,0.08902730246566477,0.04006066788392561,0.048966634581739166,0.5500181767343132
41,30,0.09228303556386165,0.01473520201198593,0.07754783355187572,0.8403259935918679
41,31,0.08285596022286852,0.05801306605973204,0.02484289416313648,0.29983231256162257
41,32,0.07347572125223797,0.037354778900186736,0.03612094235205124,0.4916037806291155
41,33,0.09410035898343705,0.015370627622552336,0.07872973136088471,0.8366570777348705
41,34,0.10640147751957185,0.001486226607939893,0.10491525091163195,0.9860318987801037
41,35,0.12281484889634324,0.004036057441029717,0.11877879145531352,0.9671370564935826
41,36,0.11241470280114589,0.05648831594875566,0.05592638685239023,0.497500642343202
41,37,0.09157656598682093,0.02114311439754025,0.07043345158928069,0.7691209080652466
41,38,0.13504353381488865,0.013568353094219528,0.12147518072066912,0.8995260808798266
42,0,0.10166529937777004,0.05808757590206773,0.04357772347570231,0.42863911031998536
42,1,0.05352033014927462,7.112370569854233e-05,0.05344920644357608,0.9986710899297487
42,2,0.116746868388461,0.009592985024268759,0.10715388336419224,0.9178309006769306
42,3,0.08576432373883609,0.018103927877410837,0.06766039586142525,0.7889107371435734
42,4,0.08246516578247746,0.012331477116635493,0.07013368866584196,0.8504644112501651
42,5,0.09868574804400336,0.018920140363529996,0.07976560768047336,0.8082788980320276
42,6,0.08521581534981948,0.024702318559495666,0.06051349679032381,0.7101204927971391
42,7,0.11244453763488454,0.006868742848039143,0.1055757947868454,0.9389143928863628
42,8,0.09010969737305509,0.025880579982778946,0.06422911739027615,0.7127880712368496
42,9,0.07598727480662532,0.004935838427561259,0.07105143637906405,0.9350438814903925
42,10,0.10421301656537368,0.002411133551090308,0.10180188301428338,0.9768634127429007
42,11,0.10589452754917009,0.010900069088586234,0.09499445846058385,0.8970667385665894
42,12,0.09612001406413712,0.016018633068200578,0.08010138099593654,0.8333475788142106
42,13,0.09073792484981771,0.014853866379101058,0.07588405847071665,0.8362992496942594
42,14,0.09667173969425748,0.007698164765664873,0.0889735749285926,0.9203679918245833
42,15,0.07571322675776959,0.011389501257356858,0.06432372550041274,0.8495705209633259
42,16,0.08308919920876058,0.03517455639710604,0.04791464281165454,0.5766651173429845
42,17,0.09671434053015965,0.03142306853768546,0.0652912719924742,0.6750940102012442
42,18,0.09123286825032785,0.012753408713456194,0.07847945953687166,0.8602103720069071
42,19,0.08855215476687489,0.026721406553822394,0.0618307482130525,0.6982410351936665
42,20,0.09491817080157686,0.030451901200454115,0.06446626960112274,0.6791773277625339
42,21,0.08554546003302274,0.040777876800099894,0.04476758323292285,0.5233192178245509
42,22,0.08342509918747391,0.007278417611599874,0.07614668157587404,0.9127550619359321
42,23,0.07718196609011302,0.0025939202693327796,0.07458804582078024,0.9663921457208764
42,24,0.06514984831731657,0.017073734943320998,0.048076113373995574,0.7379313170437134
42,25,0.10044961244394295,0.004267452956903922,0.09618215948703902,0.9575164816162389
42,26,0.1212830656591814,0.029235977222299973,0.09204708843688142,0.7589442758277875
42,27,0.12425110148896241,0.040484814888678576,0.08376628660028385,0.6741693682910734
42,28,0.09092151659893026,0.052581446031854814,0.038340070567075446,0.4216831394949096
42,29,0.07867171613347884,0.014294684665306314,0.06437703146817253,0.8182995698091402
42,30,0.09639159546156911,0.02624980996826717,0.07014178549330194,0.7276753243623522
42,31,0.07292874041533337,0.012710716883735533,0.06021802353159784,0.8257104563804712
42,32,0.08298559197198185,0.010834578894799439,0.07215101307718241,0.869440240922093
42,33,0.11895908463019919,0.013149021498218165,0.10581006313198102,0.8894660164955562
42,34,0.08231432513224635,0.038291403717535755,0.04402292141471059,0.5348148252929643
42,35,0.11524017278163337,0.020486790441283955,0.09475338234034941,0.822225271389483
42,36,0.10275850812389917,0.01780970343700017,0.084948804686899,0.8266839042123262
42,37,0.12459234542324737,0.012846824576544319,0.11174552084670306,0.8968891344576353
42,38,0.07669778386937953,0.003861978119332459,0.07283580575004707,0.9496468095361188
43,0,0.08205711955290278,0.010035397824999816,0.07202172172790296,0.8777022898234939
43,1,0.10673467111021158,0.018195226272103897,0.08853944483810769,0.829528436422351
43,2,0.11074954830320514,0.008765377364209547,0.1019841709389956,0.9208540576597921
43,3,0.141632463362225,0.03876442408660738,0.1028680392756176,0.7263026910188848
43,4,0.12320006733064356,0.05900718906423855,0.06419287826640502,0.5210458050653867
43,5,0.07884194661917232,0.031233264098775845,0.047608682520396475,0.6038496582328077
43,6,0.06136078827896091,0.034754358051996295,0.026606430226964614,0.4336063954394683
43,7,0.09179339066474719,0.05337651229576358,0.03841687836898361,0.4185146456708612
43,8,0.10135935664431289,0.031895975150897704,0.06946338149341519,0.6853179005187842
43,9,0.08909450281745417,0.0528835874786351,0.036210915338819066,0.4064326551438494
43,10,0.10666585480664201,0.0462190953096165,0.06044675949702551,0.566692683489014
43,11,0.08371460047282686,0.01393230387016888,0.06978229660265799,0.8335737877087379
43,12,0.09647323246951528,0.07578229229605817,0.020690940173457115,0.21447337923496318
43,13,0.09404182317645793,0.01279882069929865,0.08124300247715928,0.8639028863223628
43,14,0.07618737426847202,0.03547010604559016,0.04071726822288187,0.534435903768002
43,15,0.11466150831345047,0.016400788105150627,0.09826072020829985,0.8569634365848761
43,16,0.10198392764799305,0.03114098427621809,0.07084294337177496,0.6946481176553224
43,17,0.11745652029923923,0.012578704429434194,0.10487781586980503,0.8929075678609588
43,18,0.10583359927762255,0.00753415456292857,0.09829944471469398,0.9288113168752299
43,19,0.11673345512123637,0.0007596274209153535,0.11597382770032101,0.9934926331091081
43,20,0.08757121782573132,0.016978551816866125,0.0705926660088652,0.8061172124995016
43,21,0.09390753228428472,0.017708804302437257,0.07619872798184746,0.8114229618043024
43,22,0.10684352555792836,0.004199304247965684,0.10264422130996267,0.9606966896118669
43,23,0.09922416373568205,0.04546059483586503,0.05376356889981702,0.5418394761485208
43,24,0.09830783540203976,0.06970316815141711,0.028604667250622648,0.2909703700996059
43,25,0.08039991107307508,0.03381054793913194,0.046589363133943136,0.5794703316474852
43,26,0.10510591110500692,0.03684047056230898,0.06826544054269794,0.6494919250973125
43,27,0.11048273431784805,0.0237871222013143,0.08669561211653376,0.7846982847756007
43,28,0.09173076635274453,0.05570814150685036,0.03602262484589417,0.39269948653183134
43,29,0.11089585018231925,0.007309377597173202,0.10358647258514604,0.9340879069401049
43,30,0.1172153143097775,0.00458270448967299,0.1126326098201045,0.9609035345197149
43,31,0.09415107817909572,0.018767187167338995,0.07538389101175673,0.8006694396888399
43,32,0.08096601957553032,0.0210422031792762,0.05992381639625412,0.7401106873032498
43,33,0.10555778045564447,0.04252708872002611,0.06303069173561836,0.5971202829724517
43,34,0.1131845475575796,0.026044287159272032,0.08714026039830758,0.769895381292904
43,35,0.09624486777575489,0.0008723080429439214,0.09537255973281097,0.9909365760159144
43,36,0.1059635083457432,0.07113850461824542,0.03482500372749778,0.328650912669567
43,37,0.1277370145756509,0.005727363893579897,0.12200965068207101,0.9551628483520889
43,38,0.06555651980083868,0.007998237850178055,0.05755828195066062,0.877994776500083
44,0,0.07695882184589387,0.003587605009761647,0.07337121683613222,0.9533827971412343
44,1,0.08925029689562239,0.015598299540741871,0.07365199735488051,0.8252297181825179
44,2,0.11352389125729517,0.0333891763332735,0.08013471492402167,0.7058841450598368
44,3,0.08850329661076242,0.01875277957685596,0.06975051703390646,0.7881120783632422
44,4,0.08895306317823809,0.02737604687380803,0.06157701630443006,0.692241662111694
44,5,0.13522311251566746,0.07073082575940476,0.0644922867562627,0.4769324234330901
44,6,0.10686725124291557,0.07720804418621852,0.029659207056697057,0.2775331704684715
44,7,0.09714684944473215,0.009941844804336065,0.08720500464039609,0.8976616857761087
44,8,0.05652429323037806,0.0024627743992577666,0.054061518831120293,0.9564298063981066
44,9,0.08418160378710743,0.01386250627278427,0.07031909751432316,0.8353261799591976
44,10,0.09678296637181541,0.0012698096337016539,0.09551315673811375,0.9868798231620286
44,11,0.11665963635455104,0.021626158822284088,0.09503347753226696,0.8146217535210033
44,12,0.08674465238434759,0.027044102254960695,0.059700550129386895,0.6882332050264738
44,13,0.06345497871045316,0.020487642451173127,0.04296733625928004,0.677131048382211
44,14,0.08518311790553859,0.03592948002687242,0.04925363787866617,0.5782089114568992
44,15,0.14923106160531355,0.0566716163056296,0.09255944529968395,0.6202424904306133
44,16,0.0982830576121931,0.07813036670108416,0.02015269091110894,0.20504745579474906
44,17,0.11545412046922851,0.026888514141168864,0.08856560632805965,0.7671065005572033
44,18,0.10121243213847499,0.027423437782244715,0.07378899435623026,0.7290506985868591
44,19,0.10311078646557499,0.0051722644164771455,0.09793852204909785,0.9498377949216402
44,20,0.07818808781306934,0.0021090758098945214,0.07607901200317482,0.973025612099162
44,21,0.12176536752873193,0.013504778905985036,0.1082605886227469,0.8890917903828572
44,22,0.09711903818771866,0.024284896489477903,0.07283414169824076,0.7499471067398926
44,23,0.0848961194232724,0.013832958933092466,0.07106316049017992,0.8370601739270962
44,24,0.13687743528410207,0.015482324200526608,0.12139511108357545,0.8868891416003551
44,25,0.12267674349852609,0.006587393279982541,0.11608935021854355,0.9463028354672482
44,26,0.11038924404672554,0.02440727103976713,0.08598197300695841,0.7788981050596195
44,27,0.1276146308387708,0.023297500094124825,0.10431713074464599,0.8174386436649334
44,28,0.1102128647200936,0.03725607338729765,0.07295679133279595,0.661962571411999
44,29,0.11526765253043575,0.021995340626535007,0.09327231190390074,0.8091802848095022
44,30,0.07549286690497906,0.015561508471667056,0.059931358433312,0.7938678300394403
44,31,0.09934438609105671,0.04466426067276653,0.05468012541829018,0.5504098175026385
44,32,0.09879847505864342,0.00398348208064867,0.09481499297799476,0.9596807331460915
44,33,0.13810115023836161,0.026914469420420983,0.11118668081794063,0.8051104616147888
44,34,0.10843163152315255,0.013912558814628282,0.09451907270852426,0.8716928020062333
44,35,0.09558140864237744,0.04535557110265182,0.050225837539725614,0.5254770593269666
44,36,0.08991544760444513,0.0188652049700574,0.07105024263438772,0.7901895005511292
44,37,0.09113802876176813,0.04248555303669635,0.04865247572507178,0.5338328729080567
44,38,0.08255851052991375,0.004773682626858997,0.07778482790305476,0.9421781885814264
45,0,0.09751848141552902,0.012516995200628298,0.08500148621490072,0.8716448921380039
45,1,0.11254076866047741,0.006401032913503177,0.10613973574697423,0.9431225413715242
45,2,0.11589936873921212,0.026765044594601144,0.08913432414461098,0.7690665196388964
45,3,0.09351527027723375,0.06887606325382624,0.02463920702340751,0.26347789992332316
45,4,0.11449531063714782,0.03285494311171973,0.0816403675254281,0.7130455131403435
45,5,0.09416571699905911,0.04988557908396735,0.044280137915091757,0.4702362953975511
45,6,0.07155562217235693,0.04564926472084227,0.025906357451514664,0.3620450310544948
45,7,0.12117781451519746,0.03818298850264719,0.08299482601255027,0.6849011623504855
45,8,0.10647410648008798,0.029257598326345478,0.07721650815374251,0.7252139577070128
45,9,0.0812224514785293,0.012766048021632417,0.06845640345689688,0.8428261177882934
45,10,0.11916692719929477,0.013388602524355774,0.105778324674939,0.8876483363377771
45,11,0.12306671682551729,0.04600784709834876,0.07705886972716852,0.6261552409529361
45,12,0.11745412488304754,0.0075367290641018825,0.10991739581894566,0.9358325723204152
45,13,0.10520817689444953,0.01487928419062625,0.09032889270382327,0.8585729300722134
45,14,0.09016316568668123,0.018299396644273457,0.07186376904240777,0.7970413249700634
45,15,0.14597995021284277,0.006704574416097234,0.13927537579674554,0.954071950248498
45,16,0.0554155550083652,0.0032435028074441026,0.0521720522009211,0.9414694519083229
45,17,0.08616652073614962,0.008635584414199838,0.07753093632194978,0.8997802819421843
45,18,0.0971460332464866,0.03488924887231854,0.06225678437416806,0.6408577097142528
45,19,0.07280374644214344,0.044270185859876646,0.02853356058226679,0.39192434423607836
45,20,0.08008601041140584,0.04093037138587348,0.03915563902553236,0.4889198353668498
45,21,0.083946427782983,0.014786947184941168,0.06915948059804183,0.8238525738919094
45,22,0.10073536685468361,0.024486274165300654,0.07624909268938296,0.7569247531443106
45,23,0.1375463682421505,0.03506285017816342,0.10248351806398708,0.7450834171322122
45,24,0.07976863271239235,0.0047035511062316635,0.07506508160616068,0.9410350792498797
45,25,0.10678286196748724,0.04714553520202165,0.059637326765465584,0.5584915562913428
45,26,0.09137769107748472,0.011759000184810173,0.07961869089267455,0.8713143214043458
45,27,0.10694204277257247,0.0025479187451694866,0.10439412402740297,0.9761747701922245
45,28,0.14602610672702235,0.01761404055487947,0.12841206617214287,0.8793774555134396
45,29,0.1115468638228633,0.03203934917703543,0.07950751464582786,0.7127722996505397
45,30,0.12994028967650278,0.061328991628417893,0.06861129804808488,0.5280217415160336
45,31,0.12425153386678828,0.020321359211002796,0.10393017465578548,0.8364498322186542
45,32,0.10744845803191552,0.027474892359575655,0.07997356567233987,0.7442970065571834
45,33,0.04672533394687353,0.0012871384562875565,0.045438195490585975,0.9724530924112597
45,34,0.12966318775259633,0.048780006596389036,0.0808831811562073,0.6237944829070248
45,35,0.07512092380673945,0.007483937574780067,0.06763698623195938,0.9003747931264305
45,36,0.10821113056057394,0.06075032189682457,0.04746080866374937,0.43859451812290207
45,37,0.07655649392623234,0.015825418215833276,0.06073107571039907,0.7932844438894734
45,38,0.09266982188297118,0.025371820173487897,0.06729800170948329,0.7262127016330203
46,0,0.04377341530772241,0.02716219449943178,0.016611220808290632,0.3794819456401912
46,1,0.10006919291103647,0.029522180636372707,0.07054701227466376,0.7049823249537095
46,2,0.08894519842422177,0.008958025469833488,0.07998717295438829,0.8992860139891035
46,3,0.11275477207835842,0.010636326459950173,0.10211844561840824,0.9056685028589432
46,4,0.12457016989865069,0.046296024514700496,0.0782741453839502,0.6283538462509397
46,5,0.07914600888659681,0.0067955518896073725,0.07235045699698944,0.9141390452253344
46,6,0.12370266839387063,0.02632270354555057,0.09737996484832007,0.7872098970271296
46,7,0.11443224439388786,0.03981152221463919,0.07462072217924867,0.6520952426869849
46,8,0.10546262009190505,0.010349094615452662,0.09511352547645238,0.9018695476517274
46,9,0.09388316107818184,0.023376123446395863,0.07050703763178598,0.7510083472058505
46,10,0.11860236539231638,0.03208193170488044,0.08652043368743594,0.7295000685799234
46,11,0.08767125152253336,0.014759775965170526,0.07291147555736283,0.831646341202544
46,12,0.10528609338800386,0.03933646750590192,0.06594962588210194,0.6263849646226511
46,13,0.08591582432236405,0.014254042569022832,0.07166178175334122,0.8340929312912094
46,14,0.09447728918249727,0.028222457487172635,0.06625483169532465,0.7012778654914976
46,15,0.07994463747680935,0.027113113733979496,0.05283152374282986,0.660851376781281
46,16,0.07938653350964485,0.05701130332117587,0.02237523018846898,0.2818517095944309
46,17,0.09569784342717352,0.0006525448380013572,0.09504529858917217,0.9931811959953105
46,18,0.10722749275404765,0.0031125841458017386,0.10411490860824592,0.9709721446817636
46,19,0.1001536024614216,0.011925400931885412,0.0882282015295362,0.880928886841799
46,20,0.1030379344428547,0.054414366188215706,0.04862356825463899,0.4718996796428003
46,21,0.08816484968802032,0.007199193853840612,0.08096565583417971,0.9183439445616292
46,22,0.081247919672886,0.035667114713960675,0.045580804958925324,0.5610088866575191
46,23,0.06995191740551568,0.014848266378929113,0.05510365102658657,0.7877361060333375
46,24,0.1275565209750972,0.0299278211925241,0.0976286997825731,0.7653759998803441
46,25,0.057936729065466624,0.01064378297376135,0.04729294609170527,0.8162860909573576
46,26,0.10714626958556382,0.012418465612928085,0.09472780397263574,0.8840980123623337
46,27,0.05919965249195488,0.01915645043036006,0.04004320206159482,0.6764094107991026
46,28,0.07025108706182351,0.004643332102788838,0.06560775495903468,0.9339037686533942
46,29,0.08001341773321718,0.03322799086764387,0.04678542686557331,0.5847197656468881
46,30,0.1106331328733426,0.05069271086089627,0.05994042201244633,0.5417944919002575
46,31,0.10235872937535448,0.001070035300981112,0.10128869407437337,0.9895462232922291
46,32,0.0740465324830844,0.007429193827051955,0.06661733865603245,0.899668578960816
46,33,0.07975420079245157,0.02421809257773274,0.055536108214718834,0.6963408530572989
46,34,0.12015700347203245,0.05144667486837138,0.06871032860366108,0.5718379005652715
46,35,0.12655412163828783,0.020587520484249437,0.10596660115403839,0.8373224023229214
46,36,0.0892108616260134,0.03381370874263738,0.055397152883376016,0.6209687012732821
46,37,0.11285270419886945,0.0008255029524332942,0.11202720124643616,0.9926851291841569
46,38,0.1287344611135331,0.005254287724344515,0.12348017338918858,0.9591850722883699
47,0,0.09536748288230865,0.010937581629780532,0.08442990125252811,0.8853112056729188
47,1,0.08065074657773388,0.001283347722801329,0.07936739885493256,0.9840875902919958
47,2,0.06152739107262123,0.02033935698523218,0.04118803408738905,0.669425980353604
47,3,0.10442845733453252,0.013946230694499524,0.090482226640033,0.8664518173449283
47,4,0.10720068329535613,0.03973024493589579,0.06747043835946034,0.6293844058210692
47,5,0.06573399473667768,0.00594047555813186,0.05979351917854582,0.9096285630908532
47,6,0.1215335682777468,0.031730559694817785,0.08980300858292903,0.7389152631287652
47,7,0.10339465888976351,0.07016291982118544,0.03323173906857807,0.3214067286010278
47,8,0.06931917848914801,0.01481554044977023,0.05450363803937778,0.7862706862273386
47,9,0.07491469347042687,0.026007108471213576,0.04890758499921329,0.6528436910513413
47,10,0.13823226302242544,0.059501489659929865,0.07873077336249558,0.5695542534069855
47,11,0.11200734485842159,0.01272991816095682,0.09927742669746477,0.8863474696498915
47,12,0.07962486462204794,0.053994862005793114,0.02563000261625483,0.32188441057842554
47,13,0.09348821680896383,0.01688297085566378,0.07660524595330004,0.8194107083017438
47,14,0.09625245755090664,0.0005801245816641105,0.09567233296924253,0.993972885509367
47,15,0.08985165224882222,0.018755900480846216,0.071095751767976,0.7912570329936023
47,16,0.09250698631752859,0.045979872444794206,0.04652711387273438,0.5029578383737514
47,17,0.10889329155349475,0.0422574295171995,0.06663586203629526,0.6119372560573195
47,18,0.11026084142242422,0.018899045923160454,0.09136179549926376,0.8285969372321798
47,19,0.12868229436032902,0.002508069848414788,0.12617422451191423,0.9805095964376278
47,20,0.07633137715452684,0.04286019904721177,0.03347117810731507,0.43849828674720903
47,21,0.11536886911055086,0.05400008504336903,0.06136878406718183,0.531935387252309
47,22,0.08748248497792477,0.04122300339923354,0.046259481578691225,0.5287856373806058
47,23,0.07553967616334843,0.02118759771932158,0.054352078444026855,0.7195169638600897
47,24,0.10173794088158422,0.024242149125696767,0.07749579175588746,0.7617196798398651
47,25,0.06712270398702497,0.007049914232923263,0.060072789754101706,0.8949697521976165
47,26,0.08257657027679567,0.01572720970136078,0.06684936057543489,0.8095439220998963
47,27,0.10665054240462538,0.024053177796781303,0.08259736460784407,0.7744673655242645
47,28,0.09386761599948458,0.05418208662333057,0.03968552937615401,0.4227819035733465
47,29,0.12723386110777493,0.01901251689925068,0.10822134420852425,0.850570306255613
47,30,0.06339800017702342,0.011387816466738573,0.052010183710284846,0.8203757778645875
47,31,0.07212597456556058,0.0054281521007394995,0.06669782246482107,0.9247406758323181
47,32,0.1521938953493483,0.057870274461427264,0.09432362088792104,0.6197595552134932
47,33,0.09731099266248706,0.01942210504836491,0.07788888761412216,0.8004120139260276
47,34,0.0885442372169051,0.014433027178627234,0.07411121003827786,0.8369964253769454
47,35,0.08939431060057271,0.0362099698785647,0.053184340722008006,0.5949410020022826
47,36,0.10466887878838188,0.003694578870193173,0.10097429991818871,0.9647022217782344
47,37,0.08691188541489889,0.03665783002048556,0.05025405539441333,0.5782184468155436
47,38,0.09624351558864261,0.03318669994814732,0.06305681564049528,0.6551798867157801
48,0,0.10329006445527675,0.07090060708676937,0.032389457368507374,0.31357766634497153
48,1,0.07742822728845397,0.009018259261370946,0.06840996802708302,0.8835274992442486
48,2,0.09399347794132502,0.012983671601456602,0.08100980633986843,0.8618662498097838
48,3,0.10528270452741059,0.0017204201873274212,0.10356228434008317,0.9836590426219579
48,4,0.15337155999286106,0.024896776006404428,0.12847478398645662,0.8376701912169159
48,5,0.08627236644044761,0.031015750458761676,0.055256615981685936,0.6404903245563417
48,6,0.078799383995488,0.01924065032747828,0.05955873366800972,0.755827401790603
48,7,0.068912792763563,0.03205088956448671,0.03686190319907629,0.5349065350688658
48,8,0.11236840575865532,0.037369048192715505,0.07499935756593981,0.6674416804223716
48,9,0.08089053142435049,0.015400008573793346,0.06549052285055715,0.8096191445077159
48,10,0.10838035309525479,0.019943777414351167,0.08843657568090363,0.8159834615336351
48,11,0.07328299390119017,0.03505059019982218,0.03823240370136799,0.5217090850971233
48,12,0.089487299325458,0.023818597538240262,0.06566870178721773,0.7338326475624884
48,13,0.09809393207051276,0.00549462538729934,0.09259930668321342,0.9439860828155034
48,14,0.06554092704464429,0.006671607347022269,0.05886931969762202,0.8982070036562377
48,15,0.11011428705179488,0.07260328049304449,0.03751100655875039,0.34065521889186096
48,16,0.07843385232549874,0.038195323795502285,0.04023852852999645,0.5130250183684394
48,17,0.09535057590695929,0.0026998963608221207,0.09265067954613718,0.971684530112785
48,18,0.10236345433384218,0.03950458057077092,0.06285887376307125,0.6140753472236976
48,19,0.08822469907651358,0.004709038709358453,0.08351566036715513,0.9466244854485194
48,20,0.1085730666593453,0.038713397507297964,0.06985966915204733,0.6434346132198362
48,21,0.07707193921352559,0.034868558492922586,0.042203380720603006,0.5475842589568137
48,22,0.08783452008749307,0.004620416566050651,0.08321410352144241,0.9473963475698598
48,23,0.08760826748287473,0.014953999753322702,0.07265426772955202,0.8293083497371313
48,24,0.09472431644103763,0.02260162364162411,0.07212269279941352,0.7613957588631133
48,25,0.10431646583651609,0.004586603450274316,0.09972986238624178,0.9560318362638703
48,26,0.07986887242881799,0.0007379062236995892,0.0791309662051184,0.9907610286553472
48,27,0.09855580020503314,0.01827629105805825,0.08027950914697489,0.8145589501578122
48,28,0.09444366021529317,0.04038623965538637,0.0540574205599068,0.5723774410762761
48,29,0.0816480932157147,0.008460707095240204,0.0731873861204745,0.8963759377345535
48,30,0.12246524603408729,0.08965028170867834,0.03281496432540895,0.26795327971067934
48,31,0.09342556235021665,0.032481721124381295,0.060943841225835356,0.6523251205850946
48,32,0.11159600647257904,0.04182709887237911,0.06976890760019994,0.6251917949890374
48,33,0.07952314178238275,0.011761299074666989,0.06776184270771576,0.8521021829488062
48,34,0.07697311974633297,0.008802340821617854,0.06817077892471513,0.8856439644043764
48,35,0.07089183046109418,0.01568742644809842,0.055204404012995756,0.7787131980361578
48,36,0.11659045758003642,0.0463563087646629,0.07023414881537351,0.6024004903416692
48,37,0.11038990731741412,0.012339350887407587,0.09805055643000653,0.888220298510378
48,38,0.11166871093652316,0.0627650071827924,0.04890370375373075,0.4379355984643677
49,0,0.07828415275312883,0.016203937805260242,0.06208021494786859,0.7930112642802715
49,1,0.10979902291748911,0.02483985805231473,0.08495916486517438,0.7737697714215437
49,2,0.10835592228240852,0.03926416454069627,0.06909175774171225,0.6376371155942736
49,3,0.08088415592045511,0.02494655663499354,0.055937599285461576,0.691576720420659
49,4,0.0851540416481733,0.024505248792353447,0.06064879285581986,0.7122244779220163
49,5,0.06710506184909099,0.0026361462978745434,0.06446891555121645,0.9607161333998495
49,6,0.061759797464591135,0.03548909081431737,0.026270706650273763,0.4253690544457436
49,7,0.10496032098948666,0.006935522984369006,0.09802479800511765,0.9339224297431055
49,8,0.09607971481127492,0.035703500237523646,0.06037621457375127,0.6283971043455485
49,9,0.07938688825653861,0.03454277783279995,0.04484411042373866,0.564880566660139
49,10,0.08356128955319167,0.014116501709983572,0.0694447878432081,0.8310640993519183
49,11,0.12027790838971805,0.008930279782418896,0.11134762860729916,0.925752950795557
49,12,0.09692190369721473,0.04002337070144507,0.05689853299576966,0.5870554624424362
49,13,0.10079823827339474,0.05458658087839542,0.046211657394999314,0.4584569947508367
49,14,0.09038402764603948,0.03552611341519114,0.054857914230848334,0.6069425722615731
49,15,0.12269013178898588,0.014688156600730327,0.10800197518825555,0.8802824939010383
49,16,0.0997837124967248,0.029777612397297804,0.070006100099427,0.7015784274585375
49,17,0.08849979663533702,0.06985480178297789,0.01864499485235914,0.21067839205535974
49,18,0.08526298925153866,0.04151384042276289,0.04374914882877577,0.513108315962383
49,19,0.12492444245614207,0.06000276111715047,0.0649216813389916,0.5196875812496343
49,20,0.10308590095845649,0.016148722083440196,0.08693717887501629,0.8433469375220563
49,21,0.10974005313646987,0.011561841583724183,0.09817821155274568,0.8946433753832234
49,22,0.09150306529974175,0.0001239751162233002,0.09137909018351845,0.9986451260860257
49,23,0.06907966144246266,0.026773923900980393,0.04230573754148227,0.6124195842609805
49,24,0.07286309694738882,0.005585436923763889,0.06727766002362494,0.9233434048542175
49,25,0.07935311899184849,0.032229293134285956,0.047123825857562536,0.5938496993722869
49,26,0.10687284242751684,0.021292008991279903,0.08558083343623693,0.8007725020907857
49,27,0.08452266797540589,0.017393268292702137,0.06712939968270376,0.7942177085824698
49,28,0.12515148734019618,0.033776830623489795,0.09137465671670639,0.7301124314114217
49,29,0.1114679368514367,0.028728187839771185,0.08273974901166552,0.7422739789464318
49,30,0.08264079225638199,0.01909749659989103,0.06354329565649096,0.7689095653797267
49,31,0.14915297506749542,0.010487730875248832,0.13866524419224657,0.9296847356178923
49,32,0.09492837777852031,0.005085875402610244,0.08984250237591007,0.9464240775874605
49,33,0.06922618232241065,0.02120657820142277,0.04801960412098788,0.6936624628141953
49,34,0.1090994369182818,0.013360840957377695,0.09573859596090412,0.8775351978453813
49,35,0.08189874401879182,0.0002608856423748083,0.08163785837641702,0.9968145342703308
49,36,0.06829795904896263,0.01166533584295322,0.05663262320600941,0.8291993493599074
49,37,0.09900329267786251,0.032437697565614175,0.06656559511224833,0.6723573864239025
49,38,0.08532616805383067,0.008587414270688308,0.07673875378314236,0.8993577882781438
50,0,0.08031451441201462,0.04558885690559078,0.03472565750642384,0.43237088290518344
50,1,0.10125461081042425,0.016677368374136792,0.08457724243628746,0.8352927512075348
50,2,0.08154885253091987,0.009295177091634868,0.072253675439285,0.8860170707109517
50,3,0.08682432709077118,0.007925820813231536,0.07889850627753964,0.9087142845927798
50,4,0.09528146094730913,0.03472098940851897,0.06056047153879016,0.6355955391183626
50,5,0.09707133182689298,0.01214044707072816,0.08493088475616482,0.8749327237790641
50,6,0.1271951419505844,0.03365408787665422,0.09354105407393018,0.7354137323127568
50,7,0.10975486419188865,0.08965216301057366,0.02010270118131499,0.18316000233182073
50,8,0.10748426496322684,0.022699059285917488,0.08478520567730935,0.7888150484753891
50,9,0.06796695684264072,0.006197659056921702,0.06176929778571901,0.9088136449705888
50,10,0.11869277666332732,0.039339671643900606,0.07935310501942672,0.6685588394693319
50,11,0.10880160384448585,0.00885018165489651,0.09995142218958934,0.9186576176988493
50,12,0.11446255824608834,0.005708234496007953,0.10875432375008039,0.9501301160530106
50,13,0.08001502048311912,0.033140555069973675,0.046874465413145446,0.5858208262664211
50,14,0.1036419440552223,0.01709964422246557,0.08654229983275673,0.83501231689214
50,15,0.10217958712554912,0.022819371654635868,0.07936021547091325,0.7766738710091139
50,16,0.1012551551569951,0.01386623119571908,0.08738892396127601,0.8630565409314752
50,17,0.12159600163239881,0.041661734537140456,0.07993426709525836,0.657375785569911
50,18,0.08291135598909816,0.010008886049087942,0.07290246994001022,0.8792820847073833
50,19,0.08756865998743703,0.018442980332895917,0.06912567965454111,0.7893883458358067
50,20,0.1277266341565858,0.0475586955387603,0.08016793861782551,0.6276524794315338
50,21,0.09941316466746594,0.0488670924004336,0.050546072267032345,0.5084444543749054
50,22,0.10878773591303187,0.004653657468348758,0.10413407844468311,0.9572225910458415
50,23,0.08878607107786092,0.017722628885776824,0.0710634421920841,0.8003895355360982
50,24,0.09671237656717302,0.0028345267026978985,0.09387784986447512,0.9706911689764015
50,25,0.10725260800039327,0.016482070560885537,0.09077053743950773,0.8463247573352706
50,26,0.11157683667266322,0.014489791614997853,0.09708704505766536,0.8701362034710927
50,27,0.09168266524779325,0.020479189914719042,0.07120347533307421,0.7766296402992935
50,28,0.10886744525602093,0.0224771088610701,0.08639033639495083,0.7935369126352582
50,29,0.09230026725677525,0.04786857349433152,0.04443169376244373,0.48138207052896964
50,30,0.10236828578228155,0.03754006898041009,0.06482821680187145,0.6332841886182319
50,31,0.1203931582175323,0.03057108079401294,0.08982207742351936,0.7460729393046106
50,32,0.08617362778250932,0.045168588217409635,0.04100503956509969,0.4758420948528581
50,33,0.10186261806529229,0.017803362005350362,0.08405925605994193,0.8252218297203131
50,34,0.11413030166917715,0.04004976527186085,0.0740805363973163,0.6490873616723561
50,35,0.10275038084639564,0.03405712888554825,0.06869325196084738,0.6685449863542483
50,36,0.10482168771458295,0.023431055477680433,0.08139063223690252,0.7764674850353448
50,37,0.09527517665108888,0.039326244820726095,0.055948931830362786,0.5872351413763908
50,38,0.10383942768941873,0.0327491149417633,0.07109031274765543,0.6846177249771144
51,0,0.08719544816988999,0.011653479797549696,0.07554196837234028,0.8663522002336145
51,1,0.1025487720339482,0.06241662356200108,0.04013214847194712,0.3913469432736025
51,2,0.1243395500131373,0.06404490773654456,0.060294642276592744,0.48491925755097404
51,3,0.0819247214869423,0.009814701854866693,0.07211001963207561,0.8801985325463569
51,4,0.09627583897716027,0.021520442228856747,0.07475539674830353,0.7764709977343113
51,5,0.10873846526404837,0.018864006034929513,0.08987445922911885,0.8265194750622765
51,6,0.1060470744156509,0.049589895997939185,0.05645717841771171,0.5323784623838667
51,7,0.11686441396919742,0.016115373462364732,0.10074904050683268,0.86210196145242
51,8,0.08631279377052234,0.01624784148208972,0.07006495228843262,0.8117562788514592
51,9,0.10900194775638364,0.04058704498775993,0.0684149027686237,0.6276484427739689
51,10,0.10195615218929191,0.01044382027939681,0.0915123319098951,0.8975655705404928
51,11,0.08823307246120769,0.010108866435381954,0.07812420602582573,0.8854299623327024
51,12,0.1268629919158871,0.09616416591442067,0.030698826001466423,0.24198409274329907
51,13,0.1008021780109828,0.007301065308216354,0.09350111270276645,0.9275703615509094
51,14,0.1169183876703277,0.006173497890733433,0.11074488977959426,0.9471982293483151
51,15,0.10599057510228374,0.014894321445849342,0.0910962536564344,0.859475038875146
51,16,0.12782915272635254,0.03228200999306584,0.0955471427332867,0.7474597202238144
51,17,0.10434199116840293,0.04126675380015423,0.06307523736824869,0.6045048274615376
51,18,0.06948490838659199,0.001625016669595046,0.06785989171699694,0.9766133868874954
51,19,0.1074770709130741,0.016080874294588154,0.09139619661848594,0.85037855834763
51,20,0.10657327397240965,0.021029932798811234,0.08554334117359841,0.802671607853057
51,21,0.09576185972686113,0.004687957901340214,0.09107390182552091,0.9510456677145624
51,22,0.08104896076191113,0.010102814483464288,0.07094614627844685,0.8753492408972122
51,23,0.10319567325967356,0.04550291917031543,0.05769275408935813,0.5590617539185444
51,24,0.13865693038330504,0.002637332005890572,0.13601959837741445,0.9809794433022575
51,25,0.07956510267239822,0.012065110739542029,0.06749999193285619,0.848361777534317
51,26,0.10099682195576515,0.019141638241524574,0.08185518371424058,0.8104728656718696
51,27,0.0975390831064148,0.06115922851341202,0.03637985459300279,0.3729772049765169
51,28,0.10242491854340226,0.006755700302361997,0.09566921824104026,0.9340424146932634
51,29,0.07593514595001993,0.039958273850914466,0.03597687209910547,0.4737841963559961
51,30,0.10550243383322477,0.015991424003101995,0.08951100983012278,0.8484260180349888
51,31,0.0993910560127737,0.0029559682779082084,0.09643508773486549,0.9702592124835829
51,32,0.1090807840187453,0.01592612990017482,0.09315465411857048,0.8539969249080759
51,33,0.09038105177985298,0.03518971305533214,0.05519133872452084,0.6106516536115776
51,34,0.08606026584140641,0.009424933576121793,0.07663533226528463,0.8904844938140182
51,35,0.12908936164027965,0.02499842156929982,0.10409094007097983,0.8063479340849139
51,36,0.1013307925348709,0.029557947323579283,0.07177284521129162,0.7083024164307457
51,37,0.08656522506280273,0.019181780378351478,0.06738344468445126,0.7784124010024214
51,38,0.12187419673240704,0.04391762501009083,0.07795657172231621,0.6396478812777858
52,0,0.1217965165633951,0.02197197825820177,0.09982453830519333,0.8196009304850246
52,1,0.10405482056569965,0.03081077354861117,0.07324404701708848,0.7038986432237667
52,2,0.07445025145379869,0.03283912571357309,0.041611125740225595,0.5589118226961001
52,3,0.1280321446541821,0.04132374285818294,0.08670840179599917,0.6772393138473205
52,4,0.10662939450324921,0.013157496059672513,0.0934718984435767,0.876605357078422
52,5,0.10147121162070433,0.029525094923371267,0.07194611669733306,0.7090298376081781
52,6,0.09894632366709712,0.000405899508091289,0.09854042415900582,0.9958977808063194
52,7,0.09035383136239103,0.009371222342075386,0.08098260902031565,0.8962830662433197
52,8,0.11990292474819415,0.08725867508009744,0.03264424966809672,0.2722556579554025
52,9,0.09168541095135394,0.01344533818881925,0.07824007276253468,0.8533535701121193
52,10,0.08614889611381808,0.01833569723743257,0.06781319887638551,0.7871627140386356
52,11,0.11701131225255995,0.011984076086968902,0.10502723616559105,0.8975819016446701
52,12,0.11313473520720471,0.0199712993087565,0.09316343589844821,0.8234733190281539
52,13,0.09466559565995832,0.008458550405037738,0.08620704525492058,0.9106481045614385
52,14,0.12340597031140732,0.02981062895540119,0.09359534135600613,0.758434467310002
52,15,0.09340032369653276,0.045382551925599826,0.04801777177093293,0.5141071237284744
52,16,0.08364156273794819,0.013474434099026584,0.0701671286389216,0.8389026500946373
52,17,0.07540670939938272,0.018756338921270137,0.05665037047811258,0.7512643228876438
52,18,0.11374668298019791,0.01643117674219506,0.09731550623800285,0.8555458822033909
52,19,0.10075542456382963,0.037140529820254585,0.06361489474357504,0.6313793527143973
52,20,0.11369585127584958,0.060787961512562765,0.052907889763286815,0.46534582545955316
52,21,0.098180702604014,0.054206248646594554,0.043974453957419446,0.4478930460986699
52,22,0.10613851983877856,0.022443223006769174,0.08369529683200938,0.7885478048793236
52,23,0.1032083634602112,0.03600946459900561,0.06719889886120559,0.6510993548222673
52,24,0.11509611420081726,0.01614244643587614,0.09895366776494113,0.8597481196653509
52,25,0.10196846930689676,0.026317980869494502,0.07565048843740227,0.7419007949380442
52,26,0.10913332803191461,0.007078521788799058,0.10205480624311555,0.9351387709286293
52,27,0.11457523130876494,0.0070635361302370005,0.10751169517852795,0.9383502346052288
52,28,0.07822398478354181,0.024490025354281953,0.05373395942925986,0.686924343958573
52,29,0.10023572739644684,0.022042246603573536,0.0781934807928733,0.7800959081546517
52,30,0.09062213435420016,0.01874422133607756,0.0718779130181226,0.7931606723936225
52,31,0.12610936114886667,0.04304628482770586,0.0830630763211608,0.6586590841825646
52,32,0.09933446393856724,0.026875449225514922,0.07245901471305231,0.7294448657604287
52,33,0.08952569599078428,0.03348799984988292,0.05603769614090136,0.6259397988558486
52,34,0.09709480437346113,0.017829213338994468,0.07926559103446666,0.8163731473167506
52,35,0.08713764762224792,0.005701364734869482,0.08143628288737843,0.9345705915818892
52,36,0.11904002923261167,0.006638104554955998,0.11240192467765567,0.9442363665588092
52,37,0.09394389567063066,0.056968059749651356,0.036975835920979305,0.39359487550545474
52,38,0.07593048250981389,0.023194495740113272,0.05273598676970062,0.6945298518666015
53,0,0.10337867724630381,0.029566972035384203,0.0738117052109196,0.7139935156556538
53,1,0.0908199177141569,0.03623123535960355,0.05458868235455335,0.6010650937425825
53,2,0.07008521716125968,0.0013301306834095136,0.06875508647785017,0.9810212376120773
53,3,0.11169412130563992,0.0345016982099609,0.07719242309567903,0.6911055138206387
53,4,0.10118729298106853,0.02034804628249834,0.08083924669857019,0.7989070990731482
53,5,0.09516108781366917,0.04411713962623325,0.05104394818743591,0.5363951732811512
53,6,0.12924059716133496,0.024147040753102162,0.1050935564082328,0.8131621078556401
53,7,0.09852787013211227,0.0006984394691147561,0.09782943066299751,0.9929112496984026
53,8,0.08309613247840736,0.015148140862546882,0.06794799161586047,0.8177034187904816
53,9,0.10882510224438588,0.03854214809114709,0.07028295415323879,0.6458340282135098
53,10,0.13003269404990161,0.033597146823731536,0.09643554722617008,0.741625388374725
53,11,0.10723503512784813,0.01195668583422157,0.09527834929362655,0.8885001919385158
53,12,0.11119200128470502,0.06856437114739117,0.042627630137313854,0.3833695737534808
53,13,0.09194114201403977,0.047892351739542545,0.04404879027449723,0.4790977065280612
53,14,0.1360429319276203,0.02617561121916618,0.10986732070845412,0.8075930087048364
53,15,0.11137197532139488,0.033000052631181616,0.07837192269021326,0.703695184215322
53,16,0.11468876430443481,0.03490254370928223,0.07978622059515258,0.695675998246564
53,17,0.07203034677088756,0.025342067657798922,0.046688279113088635,0.6481751262644011
53,18,0.13955374239838442,0.04759506374131526,0.09195867865706916,0.6589481376612208
53,19,0.09978712971281933,0.025652107483544493,0.07413502222927484,0.7429317031427847
53,20,0.10964971981426055,0.019261978867849215,0.09038774094641133,0.8243317091874219
53,21,0.07746880025441913,0.025096981103611467,0.05237181915080766,0.6760375658176035
53,22,0.08157731710917812,0.04800434547147443,0.03357297163770369,0.41154787663305553
53,23,0.06759305092374497,0.029262936268998993,0.03833011465474598,0.5670718236699813
53,24,0.07800840109668242,0.017745367379385098,0.06026303371729732,0.7725197910749156
53,25,0.07550756517545261,0.012173423392062298,0.06333414178339031,0.8387787586081525
53,26,0.061959758777809536,0.0016091581094091392,0.060350600668400395,0.9740289804035608
53,27,0.0992901019908322,0.05528179134744206,0.04400831064339014,0.44322958442981136
53,28,0.13811201989090968,0.013832733793091866,0.12427928609781781,0.8998440989856067
53,29,0.11985536393902124,0.03501376751137937,0.08484159642764187,0.7078664954103071
53,30,0.08147789841616618,0.004071943392707717,0.07740595502345846,0.950023951625392
53,31,0.08325239193386491,0.035918667220913886,0.047333724712951025,0.5685569340824776
53,32,0.1336254842285593,0.006549033994309195,0.1270764502342501,0.9509896332116752
53,33,0.1091691953364549,0.026450903557695516,0.08271829177875939,0.7577072591203504
53,34,0.10574877638170488,0.015930676982234236,0.08981809939947064,0.8493535572957198
53,35,0.10568408663672338,0.007420311677671827,0.09826377495905156,0.929787805204976
53,36,0.0931149385643403,0.04485294883702368,0.04826198972731662,0.5183055530232529
53,37,0.08651928247724551,0.016080994743461315,0.07043828773378419,0.8141339793508966
53,38,0.07063156170873955,0.003394264701535199,0.06723729700720435,0.9519440796802429
54,0,0.08310668588964384,0.025902874162957723,0.05720381172668612,0.6883178063753647
54,1,0.12020602668130909,0.034160097632852486,0.0860459290484566,0.7158204245165016
54,2,0.12097531303731353,0.0010244671614678888,0.11995084587584565,0.9915316014834209
54,3,0.112397317142365,0.08513684433484445,0.027260472807520558,0.24253668593345357
54,4,0.0876032956250428,0.06002984924774209,0.02757344637730072,0.31475352816998825
54,5,0.10134033434609302,0.0017192073851708123,0.09962112696092221,0.9830353097188386
54,6,0.10873673728128172,0.017635794911258405,0.09110094237002331,0.8378119911246014
54,7,0.10943036894233846,0.05294243194136015,0.05648793700097831,0.5161998222883009
54,8,0.11630477415861837,0.0037987420938653225,0.11250603206475304,0.9673380381730113
54,9,0.08290154590307307,0.011017894879538047,0.07188365102353503,0.8670966293871051
54,10,0.1548332089025375,0.019523738489125093,0.1353094704134124,0.8739047092835578
54,11,0.11527101178781458,0.016584978645856237,0.09868603314195834,0.8561218610938794
54,12,0.13850336463380042,0.03498207336084304,0.10352129127295738,0.7474279888193706
54,13,0.08485192407599226,0.02292014616691187,0.061931777909080395,0.7298806548407213
54,14,0.11646462479649344,0.006189032564559421,0.11027559223193402,0.9468591207383878
54,15,0.07500545818916113,0.015167215675871738,0.05983824251328939,0.7977851740119959
54,16,0.08945546686362478,0.01712293415227468,0.0723325327113501,0.8085870573077588
54,17,0.07152186437033475,0.00043552192561332505,0.07108634244472142,0.9939106463534252
54,18,0.14641926884455347,0.023430231005929877,0.1229890378386236,0.8399785001603535
54,19,0.07017004864087949,0.014403004381342588,0.0557670442595369,0.794741422297494
54,20,0.08594590891606463,0.023204887170225365,0.06274102174583926,0.730005913453223
54,21,0.1386873317324911,0.11735114746333702,0.021336184269154068,0.15384378661425724
54,22,0.10485257231125092,0.037144402029339024,0.0677081702819119,0.645746392190768
54,23,0.08771138621831176,0.02570360359561486,0.0620077826226969,0.7069524869708576
54,24,0.13251235045027718,0.046032416081195945,0.08647993436908123,0.6526179188220742
54,25,0.11174159887516627,0.021543587035806017,0.09019801183936026,0.8072017292335888
54,26,0.10346598991441114,0.015108059550474536,0.0883579303639366,0.8539804281293575
54,27,0.0784938781637963,0.033957221354556456,0.04453665680923984,0.5673901946378981
54,28,0.08786502033423213,0.02585558934090492,0.06200943099332721,0.7057351236868535
54,29,0.12538323367096432,0.09362928260707826,0.031753951063886066,0.2532551612699354
54,30,0.06812082512118736,0.007837705349231302,0.06028311977195606,0.8849440632099218
54,31,0.1149720161315191,0.05810961176506112,0.05686240436645798,0.4945760392808263
54,32,0.10838672503511697,0.007291813442693569,0.1010949115924234,0.9327241095223512
54,33,0.0746763534944459,0.02829605087998821,0.04638030261445769,0.6210841912347428
54,34,0.07049416492512314,0.002447679354896976,0.06804648557022616,0.9652782700880728
54,35,0.10167331970141344,0.03429818203247356,0.06737513766893988,0.6626629077008808
54,36,0.10059050095695166,0.012793800611517227,0.08779670034543444,0.8728130341353761
54,37,0.09156367181701791,0.033745779105555915,0.057817892711461996,0.6314501326137953
54,38,0.08931566951324359,0.05197966800122707,0.03733600151201652,0.41802297083470213
55,0,0.1141794865152206,0.006861018932278841,0.10731846758294175,0.9399102313236953
55,1,0.05672872348446746,0.03804526704956657,0.018683456434900894,0.3293473797275995
55,2,0.061945511955751285,0.0141955212779021,0.047749990677849186,0.7708385833013666
55,3,0.09455269759451781,0.008524996270015685,0.08602770132450213,0.9098386774053291
55,4,0.11568295715912202,0.056827243069256406,0.05885571408986562,0.5087673719207362
55,5,0.11907669354392776,0.0634737153394809,0.05560297820444686,0.46695097545629066
55,6,0.11996265165283407,0.04406535728017562,0.07589729437265845,0.632674364287157
55,7,0.09809962173862358,0.02324495956043942,0.07485466217818415,0.7630474088638869
55,8,0.0767617744741009,0.005701167891030288,0.07106060658307062,0.9257290763522691
55,9,0.08111868580334072,0.023172506553538263,0.05794617924980246,0.7143382400238053
55,10,0.08957934047612237,0.0033034534169839747,0.0862758870591384,0.9631225972481399
55,11,0.0721166048620644,0.03134221879919981,0.0407743860628646,0.5653952531577537
55,12,0.1499034102096733,0.010690992060342033,0.13921241814933127,0.9286807948839303
55,13,0.08043454039605237,0.0132859239052585,0.06714861649079387,0.8348231513496588
55,14,0.09490587519794803,0.015063432977729873,0.07984244222021816,0.8412802901157423
55,15,0.08800310149645177,0.028386173407410512,0.05961692808904126,0.6774412159944724
55,16,0.1103862195780792,0.01312088209833567,0.09726533747974353,0.8811365934218364
55,17,0.09877090896061994,0.028190831563309357,0.07058007739731058,0.7145836576785066
55,18,0.09640175088233105,0.05965135469845366,0.03675039618387739,0.381221252181771
55,19,0.07903411673462088,0.0032117198151252226,0.07582239691949566,0.9593628682419585
55,20,0.07767488045782558,0.02326229093597626,0.054412589521849325,0.7005171968226359
55,21,0.090399100183668,0.030931594509202676,0.05946750567446532,0.6578329380894552
55,22,0.09755313159318274,0.003562901542350068,0.09399023005083268,0.9634773227249319
55,23,0.09625974381099353,0.01295737587198259,0.08330236793901094,0.8653915400250342
55,24,0.08768938071164997,0.0004081204998708475,0.08728126021177912,0.9953458389538309
55,25,0.09935321885862383,0.006122843431596222,0.09323037542702761,0.9383729736999381
55,26,0.07140090218617365,0.040941233991750016,0.030459668194423632,0.42660060674025996
55,27,0.10936666735275029,0.014241137519229018,0.09512552983352127,0.8697853938138593
55,28,0.09682302710415522,0.044816075144013846,0.05200695196014137,0.5371341251724763
55,29,0.09737841300674716,0.01488933388244074,0.08248907912430642,0.8470982076755648
55,30,0.08082359729742973,0.039925024276044774,0.04089857302138496,0.5060226764082124
55,31,0.07922855874943796,0.040813079966865104,0.03841547878257286,0.48486908494779823
55,32,0.08757834589374874,0.04056401836176981,0.047014327531978935,0.5368259362767295
55,33,0.06742538414492227,0.005868746849577541,0.06155663729534473,0.912959385786169
55,34,0.10118156425697905,0.02001023342288582,0.08117133083409322,0.8022343934902587
55,35,0.09407636514717016,0.03760683914556226,0.0564695260016079,0.6002519964846508
55,36,0.09056409667854325,0.024629188955274432,0.06593490772326882,0.7280468766480872
55,37,0.10159548869826471,0.022567922951015677,0.07902756574724903,0.7778649107339631
55,38,0.08659736652184605,0.004294575240282372,0.08230279128156368,0.9504075538001612
56,0,0.08784113085938891,0.006427796759932077,0.08141333409945684,0.9268247494420202
56,1,0.0991569294876849,4.0123850204491426e-05,0.0991168056374804,0.9995953500132386
56,2,0.08665073297868094,0.0035906889046932074,0.08306004407398773,0.9585613556716637
56,3,0.07344740388836105,0.02828986825703244,0.045157535631328606,0.6148282068617072
56,4,0.057646193454701296,0.024381435959590733,0.03326475749511056,0.577050374041613
56,5,0.09147155920373544,0.010288568293412185,0.08118299091032326,0.8875216692163697
56,6,0.1403124938314067,0.004340964323174674,0.13597152950823202,0.9690621682742622
56,7,0.12999772305410803,0.0027159973102730663,0.12728172574383498,0.9791073470637436
56,8,0.09678919112332378,0.07212405356747945,0.024665137555844333,0.2548335952556654
56,9,0.1336214967675126,0.0517870548877026,0.08183444187980998,0.6124347044412572
56,10,0.10352069806102583,0.006865709608132044,0.09665498845289379,0.933677904643913
56,11,0.07370055231760946,0.004753734884281397,0.06894681743332806,0.9354993316224366
56,12,0.11477080587560212,0.0250606747903713,0.08971013108523082,0.7816459107420219
56,13,0.12758045230010934,0.04065576262573897,0.08692468967437036,0.6813323523097109
56,14,0.11862697952250886,0.05783191350481362,0.06079506601769524,0.5124893701450073
56,15,0.1104583797541322,0.03540128328185642,0.07505709647227578,0.6795056802330828
56,16,0.1130021601355759,0.026752443835706255,0.08624971629986965,0.7632572350509969
56,17,0.08178491362881524,0.016515302659047004,0.06526961096976823,0.7980641914717609
56,18,0.11582670733134562,0.034758343679546846,0.08106836365179877,0.6999108022633018
56,19,0.13239389077975644,0.09914102573305796,0.033252865046698485,0.2511661591849145
56,20,0.08848122203062855,0.024421219588216456,0.0640600024424121,0.7239954531848256
56,21,0.06896883345263234,0.0083986583959402,0.06057017505669214,0.8782253088025856
56,22,0.06562984854310658,0.002148515131026346,0.06348133341208023,0.9672631404959715
56,23,0.07891731501062993,0.025259560822702767,0.05365775418792716,0.6799237173831829
56,24,0.09541965094051408,0.0022042036089796654,0.09321544733153442,0.9768998986345717
56,25,0.10573319476090132,0.001795640927226714,0.1039375538336746,0.9830172451396435
56,26,0.10132559141601997,0.033389905841049936,0.06793568557497004,0.6704691739329847
56,27,0.08097476539143929,0.005124882267460567,0.07584988312397872,0.9367101313268841
56,28,0.11625139240146319,0.06574730702773926,0.05050408537372393,0.434438541598821
56,29,0.11801936837635041,0.005799621587941083,0.11221974678840932,0.950858730497127
56,30,0.09473566656308671,0.00597849891635825,0.08875716764672846,0.9368928394843031
56,31,0.13706580274499486,0.02185756900887772,0.11520823373611713,0.8405322949186471
56,32,0.11893816146752428,0.01703658657075309,0.1019015748967712,0.8567609725882228
56,33,0.09253048278849932,0.01430067649971526,0.07822980628878407,0.8454490231894403
56,34,0.0843492152119322,0.05123335919108661,0.03311585602084559,0.392604198363199
56,35,0.1019566484892856,0.04322096500625905,0.058735683483026546,0.5760848787531394
56,36,0.10434725936817606,0.017806386952898667,0.08654087241527739,0.8293545315831334
56,37,0.10210899123577091,4.655209476794398e-05,0.10206243914100296,0.99954409406846
56,38,0.09662342864457721,0.012887807528020753,0.08373562111655646,0.8666181928253893
57,0,0.0886004855018361,0.04188815639046147,0.04671232911137462,0.5272243018398199
57,1,0.1290178486591671,0.005152508344388018,0.12386534031477908,0.9600636005177884
57,2,0.08958175156246613,0.054082419469523274,0.035499332092942856,0.39627861114312846
57,3,0.08749283279812334,0.015146503506659057,0.07234632929146428,0.8268829226091313
57,4,0.1222388705574581,0.0018467756897096663,0.12039209486774843,0.9848920749898323
57,5,0.0862721208557306,0.019476934015221797,0.06679518684050881,0.7742383771022358
57,6,0.10468993592802152,0.055735814882402535,0.048954121045618984,0.4676105741365329
57,7,0.13071577483359334,0.032917932852252044,0.0977978419813413,0.7481716885803725
57,8,0.07728161676348547,0.00634202092228405,0.07093959584120142,0.9179362287192655
57,9,0.1081505586877912,0.013875022548912014,0.09427553613887919,0.8717064181890507
57,10,0.13788187079408568,0.01894157262668146,0.11894029816740422,0.8626246328281328
57,11,0.10264985953604552,0.007884722713994829,0.09476513682205069,0.923188178243672
57,12,0.10499839288540966,0.019277669069902983,0.08572072381550667,0.8164003415657826
57,13,0.11915237013497712,0.020982354123387458,0.09817001601158966,0.8239031745686769
57,14,0.1242782787444745,0.004058237800045699,0.1202200409444288,0.9673455583626988
57,15,0.09704708968485953,0.046355606489383354,0.05069148319547618,0.5223390352053456
57,16,0.07809479297161202,0.00987284747843468,0.06822194549317734,0.8735786714739927
57,17,0.07598509348264096,0.012776946990709925,0.06320814649193103,0.8318492956302165
57,18,0.10477722708718445,0.06587175753011114,0.038905469557073316,0.37131608307118424
57,19,0.1231019938224425,0.013217834954733703,0.10988415886770879,0.8926269628597682
57,20,0.07710007014939167,0.032401501331204334,0.04469856881818734,0.579747446812667
57,21,0.08189149400749261,0.00221167882151137,0.07967981518598125,0.9729925696396623
57,22,0.08523603233689905,0.007768313092667279,0.07746771924423178,0.9088611602430919
57,23,0.1389892230714841,0.005351595509376323,0.13363762756210776,0.9614963276208549
57,24,0.08538190342886101,0.028931532181402115,0.0564503712474589,0.6611514733270446
57,25,0.09515247733839441,0.002559091032357118,0.09259338630603729,0.9731053662086366
57,26,0.07889575408593028,0.010578893422870524,0.06831686066305975,0.8659130197127162
57,27,0.07946153125452302,0.011591020788907011,0.067870510465616,0.8541304124661296
57,28,0.09763217777019947,0.014320711797046347,0.08331146597315313,0.8533197545715558
57,29,0.09695539855018118,0.06326594213873005,0.03368945641145113,0.3474737551000266
57,30,0.11120921076460916,0.05300265689440236,0.0582065538702068,0.5233968793592972
57,31,0.15416524461645384,0.07270066895270505,0.08146457566374879,0.528423743408728
57,32,0.09583420425536293,0.01587153562545063,0.0799626686299123,0.8343854811674669
57,33,0.10585294532090772,0.023152110684916193,0.08270083463599152,0.7812804299896673
57,34,0.07511062548292916,0.040055910660182784,0.03505471482274637,0.46670780062553824
57,35,0.08175567474085263,0.026490749058690543,0.05526492568216208,0.6759766322929833
57,36,0.1284674139044149,0.006364946053197033,0.12210246785121787,0.9504547818022333
57,37,0.09688725004359927,0.028684373795452512,0.06820287624814676,0.7039406755528251
57,38,0.10515450486920197,0.01083049883252276,0.0943240060366792,0.8970039481808749
58,0,0.09534407657922038,0.02054205939251235,0.07480201718670804,0.7845481320966576
58,1,0.10023965506556218,0.010991093623523117,0.08924856144203906,0.8903518411317922
58,2,0.05602676305012248,0.003062797832654767,0.05296396521746771,0.9453333074067702
58,3,0.09565390338713303,0.0020479125977090375,0.093605990789424,0.9785903917645612
58,4,0.1411702888974443,0.06868775231198662,0.07248253658545767,0.5134404494851882
58,5,0.09622481466682925,0.02996790992476914,0.06625690474206011,0.688563599436064
58,6,0.1145320518635394,0.0467436635273578,0.0677883883361816,0.5918726437988634
58,7,0.12630381706325028,0.010207356063342537,0.11609646099990774,0.9191841046400766
58,8,0.09029920233972441,0.004247632365009406,0.086051569974715,0.9529604663723503
58,9,0.08106445490106577,0.026805225434195456,0.05425922946687031,0.669334414609836
58,10,0.09313000674331429,0.016356382875583098,0.07677362386773119,0.8243704317485481
58,11,0.10969387607842429,0.04665852157660592,0.06303535450181838,0.5746478906147142
58,12,0.09642911742397187,0.003020682134225864,0.093408435289746,0.9686745848668845
58,13,0.06436259745916506,0.024727567279699242,0.03963503017946582,0.6158084313581706
58,14,0.06833607329477775,0.006383096518149872,0.06195297677662788,0.9065925767988534
58,15,0.13857114191142714,0.034545951668041544,0.10402519024338559,0.7506988021349866
58,16,0.09175791315770909,0.0038387653459331338,0.08791914781177596,0.9581642038944886
58,17,0.1094728820111648,0.03904309481620025,0.07042978719496455,0.6433537320026126
58,18,0.08440825232336403,0.04460300298298725,0.03980524934037678,0.47158006764415344
58,19,0.08014280219644024,0.0373900760611782,0.042752726135262036,0.5334568415822253
58,20,0.12398658293374931,0.009294135497961105,0.11469244743578821,0.9250391834499762
58,21,0.08005665551830188,0.009639080598540767,0.07041757491976111,0.8795967613668653
58,22,0.07743183489985635,0.03565681037583725,0.0417750245240191,0.5395070977983062
58,23,0.09570788577426265,0.0224831084534683,0.07322477732079435,0.7650861444531631
58,24,0.13704001028466176,0.0370612426235025,0.09997876766115926,0.7295589620394929
58,25,0.08945586082782492,0.04341007602182513,0.04604578480599979,0.5147318954833355
58,26,0.10913559555967395,0.04497151721852394,0.06416407834115001,0.5879298867807609
58,27,0.07933389569709066,0.009195938014712274,0.07013795768237839,0.884085636613336
58,28,0.084760416160749,0.02493356240135761,0.059826853759391396,0.7058348279688617
58,29,0.09103746950530636,0.011997590709584487,0.07903987879572187,0.868212607679246
58,30,0.11228535980558675,0.04209785896663429,0.07018750083895246,0.6250814973606229
58,31,0.08317435562879918,0.04443019182405659,0.0387441638047426,0.4658186229618039
58,32,0.08953190144307487,0.039505438761418245,0.05002646268165662,0.5587557270127215
58,33,0.09576592682279823,0.020436319382440667,0.07532960744035756,0.7866013512274017
58,34,0.09001138066129011,0.017564897847233113,0.072446482814057,0.8048591442749973
58,35,0.11774533315093025,0.05044468831768948,0.06730064483324077,0.5715780237928612
58,36,0.111078486206633,0.009391551165004064,0.10168693504162894,0.9154512139503459
58,37,0.10330109957228632,0.00737014975828856,0.09593094981399776,0.928653714347627
58,38,0.10442803915541708,0.03219236526075113,0.07223567389466595,0.6917268051654192
59,0,0.14209184014789553,0.11597214113499424,0.026119699012901287,0.18382265291036234
59,1,0.11141263105522331,0.04222890893531288,0.06918372211991043,0.6209683898912548
59,2,0.1104858706838878,0.046326457190070336,0.06415941349381746,0.5807024291584268
59,3,0.12317067077342903,0.004198539248532772,0.11897213152489625,0.9659128328020886
59,4,0.09161931525989592,0.033135549077051046,0.05848376618284487,0.638334460555008
59,5,0.10334868933220212,0.0014119056469349169,0.10193678368526721,0.9863384271628592
59,6,0.07076696077183503,0.06029549526004235,0.010471465511792677,0.14797110682136683
59,7,0.10665338230352864,0.026199530316622956,0.08045385198690569,0.7543488096602433
59,8,0.08566574880742564,0.021803560190976543,0.0638621886164491,0.745481006183809
59,9,0.09716457525090455,0.014636276347541735,0.08252829890336282,0.8493661263917739
59,10,0.0907738805426794,0.014780801638724812,0.0759930789039546,0.8371690011448252
59,11,0.10890753319112484,0.03593410500961865,0.07297342818150619,0.6700494083677674
59,12,0.08697389332110303,0.027387511957199982,0.05958638136390305,0.6851065197681018
59,13,0.08036996891437223,0.01734514665336138,0.06302482226101085,0.7841837332070981
59,14,0.1269731085295118,0.04767825398791698,0.07929485454159482,0.624501167687524
59,15,0.08822895248245333,0.030245715254482938,0.057983237227970386,0.6571905887639535
59,16,0.10568330572932451,0.03037602456447991,0.0753072811648446,0.7125749960710085
59,17,0.07495351697542607,0.007558112088879312,0.06739540488654676,0.8991626758307114
59,18,0.11517652468017002,0.02336718480941305,0.09180933987075697,0.7971185111349676
59,19,0.08666067690256854,0.054721507826798604,0.031939169075769935,0.3685543457233634
59,20,0.10959765127520095,0.060316525765769055,0.049281125509431895,0.4496549418352628
59,21,0.11402671534315956,0.01566266395625196,0.0983640513869076,0.8626404004612805
59,22,0.07942818752490692,0.014114788426687487,0.06531339909821943,0.8222949702552207
59,23,0.0887144208141933,0.02564225323069159,0.0630721675835017,0.7109573280718626
59,24,0.12065869633394721,0.039361059050531444,0.08129763728341577,0.6737818305147952
59,25,0.10080084482107954,0.00809878025056758,0.09270206457051196,0.9196556312108015
59,26,0.08112292056326639,0.0021098781759125926,0.0790130423873538,0.9739915900307468
59,27,0.09995608858033325,0.03535963946509278,0.06459644911524047,0.6462482679414295
59,28,0.08512979673478378,0.01260720947410057,0.07252258726068321,0.8519060310530577
59,29,0.07476414125522571,0.04488363323553241,0.029880508019693296,0.3996636290877583
59,30,0.1372027127858299,0.0034774390964338996,0.13372527368939602,0.9746547351300401
59,31,0.12960364717289305,0.023562574161914193,0.10604107301097886,0.8181951304928835
59,32,0.0935399924792304,0.003715902003661538,0.08982409047556886,0.9602747241562307
59,33,0.09943194680577144,0.033365315003433454,0.06606663180233799,0.6644406946128828
59,34,0.06891272235324898,0.019240831989387266,0.049671890363861715,0.7207941968863442
59,35,0.09309385021402161,0.0670808987735952,0.02601295144042641,0.27942717355252744
59,36,0.11908140197357368,0.02751673515374473,0.09156466681982896,0.7689249983817692
59,37,0.09099823657971035,0.03319109969773734,0.057807136881973004,0.6352555725773494
59,38,0.09088431447482344,0.009489801982091508,0.08139451249273193,0.8955837205030539
60,0,0.12070155208804839,0.008752330738696202,0.11194922134935219,0.9274878360113247
60,1,0.10531587036818273,0.026874071696035895,0.07844179867214683,0.744824102938289
60,2,0.06585678275708576,0.005017487242230365,0.060839295514855396,0.9238121415566642
60,3,0.08564891795402726,0.007819733011313813,0.07782918494271346,0.9087001540928852
60,4,0.09190133165122819,0.02724246542969097,0.06465886622153721,0.7035683276812791
60,5,0.07972859844852409,0.018148339159207064,0.06158025928931703,0.7723735333071942
60,6,0.08352685520288622,0.027937391961397016,0.0555894632414892,0.6655280281588806
60,7,0.1232189597782056,0.06717190778187354,0.05604705199633206,0.4548573701418749
60,8,0.11143768841681732,0.02102281694656252,0.0904148714702548,0.8113491293185339
60,9,0.09849798245952583,0.01263562579398999,0.08586235666553585,0.8717169075094291
60,10,0.12002205130461081,0.05913239571623963,0.060889655588371186,0.5073205708993913
60,11,0.06424956819936727,0.005210485345118343,0.05903908285424892,0.9189024067998381
60,12,0.08867640459062617,0.016063258600479406,0.07261314599014676,0.8188553237511681
60,13,0.09682254231684398,0.013194123327133721,0.08362841898971025,0.8637288072445256
60,14,0.06916273095840178,0.006339192710243547,0.06282353824815823,0.9083438056537084
60,15,0.08219404544778519,0.015515646995978764,0.06667839845180643,0.8112314960110428
60,16,0.10234454537365978,0.023343926547150763,0.07900061882650902,0.7719084445397445
60,17,0.11944638705191155,0.0005259388697998295,0.11892044818211171,0.9955968624687555
60,18,0.09458044977623023,0.027794226618505332,0.0667862231577249,0.706131376153695
60,19,0.0845681773492716,0.04969643418525407,0.03487174316401754,0.4123506531303751
60,20,0.09265851917654791,0.0336646985691969,0.05899382060735101,0.6366799419160423
60,21,0.08070194301510152,0.012999976626493305,0.0677019663886082,0.8389137096233152
60,22,0.0779939865578668,0.042883456922009316,0.03511052963585748,0.4501697013500855
60,23,0.08726022133065173,0.03339033558834662,0.053869885742305106,0.6173475716750484
60,24,0.10367231995174346,0.038842449757854516,0.06482987019388894,0.6253344212231907
60,25,0.10091367141149747,0.0074528848473863,0.09346078656411116,0.926145935004232
60,26,0.11492039058896493,0.03219003243765356,0.08273035815131137,0.7198927686141665
60,27,0.08443143044035244,0.008028813969675804,0.07640261647067663,0.9049072847895446
60,28,0.07795742050005876,0.01554654814293635,0.06241087235712241,0.8005764166744764
60,29,0.13160511708485595,0.030829060492206517,0.10077605659264943,0.7657457310544494
60,30,0.08672846706714929,0.015894990724861717,0.07083347634228757,0.816726949496812
60,31,0.12154391788258895,0.05187704429037109,0.06966687359221785,0.5731827211585843
60,32,0.11242786087432474,0.030660276983436322,0.08176758389088842,0.727289332510655
60,33,0.09875211037756844,0.0032776434624484374,0.09547446691512,0.9668093831117461
60,34,0.07920113173461804,0.023461341468945216,0.05573979026567283,0.7037751739765798
60,35,0.09808616935598968,0.0037981045325867213,0.09428806482340296,0.9612778788536226
60,36,0.11092676183520467,0.015824886386070897,0.09510187544913377,0.857339328001112
60,37,0.11722936698714354,0.02258220888861958,0.09464715809852395,0.807367305061912
60,38,0.11216119256918514,0.035961115988771566,0.07620007658041357,0.6793800496852828
61,0,0.0759279315707576,0.013175531429457939,0.06275240014129965,0.8264731942924113
61,1,0.07538844910032763,0.0258679287296055,0.04952052037072213,0.6568714565917091
61,2,0.0883953775011707,0.01290509604583604,0.07549028145533467,0.8540071165410756
61,3,0.10203131390246614,0.01905817720736041,0.08297313669510573,0.8132124690114397
61,4,0.12068042284953538,0.015844376123918005,0.10483604672561737,0.868707983036546
61,5,0.10366006520441579,0.04478828918746472,0.058871776016951066,0.5679311111840127
61,6,0.07377767713222808,0.013416437344095516,0.060361239788132556,0.8181504505753155
61,7,0.11284027037439233,0.012868850804476105,0.09997141956991623,0.885955158014257
61,8,0.11613235601235639,0.005108638283045468,0.11102371772931091,0.9560102071596488
61,9,0.09901043015079813,0.05551050788397289,0.043499922266825246,0.4393468667954735
61,10,0.06674567100359452,0.02132467625232156,0.04542099475127296,0.6805084744571204
61,11,0.11524541209618949,0.04189922045666966,0.07334619163951983,0.6364348072988927
61,12,0.11564658063626082,0.07949794632944399,0.036148634306816835,0.31257849655333847
61,13,0.09210304899269106,0.012939797775395476,0.07916325121729559,0.8595073896367716
61,14,0.11504403009934258,0.06887804227069744,0.046165987828645144,0.40128973045172345
61,15,0.10262310231980616,0.02182699641005522,0.08079610590975095,0.7873091349154953
61,16,0.089548248170142,0.008109079232519332,0.08143916893762267,0.909444579897174
61,17,0.0910452448381388,0.03310477758610986,0.05794046725202895,0.6363920197593639
61,18,0.10714140791176263,0.013419093952508237,0.0937223139592544,0.874753429005155
61,19,0.0771560792405708,0.010398646072685203,0.0667574331678856,0.8652258360580704
61,20,0.13764132651561384,0.01894009455880259,0.11870123195681125,0.8623952918918283
61,21,0.08698974202907825,0.0007747174279205578,0.0862150246011577,0.9910941519097552
61,22,0.08775385707462648,0.005762290202090415,0.08199156687253606,0.9343357614789498
61,23,0.09801568880889339,0.00846967933605665,0.08954600947283674,0.9135885342542411
61,24,0.10432743506177723,0.049012797366897995,0.05531463769487924,0.5302022201746339
61,25,0.11986788598431722,0.022066135021851556,0.09780175096246566,0.8159128707355483
61,26,0.07922948598415969,0.01570711594421967,0.06352237003994002,0.8017516364127367
61,27,0.06723901035708055,0.013202550890291515,0.05403645946678903,0.8036474537596874
61,28,0.0910181046743721,0.011221933522478598,0.0797961711518935,0.8767065787336884
61,29,0.11735732980885441,0.004040751523177986,0.11331657828567643,0.9655688184985177
61,30,0.12010995454699194,0.0386456788860898,0.08146427566090214,0.6782474938747061
61,31,0.11972623872943006,0.020560791542590235,0.09916544718683983,0.8282682913888603
61,32,0.10837009004684357,0.019041872596946334,0.08932821744989725,0.824288485976939
61,33,0.10660860325651533,0.013549801281279408,0.09305880197523593,0.872901427582944
61,34,0.11512787357060869,0.023810255444893527,0.09131761812571516,0.7931842680105566
61,35,0.10653982802238887,0.008697439917455809,0.09784238810493306,0.9183644269105815
61,36,0.12134968950348721,0.05871054018177649,0.06263914932171072,0.516187141293927
61,37,0.09419868140163581,0.00980915573938369,0.08438952566225212,0.89586737740457
61,38,0.10495087350880489,0.0076910205871932695,0.09725985292161161,0.9267178982884022
62,0,0.10818721234460514,0.033886458351335455,0.07430075399326969,0.686779448171767
62,1,0.08200739891939743,0.010527754046939399,0.07147964487245803,0.8716243389540156
62,2,0.10650842822130639,0.011715605908165116,0.09479282231314128,0.8900030156879033
62,3,0.07873987353858475,0.005222626021735399,0.07351724751684935,0.9336724103426942
62,4,0.07714304988614049,0.04310769141422201,0.03403535847191848,0.44119798895886364
62,5,0.10463967653145165,0.003743645940004749,0.1008960305914469,0.9642234564928198
62,6,0.10849296135865667,0.0022450009517652157,0.10624796040689145,0.9793074046126948
62,7,0.10111754256904351,0.011885719639089132,0.08923182292995438,0.8824564033389803
62,8,0.09980485807290121,0.03498958274693656,0.06481527532596465,0.6494200440485687
62,9,0.13905784107646152,0.047256393671048696,0.09180144740541282,0.6601673569413136
62,10,0.09345188637581761,0.0024548489372953047,0.0909970374385223,0.9737314137520658
62,11,0.11092712638269216,0.03447725929848155,0.07644986708421062,0.689190007685433
62,12,0.12635804467147438,0.04152593415511702,0.08483211051635736,0.6713629570393979
62,13,0.1178478237025139,0.029253934099247703,0.0885938896032662,0.7517651732534822
62,14,0.11566045140055181,0.04645247467598987,0.06920797672456194,0.5983720095029108
62,15,0.08767543698688723,0.008939107368393834,0.0787363296184934,0.898043195727319
62,16,0.10344607095765605,0.06427481686008794,0.03917125409756811,0.3786635271396844
62,17,0.10178351336226193,0.0388513389611821,0.06293217440107984,0.6182943811056641
62,18,0.13237345875304207,0.008361681293679916,0.12401177745936215,0.9368326447578921
62,19,0.08234654774968339,0.01234409159642287,0.07000245615326052,0.8500958214551219
62,20,0.13006876889787117,0.052008308615429884,0.07806046028244129,0.6001476061000751
62,21,0.10472618763478658,0.0027555418670074504,0.10197064576777913,0.9736881296909528
62,22,0.0939742174745723,0.0125375490099124,0.0814366684646599,0.8665852257476384
62,23,0.09432017262279466,0.04070138194197356,0.05361879068082109,0.5684763841055871
62,24,0.09200447968112566,0.04195294499486016,0.0500515346862655,0.5440119313726565
62,25,0.0853854435692732,0.0024018682274664707,0.08298357534180673,0.9718702845934408
62,26,0.1043780681401762,0.02700989939915441,0.07736816874102179,0.7412301273589291
62,27,0.10208095451513315,0.012875415076507527,0.08920553943862562,0.8738705458068695
62,28,0.07862534182228087,0.019028831173630006,0.05959651064865086,0.7579809418617037
62,29,0.10641369887927653,0.02833658225908254,0.07807711662019398,0.7337130223127604
62,30,0.10597996591637804,0.013648085707903317,0.09233188020847471,0.8712201349576565
62,31,0.06500847709490606,0.011725547055922074,0.05328293003898399,0.8196304915925977
62,32,0.11176938199119263,0.046293508741049816,0.06547587325014281,0.5858122509374014
62,33,0.11366489040449877,0.04607433864953845,0.06759055175496032,0.5946475777562104
62,34,0.10538968489813177,0.06073155754859116,0.04465812734954062,0.42374286812515427
62,35,0.09611080768280883,0.010388736571219153,0.08572207111158968,0.8919087580087274
62,36,0.09561825540146289,0.01205052518155073,0.08356773021991216,0.8739725470731987
62,37,0.11640050493770579,0.026413728169486478,0.08998677676821931,0.77307892106119
62,38,0.10538340363757846,0.023256590705312833,0.08212681293226563,0.7793144849895529
63,0,0.09876321166541953,0.004384900881928571,0.09437831078349096,0.9556018804169379
63,1,0.08797412116440351,0.02278994905061841,0.0651841721137851,0.7409471245750873
63,2,0.0812647222131089,0.006403494058185678,0.07486122815492323,0.9212020433492268
63,3,0.10360768935604399,0.010444824198933278,0.09316286515711071,0.8991887159741587
63,4,0.07386528766210157,0.004886830516207688,0.06897845714589389,0.9338413120576664
63,5,0.11893246942433058,0.04821734627813504,0.07071512314619555,0.5945821480751077
63,6,0.10999549413207374,0.050795397620959276,0.059200096511114464,0.538204741732709
63,7,0.11563689554544469,0.022092262145042244,0.09354463340040245,0.8089514420044241
63,8,0.08084316776052689,0.025727119403027868,0.05511604835749902,0.6817650753216824
63,9,0.11097562491402935,0.01442782574744245,0.0965477991665869,0.8699910384949903
63,10,0.13817697370776763,0.07577545735240819,0.06240151635535944,0.45160575370056416
63,11,0.11117481563024494,0.041964292678473035,0.06921052295177191,0.6225377803364964
63,12,0.12097491147664163,0.02088189925123633,0.1000930122254053,0.8273865300139666
63,13,0.1307672356636862,0.03400713891233084,0.09676009675135536,0.7399414406847895
63,14,0.10690619444781166,0.03279142475121849,0.07411476969659317,0.6932691793904772
63,15,0.12647790215999571,0.0313261175409409,0.09515178461905482,0.75231944074062
63,16,0.0820538521514562,0.04848663972570495,0.03356721242575125,0.40908758754911834
63,17,0.08750574661630542,0.035815382953459735,0.051690363662845684,0.5907082181641993
63,18,0.07615321546218012,0.0006137497797952564,0.07553946568238487,0.9919405927107562
63,19,0.12030766452239669,0.027781163740765728,0.09252650078163097,0.7690823452433163
63,20,0.0943403223799921,0.03581741412510786,0.05852290825488424,0.6203382263117632
63,21,0.1209338915333683,0.08440299992093121,0.03653089161243708,0.30207323314620543
63,22,0.07325467637842212,0.01617229675043865,0.057082379627983466,0.7792318859359215
63,23,0.10163244029825938,0.015032587052850762,0.08659985324540861,0.8520886932485845
63,24,0.11129777692466179,0.053771883028887066,0.05752589389577473,0.5168647163070866
63,25,0.10084730480328488,0.07375509475472863,0.027092210048556248,0.2686458512838092
63,26,0.08793596351996495,0.014297152148423638,0.07363881137154131,0.8374140502232899
63,27,0.11646939308632892,0.02006069825827528,0.09640869482805364,0.8277599141998965
63,28,0.10706064089937088,0.0291208281718461,0.07793981272752479,0.7279968816998067
63,29,0.08337808211716852,0.012438316444371676,0.07093976567279683,0.8508203099839533
63,30,0.09487463529179563,0.022794814335936102,0.07207982095585952,0.7597375287311664
63,31,0.11412321076023779,0.016893829988152625,0.09722938077208516,0.8519685007492035
63,32,0.10458234259445078,0.00858738317408322,0.09599495942036755,0.9178887854197016
63,33,0.0847160941384705,0.022672081772490672,0.06204401236597983,0.7323757427315687
63,34,0.08854888676404418,0.011464845867928805,0.07708404089611538,0.8705252399335169
63,35,0.1201242970273484,0.051222476445946824,0.06890182058140158,0.5735877111165518
63,36,0.0736202341239728,0.011083602493859188,0.06253663163011361,0.8494489643269137
63,37,0.12444870876353883,0.032207286259267144,0.0922414225042717,0.7412003179521677
63,38,0.08586961281209726,0.0125578959089025,0.07331171690319477,0.8537562299671468
64,0,0.11649922843333924,0.014161361147720028,0.10233786728561921,0.8784424468886234
64,1,0.10827358611164632,0.019661975788491125,0.0886116103231552,0.818404686732952
64,2,0.08776079686004648,0.03047082031329697,0.05728997654674951,0.6527969047285513
64,3,0.092958309985397,0.04182926183180877,0.051129048153588236,0.5500212747157321
64,4,0.10209009877005434,0.01287236943699745,0.0892177293330569,0.8739116761362832
64,5,0.11070824518207159,0.03304985714176718,0.07765838804030441,0.7014688735476464
64,6,0.10105693050284692,0.00694753328014024,0.09410939722270668,0.9312512932505455
64,7,0.08362097309872252,0.02886873483309852,0.054752238265624,0.654766815509116
64,8,0.10571442646303006,0.00180017200860412,0.10391425445442594,0.9829713685365955
64,9,0.13441102853377154,0.035070421161333826,0.09934060737243772,0.7390807767494899
64,10,0.08459401499213176,0.00590356435544159,0.07869045063669017,0.9302129783532477
64,11,0.09626506058386414,0.04160119317106894,0.0546638674127952,0.5678474316771781
64,12,0.13562337765523808,0.02065826296167935,0.11496511469355872,0.8476791883609198
64,13,0.11452366291513769,0.013774776227836821,0.10074888668730086,0.8797211346790055
64,14,0.06364036699310938,0.008903625827522238,0.05473674116558714,0.8600946812816734
64,15,0.08029719197956911,0.020367225938548242,0.05992996604102087,0.7463519528337865
64,16,0.09772056683780134,0.03630871175932633,0.061411855078475006,0.6284435003371164
64,17,0.1113428040375164,0.009036676092456675,0.10230612794505972,0.9188391547116793
64,18,0.08203744768293454,0.01996940141991778,0.06206804626301676,0.7565818783502717
64,19,0.12942899579725403,0.031554758109253296,0.09787423768800074,0.7562002400244014
64,20,0.07288887403448646,0.006395616695055329,0.06649325733943114,0.9122552408749061
64,21,0.1049098795344439,0.05818124325947294,0.04672863627497097,0.4454169281514528
64,22,0.08928070849804573,0.019251769174002394,0.07002893932404333,0.7843680958868757
64,23,0.09294797490257603,0.015443063454305364,0.07750491144827067,0.8338526098014282
64,24,0.1231024678292878,0.08768859570847788,0.03541387212080992,0.28767800309186375
64,25,0.10565648049526966,0.02483660734933315,0.0808198731459365,0.7649305822708611
64,26,0.12312547868481813,0.05952816356880589,0.06359731511601224,0.5165244090446249
64,27,0.10596758625398484,0.025417125061975018,0.08055046119200981,0.7601424552499022
64,28,0.10848784805696471,0.03286952223178845,0.07561832582517626,0.6970211611670153
64,29,0.13275375558356892,0.047474198708701225,0.08527955687486768,0.6423890344946507
64,30,0.09937456457228089,0.023724070556223508,0.07565049401605738,0.7612661684774717
64,31,0.07245892660288028,0.04591213687609984,0.026546789726780443,0.366370176476299
64,32,0.08677709996214066,0.03369119086560852,0.05308590909653214,0.6117502096715908
64,33,0.07338626783904442,0.011265425484318168,0.06212084235472626,0.8464913693522849
64,34,0.09720903728452787,0.07033375058785701,0.026875286696670858,0.2764690140692137
64,35,0.12227752875304641,0.015631726505751335,0.10664580224729509,0.8721619036207265
64,36,0.12025995160825972,0.004306638549223127,0.1159533130590366,0.9641889216515589
64,37,0.1031949278787645,0.011553340278884376,0.09164158759988011,0.8880435258169134
64,38,0.1120694376724162,0.013569343233753698,0.0985000944386625,0.8789202166480261
65,0,0.13395866054666733,0.05018517126582329,0.08377348928084405,0.625368221352585
65,1,0.08152188223949818,0.010477592117723828,0.07104429012177435,0.871475095644353
65,2,0.10463324795854814,0.029310147353610917,0.07532310060493723,0.7198773054887628
65,3,0.08167420293260506,0.03950225954298605,0.042171943389619014,0.5163434949517408
65,4,0.07149326596061989,0.020741887457533824,0.050751378503086066,0.7098763473897118
65,5,0.09399981302998123,0.02778477344577201,0.06621503958420921,0.7044167158405936
65,6,0.09093462906880923,0.05969327108379106,0.03124135798501817,0.34355842548583093
65,7,0.10078589464765574,0.02664400863651141,0.07414188601114433,0.7356375241827439
65,8,0.10937590564383076,0.007765704215809039,0.10161020142802173,0.9289998636345275
65,9,0.10418772746549446,0.0016707447687964103,0.10251698269669804,0.983964092418181
65,10,0.10971565253264282,0.04193488439295533,0.06778076813968749,0.6177857632439566
65,11,0.09534779829591981,0.010018495757804068,0.08532930253811574,0.8949268264516099
65,12,0.08866002091166285,0.008160499340986085,0.08049952157067676,0.9079573943579726
65,13,0.09518500231060077,0.03775245012414724,0.05743255218645353,0.6033781666469241
65,14,0.08949972823518357,0.03603706920890739,0.05346265902627618,0.5973499593852317
65,15,0.08460613948147475,0.025745077616809723,0.058861061864665026,0.6957067445153099
65,16,0.09616299481779067,0.02109197957150415,0.07507101524628652,0.7806642813956745
65,17,0.08382092676734153,0.03347239300102283,0.0503485337663187,0.600667824946259
65,18,0.0982182877789026,0.039139478960822455,0.05907880881808014,0.6015051794740239
65,19,0.11081910778436609,0.020863690816866072,0.08995541696750001,0.811732008730272
65,20,0.08607078045667135,0.0016501342597982152,0.08442064619687314,0.9808281712906171
65,21,0.1187546358118332,0.023166529547188425,0.09558810626464477,0.804921050965153
65,22,0.08479796457055457,0.0003806834788840346,0.08441728109167053,0.9955107002766878
65,23,0.07343863867063738,0.008233688978736223,0.06520494969190116,0.8878834203931363
65,24,0.13061698654670204,0.06957510220084717,0.06104188434585486,0.4673349612458665
65,25,0.13971828866974662,0.012663885319197401,0.1270544033505492,0.9093612909249759
65,26,0.0953646730151926,0.04010369601904454,0.055260976996148056,0.5794701040640532
65,27,0.09260287348297713,0.035294614225844234,0.0573082592571329,0.6188604856594183
65,28,0.08230924693030237,0.016192829130673606,0.06611641779962876,0.8032684086590498
65,29,0.09069574750749027,0.007234549122039745,0.08346119838545052,0.9202327637087696
65,30,0.08952453158404133,0.048566273262590456,0.04095825832145088,0.45750876990628236
65,31,0.08423534788288309,0.042469363686911454,0.041765984195971634,0.49582491490438335
65,32,0.0786744634589768,0.017618497382964254,0.06105596607601255,0.7760582454794742
65,33,0.13809091543172863,0.06916738907933914,0.06892352635238949,0.49911702110820527
65,34,0.09179769127100451,0.011896887866369148,0.07990080340463536,0.8704010122515256
65,35,0.09489458415846688,0.00722455895480598,0.0876700252036609,0.9238675313362299
65,36,0.1288512253901856,0.03322250681797237,0.09562871857221322,0.7421638271784501
65,37,0.09605197533005058,0.0006583562849679508,0.09539361904508263,0.9931458329440312
65,38,0.11101905844725901,0.006629356084753752,0.10438970236250526,0.9402863240107273
66,0,0.12519186843091273,0.01490236556175886,0.11028950286915387,0.8809637898328616
66,1,0.0896207585959627,0.0010925686532975275,0.08852818994266518,0.9878089778482778
66,2,0.1159012025112486,0.0388950835508284,0.0770061189604202,0.6644117342349964
66,3,0.0938502831463079,0.03190273494642322,0.06194754819988468,0.6600677816103288
66,4,0.0939070834201137,0.046931126178075544,0.04697595724203815,0.5002386990540535
66,5,0.10016363808876813,0.017684923510653112,0.08247871457811502,0.8234396848187545
66,6,0.12050548431057437,0.055556578404382335,0.06494890590619204,0.5389705396212641
66,7,0.0761895359573738,0.016130323310249328,0.060059212647124466,0.7882868938948013
66,8,0.07206512659980517,0.016156813484613494,0.05590831311519168,0.775802607350763
66,9,0.1005114063289636,0.002759941363059914,0.09775146496590369,0.9725410133649219
66,10,0.09166433831458363,0.022107158079485607,0.06955718023509802,0.7588248768717899
66,11,0.0952806981334899,0.005587224250708442,0.08969347388278145,0.9413603766538251
66,12,0.06782656732942582,0.018246485614750094,0.04958008171467573,0.7309832071240019
66,13,0.09114736975973806,0.02936437620155934,0.06178299355817872,0.6778362746071223
66,14,0.10211184428885509,0.01338450781541298,0.08872733647344211,0.8689230626610686
66,15,0.10921015204398954,0.0012013315301725343,0.10800882051381701,0.9889998181699386
66,16,0.09979064331569495,0.025499626596846195,0.07429101671884876,0.744468762304936
66,17,0.08885754092571813,0.005089609778291676,0.08376793114742645,0.9427216899627414
66,18,0.10054362369867814,0.012964352525551493,0.08757927117312665,0.8710574370742326
66,19,0.09325613327828511,0.0054348990760774395,0.08782123420220767,0.9417207331569368
66,20,0.0786165531110006,0.008264995336076175,0.07035155777492443,0.894869527993594
66,21,0.07022489854461776,0.007492747573700775,0.06273215097091699,0.8933035471893175
66,22,0.12827354709553862,0.04074384334567528,0.08752970374986334,0.6823675319796909
66,23,0.11498627218453872,0.008955736717810744,0.10603053546672797,0.9221147311964518
66,24,0.09600259345783532,0.035292542285311895,0.06071005117252343,0.6323792825366483
66,25,0.13738837863842207,0.023488967410630796,0.11389941122779128,0.8290323559866084
66,26,0.09335261619428195,0.008079057486176008,0.08527355870810595,0.913456549847921
66,27,0.10860079407242337,0.016677094817194947,0.09192369925522842,0.8464367138413981
66,28,0.12162169659814065,0.030900380675009616,0.09072131592313104,0.7459303599660357
66,29,0.12009257329318421,0.04022802024534699,0.07986455304783721,0.6650249125136357
66,30,0.1099882467504743,0.03678003860372314,0.07320820814675116,0.6656002828450892
66,31,0.12401312759387025,0.08514999548761974,0.0388631321062505,0.3133791789650134
66,32,0.056327874271977316,0.016208969595735322,0.04011890467624199,0.7122389260160814
66,33,0.06296306103844716,0.03169115930355254,0.03127190173489462,0.49667060684675174
66,34,0.09858900604057888,0.04055045307057795,0.05803855297000093,0.5886919373759836
66,35,0.0950918090970552,0.021339888412676804,0.07375192068437839,0.7755864714815099
66,36,0.09505920706269246,0.014860162280940515,0.08019904478175194,0.8436746661358105
66,37,0.10886092380805251,0.015923669449748205,0.0929372543583043,0.8537246525867684
66,38,0.0834267584418476,0.013515145751548574,0.06991161269029902,0.8379998695386291
67,0,0.08262720610586023,0.011171729242747792,0.07145547686311243,0.8647935738207726
67,1,0.0801219823878518,0.005245760892029064,0.07487622149582274,0.9345278195110606
67,2,0.09363642526056844,0.01337054998846453,0.08026587527210391,0.8572078125445585
67,3,0.08639425274006204,0.0385736218118213,0.047820630928240744,0.5535163441035904
67,4,0.0963247414474629,0.009573986293372836,0.08675075515409007,0.9006071944808215
67,5,0.09950683000920313,0.02938803182783834,0.0701187981813648,0.7046631690998466
67,6,0.09347345882996042,0.003593385788220667,0.08988007304173976,0.9615571539429447
67,7,0.10358982411468241,0.05097268763837286,0.052617136476309556,0.5079373087655606
67,8,0.07223846279451465,0.003078790436546911,0.06915967235796774,0.957380177852003
67,9,0.0676413250332917,0.016310561850538967,0.05133076318275274,0.7588669080253642
67,10,0.07801486046768885,0.004304484006342084,0.07371037646134676,0.9448248195210852
67,11,0.13655858097010914,0.003641032087353656,0.13291754888275548,0.9733372149777197
67,12,0.112122464054216,0.03179203180547144,0.08033043224874456,0.716452612117955
67,13,0.08855624276871726,0.005419638910210207,0.08313660385850706,0.9388000355393951
67,14,0.10062964095367641,0.03542591545422546,0.06520372549945094,0.6479574495298722
67,15,0.0849281297290289,0.0018994623602323832,0.08302866736879652,0.9776344732152611
67,16,0.09725597714373574,0.030185934541456474,0.06707004260227926,0.6896238624301277
67,17,0.09636380465795336,0.024715208389657066,0.07164859626829628,0.7435218702978307
67,18,0.09624597691130712,0.020760142520262325,0.0754858343910448,0.7843011917329981
67,19,0.1080696167456625,0.012756202305059926,0.09531341444060257,0.881963102218812
67,20,0.0993781626189147,0.03490156045968616,0.06447660215922854,0.648800505665182
67,21,0.07806047687854638,0.03381627877406394,0.044244198104482435,0.5667938484839338
67,22,0.11261173618893555,0.012900054007351143,0.09971168218158441,0.8854466288868157
67,23,0.10417352478535,0.03779621737803148,0.06637730740731851,0.6371802004788572
67,24,0.0934225286155985,0.04861720307963159,0.0448053255359669,0.47959872420415184
67,25,0.09575765631786173,0.010933011485266778,0.08482464483259496,0.8858262419354197
67,26,0.11907004354216362,0.00562626176949696,0.11344378177266666,0.9527483017380047
67,27,0.06694268955962063,0.027079348243358684,0.039863341316261944,0.5954846089767394
67,28,0.05511690504067489,0.007186387535655946,0.04793051750501894,0.8696155466212667
67,29,0.09958861273645853,0.009878462558183905,0.08971015017827462,0.9008073083182181
67,30,0.08689439830747211,0.017981672000681983,0.06891272630679013,0.7930629321230281
67,31,0.060764921078220104,0.03141710355784172,0.029347817520378384,0.48297302126995584
67,32,0.09291152220616677,0.031808102655738274,0.0611034195504285,0.6576516894733742
67,33,0.1126856744449873,0.014493115704688194,0.0981925587402991,0.8713845768233505
67,34,0.10621147474873736,0.041468823874665356,0.06474265087407201,0.6095636185000968
67,35,0.09058980012683453,0.006613649352617942,0.08397615077421658,0.9269934435956565
67,36,0.10515800663075738,0.029747664711045604,0.07541034191971177,0.7171146005505891
67,37,0.11116309407744217,0.007293181175014237,0.10386991290242793,0.9343920638810808
67,38,0.09222263147058593,0.008207012187541132,0.0840156192830448,0.9110086964916119
68,0,0.10361104486093671,0.019261160051029055,0.08434988480990765,0.8141012854673868
68,1,0.09550902267856709,0.019059109281409303,0.07644991339715779,0.8004470284912013
68,2,0.06940470158700018,0.05753063817474505,0.011874063412255137,0.1710844242644104
68,3,0.084905176192367,0.011727361130462783,0.07317781506190421,0.861876959021998
68,4,0.11921641698432765,0.007000450352521266,0.11221596663180639,0.9412794770250346
68,5,0.09183183404177103,0.05426347981814819,0.03756835422362284,0.40909946551360754
68,6,0.12223725683799873,0.03157094933164989,0.09066630750634884,0.7417240033986452
68,7,0.05256711848131543,0.027986256726898064,0.024580861754417364,0.4676090770155956
68,8,0.09034931628612436,0.022130954980120354,0.068218361306004,0.7550512179855956
68,9,0.0889650515784726,0.009560756962491122,0.07940429461598149,0.8925335646654693
68,10,0.09536265922846787,0.03833822223995623,0.057024436988511645,0.5979744844561611
68,11,0.09454587655417893,0.03963785319318327,0.05490802336099566,0.5807553471624006
68,12,0.08938939264468523,0.03518181725492838,0.05420757538975685,0.6064206701261197
68,13,0.14540942777887478,0.042984223985449974,0.1024252037934248,0.7043917671499512
68,14,0.05941972650064198,0.01757648726571599,0.041843239234925986,0.7041977757079361
68,15,0.10850856186571217,0.020830582332240142,0.08767797953347203,0.8080282147871464
68,16,0.11485640041990021,0.027817715823279018,0.08703868459662119,0.7578043912086655
68,17,0.08334322741424627,0.024873891801824977,0.05846933561242129,0.701548733189889
68,18,0.09754590218189228,0.025459768830315165,0.07208613335157713,0.7389970438446432
68,19,0.1165264967958849,0.020950286136734254,0.09557621065915065,0.8202101091785837
68,20,0.09309735795613167,0.05538682483055531,0.03771053312557635,0.4050655566761186
68,21,0.07816136267227466,0.027543775351975316,0.05061758732029935,0.6476036956077069
68,22,0.1165992527385003,0.035308134035372606,0.08129111870312769,0.6971838737718248
68,23,0.06381018241577774,0.0048260110342039746,0.05898417138157376,0.924369264410523
68,24,0.10162162160399653,0.05180519468622173,0.0498164269177748,0.49021483943546557
68,25,0.10346140023817751,0.008990725538171854,0.09447067470000566,0.9131006779584039
68,26,0.07214851213263201,0.04450410530452102,0.027644406828110993,0.3831597632573731
68,27,0.0892181260657713,0.013742671471944273,0.07547545459382703,0.8459654772191334
68,28,0.10916984038323777,0.008516835313548717,0.10065300506968905,0.9219854560229217
68,29,0.06319142924623346,0.008570821489874314,0.054620607756359144,0.8643673423419967
68,30,0.08073994379576319,0.02372551585878951,0.05701442793697367,0.7061489673710362
68,31,0.10749520999526246,0.006828757566578917,0.10066645242868355,0.936473843189107
68,32,0.08052547271973431,0.006800243340034632,0.07372522937969968,0.9155516495543887
68,33,0.08128396770693799,0.008036543249513833,0.07324742445742416,0.9011300324500784
68,34,0.07121291847572953,0.024796767748653546,0.04641615072707598,0.651793968293763
68,35,0.11874440263807455,0.01194655050003249,0.10679785213804206,0.8993927272812613
68,36,0.11328034111223018,0.03204672745977596,0.08123361365245421,0.7171024809324477
68,37,0.13642384956420472,0.030894657037363694,0.10552919252684104,0.7735391785523261
68,38,0.06906330978654306,0.017528499219152092,0.05153481056739097,0.7461966524146009
69,0,0.09512900960582629,0.011489613376644928,0.08363939622918136,0.8792207190608528
69,1,0.1218098251249683,0.0023152879415993437,0.11949453718336896,0.980992601054767
69,2,0.10356824207818198,0.015162703170177306,0.08840553890800468,0.8535969823767866
69,3,0.11479547931825965,0.017631563540784642,0.097163915777475,0.846408903508275
69,4,0.12560628747727626,0.015774883682201472,0.10983140379507478,0.8744100793118709
69,5,0.1190799601302865,0.023670794004327568,0.09540916612595893,0.8012193321325508
69,6,0.11805953859908347,0.014343058232069496,0.10371648036701397,0.8785099585999835
69,7,0.13350221291660935,0.015122376300524595,0.11837983661608475,0.8867256506828796
69,8,0.09137675431155372,0.013932966547306594,0.07744378776424712,0.8475217613901952
69,9,0.05937324855368894,0.003273929358275159,0.05609931919541378,0.9448585105577527
69,10,0.08148105877255321,0.0003104424878572704,0.08117061628469593,0.9961900042471975
69,11,0.09996952876653864,0.03336343785438351,0.06660609091215514,0.6662639279585084
69,12,0.07712654729361118,0.02122770928574232,0.055898838007868865,0.7247678000555234
69,13,0.10557383529417871,0.025318480277728837,0.08025535501644987,0.760182243951074
69,14,0.07588389871122855,0.04374875995811274,0.03213513875311581,0.42347769815312314
69,15,0.11232430853853445,0.008739111218071915,0.10358519732046254,0.9221975070955025
69,16,0.08009483199235025,0.0027560130362410977,0.07733881895610915,0.9655906259157355
69,17,0.0914785118509345,0.047618481101715085,0.04386003074921942,0.47945719559463257
69,18,0.08295805096165962,0.016924972068603265,0.06603307889305635,0.7959815608924393
69,19,0.11635758985147848,0.04118357531465604,0.07517401453682244,0.6460602581471161
69,20,0.1124674880529031,0.025763611126573917,0.0867038769263292,0.7709239214584834
69,21,0.09291876930599174,0.02092189235936263,0.07199687694662911,0.7748367470250866
69,22,0.08632009327504506,0.046919640407641364,0.03940045286740369,0.4564459023678358
69,23,0.09871057626280393,0.010930861048724833,0.0877797152140791,0.8892635271460391
69,24,0.08313135817493914,0.016731986217950297,0.06639937195698883,0.7987283428866877
69,25,0.11813835889079231,0.052823555191335074,0.06531480369945725,0.5528670307654653
69,26,0.0939088392121149,0.025233856446755278,0.06867498276535963,0.7312941288757839
69,27,0.11354132826201785,0.023104975504432468,0.09043635275758538,0.7965060312566239
69,28,0.09445814444190626,0.011811176469685979,0.08264696797222028,0.8749586227903291
69,29,0.10265701846854478,0.005228326845129187,0.09742869162341558,0.9490699523215628
69,30,0.11247917884187432,0.0425731805116746,0.06990599833019973,0.6215016774657921
69,31,0.08394706387428397,0.005269616525396429,0.07867744734888754,0.937226910838859
69,32,0.08727733618278637,0.02982807417699004,0.05744926200579632,0.6582380319843789
69,33,0.08632892917826132,0.011782962323324526,0.0745459668549368,0.8635108481538813
69,34,0.09391227730615087,0.021320861803763844,0.07259141550238703,0.7729704526889647
69,35,0.08210528785710278,0.031294572884427524,0.05081071497267525,0.6188482654260582
69,36,0.09003782804172104,0.0020860657024599754,0.08795176233926107,0.9768312302969664
69,37,0.1193811984058797,0.019083607446191284,0.10029759095968842,0.8401456200723532
69,38,0.11294387068637703,0.012967260475884305,0.09997661021049273,0.8851884533699766
70,0,0.07737973269890107,0.007705088361080316,0.06967464433782075,0.9004249809047254
70,1,0.10113596242142729,0.01914855964502965,0.08198740277639764,0.8106651760010075
70,2,0.08737883133047192,0.020203501151446,0.06717533017902591,0.7687826577236405
70,3,0.1099854979098562,0.013252437066133186,0.09673306084372302,0.8795074139956629
70,4,0.08953630382863331,0.009729407352126847,0.07980689647650646,0.8913356154309395
70,5,0.0893455528802177,0.00900120982318935,0.08034434305702835,0.8992539691901964
70,6,0.09437728621448094,0.06060550474638889,0.033771781468092045,0.3578380225019674
70,7,0.0793616530316256,0.029852732340130316,0.049508920691495276,0.6238393329807027
70,8,0.10293396542488839,0.05337606153997609,0.049557903884912304,0.48145336362344887
70,9,0.13353337982957952,0.0007684598559240061,0.13276491997365553,0.9942451853094355
70,10,0.12042946519584086,0.03372173236570687,0.08670773283013399,0.7199876931208735
70,11,0.11568017599686439,0.03760908309126809,0.0780710929055963,0.6748873973680026
70,12,0.06763363871525083,0.007551471564373023,0.0600821671508778,0.8883474006748918
70,13,0.11385786489051539,0.049120256171480255,0.06473760871903514,0.56858266911369
70,14,0.10506540400946746,0.03295570755023455,0.0721096964592329,0.6863315012117127
70,15,0.11745893464234702,0.02347300150184461,0.09398593314050241,0.8001599318662475
70,16,0.11264376152639335,0.007174595364134348,0.105469166162259,0.9363072107419523
70,17,0.11579762306057384,0.015685287189145976,0.10011233587142787,0.8645456895005437
70,18,0.1110478447189941,0.023085524775311308,0.08796231994368278,0.7921119060551864
70,19,0.09356873190855505,0.025498382354504426,0.06807034955405063,0.7274903503082198
70,20,0.09519640602118112,0.022311913838624034,0.07288449218255709,0.7656223089592306
70,21,0.11122807818525843,0.048501590588519064,0.06272648759673936,0.563944721693958
70,22,0.10584266927049756,0.06223110269816992,0.043611566572327634,0.4120414467332776
70,23,0.07712254462166354,0.049883240984188074,0.027239303637475468,0.35319508414954465
70,24,0.10536200895026489,0.014078927976064852,0.09128308097420004,0.8663756688360919
70,25,0.08594340079435983,0.015305955947604134,0.0706374448467557,0.8219065593619306
70,26,0.10973855231747731,0.010606378658477576,0.09913217365899973,0.9033486551946396
70,27,0.0849377114026493,0.0001280174342900382,0.08480969396835926,0.9984928080569163
70,28,0.0944427899544891,0.03232300719193637,0.06211978276255273,0.6577503988656788
70,29,0.07369278321052872,0.04929662036717338,0.024396162843355336,0.33105226564261153
70,30,0.1411067468027849,0.00903374481287694,0.13207300198990796,0.9359793559304235
70,31,0.12573329844268138,0.004354893478533104,0.12137840496414828,0.9653640401351724
70,32,0.12616748898958624,0.03428053794291163,0.0918869510466746,0.7282934120552949
70,33,0.1232433750380735,0.0008329088363179769,0.12241046620175552,0.993241755704429
70,34,0.08089939360873324,0.001656347619712054,0.0792430459890212,0.9795258339299437
70,35,0.125262250291613,0.015830899216788534,0.10943135107482446,0.8736179560886549
70,36,0.09055063447579545,0.01991040142215701,0.07064023305363844,0.7801185873802006
70,37,0.10286137774641922,0.01916684905885673,0.0836945286875625,0.8136633061039866
70,38,0.0959741173274472,0.027931544839208195,0.06804257248823901,0.7089679424306602
71,0,0.11771665782598276,0.029243371826543005,0.08847328599943975,0.7515783036435449
71,1,0.1000818238145933,0.04052956504045779,0.0595522587741355,0.5950357068278364
71,2,0.12364884274526142,0.0032371032534778553,0.12041173949178356,0.9738201896466847
71,3,0.11002986203705636,0.03520175327524354,0.07482810876181283,0.6800709132636363
71,4,0.08209351456429025,0.022661675557860667,0.05943183900642958,0.7239529129903004
71,5,0.08554661267049064,0.001634332030686355,0.08391228063980428,0.9808954208744478
71,6,0.09392125987616418,0.03611605773390913,0.05780520214225505,0.6154645095101109
71,7,0.09447657409928487,0.0012993947591343731,0.09317717934015049,0.9862463814810977
71,8,0.0834378503592012,0.008753040310949657,0.07468481004825155,0.8950950884608402
71,9,0.10028675125157714,0.02485731275406193,0.07542943849751521,0.7521376209335426
71,10,0.1160070717486348,0.0617307149679301,0.05427635678070469,0.46787110442983343
71,11,0.09449971103407986,0.03872216635474046,0.0557775446793394,0.5902403728962101
71,12,0.10562540136058413,0.028519863496958134,0.07710553786362599,0.7299904840162738
71,13,0.10476197299556982,0.045494116724886735,0.05926785627068308,0.5657382595609325
71,14,0.11868149861274656,0.060858907296930345,0.05782259131581621,0.4872081326213215
71,15,0.15381779945617408,0.0020912327511308157,0.15172656670504325,0.9864044814155162
71,16,0.10900223308530105,0.0026848258015477883,0.10631740728375326,0.9753690752422775
71,17,0.1115286860643481,0.0031095389992337637,0.10841914706511434,0.9721189309319069
71,18,0.09847538007181497,0.0642668061076446,0.034208573964170375,0.3473819947607529
71,19,0.12114910016061395,0.013802150301983236,0.10734694985863072,0.8860730266779946
71,20,0.09563622490982635,0.03904724642331393,0.05658897848651241,0.5917107094081675
71,21,0.11927832802792537,0.04121682369760474,0.07806150433032064,0.6544483446485343
71,22,0.12326994339552064,0.0039013271632312788,0.11936861623228937,0.9683513510611944
71,23,0.10130397818778927,0.03747216982099003,0.06383180836679925,0.6301016950042466
71,24,0.10155845431482823,0.03631352754711479,0.06524492676771343,0.6424371777602688
71,25,0.08952027431546997,0.023382396036947223,0.06613787827852274,0.738803346887125
71,26,0.07564152541972333,0.020150378318856084,0.05549114710086724,0.7336069281119769
71,27,0.09910299624427431,0.03272286753338027,0.06638012871089403,0.6698095035116475
71,28,0.07355989795492217,0.01950055243192146,0.05405934552300071,0.7349023996217139
71,29,0.1126706830283587,0.006845589658486497,0.1058250933698722,0.9392424943695113
71,30,0.09405927310753419,0.007799930725549475,0.08625934238198471,0.9170743035975609
71,31,0.09907747168460218,0.026552738279707888,0.07252473340489429,0.7320002435646075
71,32,0.08200348940494691,0.025349676155174916,0.05665381324977199,0.6908707624623875
71,33,0.08903541028821016,0.006731111443478059,0.0823042988447321,0.924399613348338
71,34,0.11285103011681058,0.03683968143118032,0.07601134868563025,0.6735547615910279
71,35,0.1301467340864434,0.04915175468313907,0.08099497940330433,0.6223358578441738
71,36,0.09784048000331584,0.02376343058615668,0.07407704941715916,0.7571206663606788
71,37,0.11387473943382377,0.008009409463785215,0.10586532997003856,0.9296647394882538
71,38,0.11601464819318488,0.01628544644796749,0.09972920174521739,0.8596259463645544
72,0,0.053585982807541385,0.03344654614827707,0.020139436659264313,0.3758340447276448
72,1,0.10019247795455766,0.0697606204335178,0.030431857521039857,0.3037339543078497
72,2,0.08681459427909091,0.0029800305950279556,0.08383456368406296,0.965673621816998
72,3,0.09446515460357896,0.01611307851985526,0.0783520760837237,0.829428336962201
72,4,0.11141609355319693,0.02791237223147895,0.08350372132171797,0.7494762978909159
72,5,0.08179428531627567,0.0245185916850745,0.05727569363120116,0.7002407736644687
72,6,0.10034885727098464,0.032053203010808315,0.06829565426017632,0.6805822818265781
72,7,0.14172880821586947,0.012952348854298468,0.128776459361571,0.9086117422608215
72,8,0.09918989485309881,0.01629382985370731,0.0828960649993915,0.8357309494294894
72,9,0.10428904007393103,0.018631499103496697,0.08565754097043433,0.8213474868472399
72,10,0.10570894581131746,0.013946965287932194,0.09176198052338526,0.8680625827749102
72,11,0.11128382624402977,0.025816230630763812,0.08546759561326596,0.7680145309332512
72,12,0.08534956336125912,0.013234666145449096,0.07211489721581002,0.8449357486525065
72,13,0.10112092520336502,0.016222885022280857,0.08489804018108416,0.8395694561768011
72,14,0.10343432134013009,0.06520119930052194,0.038233122039608144,0.36963670805054716
72,15,0.09095661303128212,0.02194693627563796,0.06900967675564416,0.758709833796363
72,16,0.07190428001173428,0.00024106120187906803,0.07166321880985521,0.9966474707508408
72,17,0.08790723362424693,0.0020401156149875786,0.08586711800925935,0.9767924034134903
72,18,0.09312060953420134,0.0145020906110373,0.07861851892316404,0.8442655102497909
72,19,0.09187383995098779,0.024048867781944233,0.06782497216904355,0.7382403109005387
72,20,0.10238277409099153,0.019681193531020318,0.0827015805599712,0.8077685069020606
72,21,0.07319647658886846,0.027322118650330622,0.04587435793853784,0.6267290459376332
72,22,0.07992670636243537,0.043112186697330926,0.03681451966510445,0.4606034871268866
72,23,0.09148418863900921,0.052825343633986256,0.03865884500502296,0.4225740598473065
72,24,0.09545243001426824,0.0031355765329345656,0.09231685348133367,0.9671503749829536
72,25,0.08648183669722039,0.014349345696539728,0.07213249100068066,0.8340767698218772
72,26,0.07971011337785683,0.014981947745688309,0.06472816563216852,0.8120445811603846
72,27,0.11034696530100065,0.028741129774773493,0.08160583552622716,0.7395385573461452
72,28,0.07975620121199006,0.008534721219363935,0.07122147999262612,0.8929898730171607
72,29,0.08986615528206016,0.021061769582800954,0.0688043856992592,0.7656317941198773
72,30,0.09133361554614211,0.021961197818155892,0.06937241772798622,0.7595496719708746
72,31,0.131665551332276,0.06078329939155313,0.07088225194072287,0.5383507775837418
72,32,0.07799906621599527,0.009175180894393455,0.06882388532160182,0.8823680674716603
72,33,0.148935094074453,0.0006807899454053697,0.1482543041290476,0.9954289487670042
72,34,0.11731741078755285,0.004924964525900822,0.11239244626165203,0.9580201737078964
72,35,0.09075171952008929,0.008561931010694253,0.08218978850939504,0.9056554404040914
72,36,0.10933461274810721,0.0005307641467484012,0.1088038486013588,0.995145506684409
72,37,0.09154131272116159,0.0552542105995152,0.03628710212164639,0.39640137379478396
72,38,0.10969477527638938,0.008248517601427433,0.10144625767496195,0.9248048270244021
73,0,0.09112059530947925,0.011570597192315464,0.07954999811716379,0.8730188586562958
73,1,0.1036749935193024,0.0110241693155971,0.0926508242037053,0.8936660718136953
73,2,0.11752667436408133,0.019542307959609966,0.09798436640447136,0.8337202335950509
73,3,0.10560539781769215,0.047906568495638915,0.05769882932205324,0.5463625014855719
73,4,0.13310554086996662,0.01782240266149959,0.11528313820846703,0.866103224967091
73,5,0.10031842185200018,0.02648895628190103,0.07382946557009915,0.7359512261767813
73,6,0.12355670872250901,0.05569315091378253,0.06786355780872648,0.5492502876645774
73,7,0.09364774982203895,0.009979436539729224,0.08366831328230973,0.8934364513969274
73,8,0.09196789900588773,0.020466265552961424,0.0715016334529263,0.7774629433292677
73,9,0.0928020572874267,0.0013983061403669249,0.09140375114705977,0.9849323799359739
73,10,0.07039226575338142,0.03021017389875154,0.040182091854629884,0.5708310625404136
73,11,0.09050633764601802,0.00891700805720849,0.08158932958880953,0.9014764237606867
73,12,0.11959867999366758,0.033831142149885064,0.08576753784378252,0.7171277964633362
73,13,0.06728429777035658,0.003946575401381314,0.06333772236897527,0.941344778318842
73,14,0.1024061035510938,0.03479377616235834,0.06761232738873546,0.6602372812183156
73,15,0.109325410387628,0.004304530381953561,0.10502088000567443,0.9606264420440658
73,16,0.09442442012933354,0.0547975911733158,0.03962682895601774,0.41966716768544304
73,17,0.1148781145586012,0.03120221664749517,0.08367589791110602,0.7283885031767438
73,18,0.08494516217430284,0.005442249784043292,0.07950291239025956,0.9359321985532727
73,19,0.08192062443123918,0.03919339398274787,0.04272723044849131,0.521568661678779
73,20,0.09880497984342275,0.0386253835676131,0.06017959627580965,0.6090745261137329
73,21,0.10043211224573187,0.01774865971191368,0.08268345253381819,0.823277044412974
73,22,0.09066108046740189,0.023251366184788652,0.06740971428261323,0.743535306827179
73,23,0.12358144518851927,0.019419393441600576,0.1041620517469187,0.8428615767360792
73,24,0.08719400713021047,0.011081935284661093,0.07611207184554938,0.8729048514984296
73,25,0.11583928651294359,0.06541975822749178,0.050419528285451806,0.43525413357771375
73,26,0.10787902132234972,0.01788962042288251,0.08998940089946722,0.8341696077365485
73,27,0.07779581927276193,0.009028139887435371,0.06876767938532656,0.8839508347385407
73,28,0.08657174475104054,0.00407202488846185,0.08249971986257869,0.9529635806674335
73,29,0.11013983016651097,0.06014416281235212,0.04999566735415885,0.45392903982668836
73,30,0.05934543294417866,0.007845224134760576,0.05150020880941809,0.8678040795129099
73,31,0.08923847126746436,0.027724783423407038,0.06151368784405732,0.6893180370570146
73,32,0.10659029774249519,0.006133859273625618,0.10045643846886958,0.94245386865844
73,33,0.0705031968595673,0.0042410746780592035,0.06626212218150809,0.939845640099032
73,34,0.09057470549932244,0.03301890934003243,0.057555796159290004,0.6354510990899171
73,35,0.12147855661736143,0.07185509568206226,0.049623460935299166,0.4084956416761302
73,36,0.10520455099750221,0.024674103776657453,0.08053044722084476,0.7654654333609269
73,37,0.10817935998502387,0.026421236407864507,0.08175812357715936,0.7557645339044139
73,38,0.12420564943506282,0.06544510850695925,0.058760540928103566,0.473090726511798
74,0,0.10454693315562927,0.05366018240257891,0.05088675075305036,0.48673594927265823
74,1,0.07809411066628569,0.027201329008571667,0.05089278165771402,0.6516852708034633
74,2,0.10098545223025118,0.004933229139469492,0.0960522230907817,0.9511491107825956
74,3,0.10328932161182433,0.027843522009233384,0.07544579960259094,0.7304317467213772
74,4,0.09514842026018175,0.016979675829096492,0.07816874443108526,0.8215453731899505
74,5,0.09557302156261119,0.01708003250840835,0.07849298905420284,0.8212881393812689
74,6,0.12097495581244191,0.04517201300972379,0.07580294280271813,0.6266002933718122
74,7,0.07914604651371542,0.017476683986517937,0.06166936252719748,0.7791843717236165
74,8,0.1366704305316762,0.0634536061286452,0.07321682440303101,0.5357181075540806
74,9,0.08677311375125445,0.020296383144674062,0.06647673060658038,0.7660982501693314
74,10,0.09045523315119872,0.02324567840841696,0.06720955474278176,0.7430145542871899
74,11,0.11547365037750501,0.019308176461825845,0.09616547391567917,0.832791494867411
74,12,0.08973008372452562,0.021946553214305862,0.06778353051021976,0.7554158839115483
74,13,0.10269625865793126,0.004933151993141681,0.09776310666478959,0.9519636639385919
74,14,0.08777858999811411,0.002390393544322047,0.08538819645379206,0.9727679204647351
74,15,0.1315373059010829,0.015532966460226108,0.1160043394408568,0.8819120830108302
74,16,0.08312740457776532,0.031345385981817984,0.05178201859594734,0.6229235576278036
74,17,0.10769893253192779,0.022576636631296394,0.08512229590063139,0.790372698219609
74,18,0.13162033235608886,0.016154823419591048,0.11546550893649782,0.8772619463086798
74,19,0.07770158586560266,0.031607837377959996,0.046093748487642666,0.5932150286786835
74,20,0.08686809510412381,0.009500265242173563,0.07736782986195025,0.8906357365061806
74,21,0.08340513700083729,0.019495117002265902,0.06391001999857139,0.7662599966466072
74,22,0.07322150467460725,0.0025124739015729876,0.07070903077303427,0.9656866666051416
74,23,0.10905251950101089,0.002771367977017665,0.10628115152399323,0.9745868505404686
74,24,0.11877782601254085,0.0028282558271847825,0.11594957018535607,0.9761886883930156
74,25,0.0860068430284162,0.033486393083489836,0.05252044994492636,0.6106543165126278
74,26,0.10546059501582646,0.06234432593022509,0.043116269085601365,0.40883771876245256
74,27,0.12847148826287452,0.018652275060152886,0.10981921320272164,0.8548138944106637
74,28,0.13999882720002546,0.015877837852603688,0.12412098934742177,0.8865859223954927
74,29,0.08786143144877065,0.035862834457721315,0.051998596991049334,0.5918250605940577
74,30,0.1197234763583005,0.0704231386266596,0.0493003377316409,0.41178505027784285
74,31,0.0874419952244039,0.001378283571285565,0.08606371165311834,0.9842377387690153
74,32,0.10009384623958147,0.01709355882008131,0.08300028741950016,0.8292246780170012
74,33,0.10027483939882204,0.003500845303055957,0.09677399409576608,0.9650875002738016
74,34,0.11206800968831129,0.03005113566018248,0.08201687402812881,0.7318491178369092
74,35,0.11777314403654185,0.06612032368068588,0.05165282035585597,0.4385789373155351
74,36,0.10747207415415581,0.041690333328215534,0.06578174082594028,0.6120821743105493
74,37,0.12348462563250268,0.013348209836997218,0.11013641579550545,0.8919038724972754
74,38,0.09575082990032696,0.042035592132851456,0.053715237767475506,0.560989788009055
75,0,0.1128925489190034,0.01958947249656664,0.09330307642243676,0.8264768340856453
75,1,0.07543098311460507,0.05757787236886963,0.017853110745735437,0.2366814007794456
75,2,0.16642875925751427,0.040332746466887226,0.12609601279062704,0.7576575908705743
75,3,0.12411366168723693,0.0009401977377374859,0.12317346394949945,0.9924247038967655
75,4,0.12053292005288387,0.0390119697450213,0.08152095030786256,0.6763376368223322
75,5,0.07820588099487996,0.00954968116884774,0.06865619982603222,0.8778904981650555
75,6,0.08232237015478663,0.033977708385062436,0.0483446617697242,0.5872603240021412
75,7,0.0983630330467958,0.00481194091879153,0.09355109212800428,0.9510797830267976
75,8,0.1191029109538641,0.019597496993407702,0.0995054139604564,0.835457447375077
75,9,0.06974173900929762,0.005349244033467787,0.06439249497582983,0.923299245051021
75,10,0.08726348712113871,0.008192107667112954,0.07907137945402576,0.9061221601683106
75,11,0.10172877106978387,0.03386092197315005,0.06786784909663382,0.6671450798327039
75,12,0.07961871442985141,0.03890402598777634,0.04071468844207507,0.5113708345284451
75,13,0.12660146132268157,0.05460302842956849,0.07199843289311308,0.5687014363096774
75,14,0.10035481663114193,0.03381522827764588,0.06653958835349605,0.6630432956503216
75,15,0.04315311645480109,0.011822316667478542,0.03133079978732255,0.7260379402757312
75,16,0.08017815959830468,0.0012494263262625947,0.07892873327204208,0.9844168744640402
75,17,0.08812726685269338,0.020870812507713478,0.0672564543449799,0.7631741769252927
75,18,0.09114301576491768,0.029206178566396273,0.0619368371985214,0.6795565922272436
75,19,0.07670016224990285,0.002509788311614308,0.07419037393828855,0.9672779269561782
75,20,0.09369774267423991,0.01170149668474587,0.08199624598949404,0.8751144227088948
75,21,0.11324261844014302,0.086681076171546,0.026561542268597027,0.2345542926723894
75,22,0.11273465996422906,0.021274421142151702,0.09146023882207735,0.8112876630053071
75,23,0.1293527795201434,0.07821815195466733,0.05113462756547607,0.3953113938113186
75,24,0.09958758626542072,0.033293517870993994,0.06629406839442673,0.665686064704288
75,25,0.0906124450604365,0.01697000028424629,0.07364244477619021,0.8127188790355709
75,26,0.09951365824610765,0.04470503316881786,0.05480862507728979,0.5507648502052085
75,27,0.08567270864623916,0.03969028197438896,0.0459824266718502,0.5367219899830811
75,28,0.07631181982945112,0.015460090716781153,0.06085172911266997,0.7974089629714921
75,29,0.10928220315982573,0.007184304838826178,0.10209789832099955,0.934259150794031
75,30,0.06003094095970793,0.02147502093583857,0.03855592002386936,0.6422674608706808
75,31,0.0588200658014103,0.028329191114298005,0.030490874687112292,0.5183753923373072
75,32,0.10869966706364592,0.015088266175097266,0.09361140088854866,0.8611930782983653
75,33,0.09668270904749679,0.01656124325962973,0.08012146578786705,0.8287052212046129
75,34,0.09885106466920571,0.041976024435450066,0.05687504023375564,0.5753609273110184
75,35,0.09355787536211951,0.07021584063577253,0.02334203472634698,0.24949299709939646
75,36,0.07904804482639145,0.038017606187583916,0.04103043863880754,0.5190569700859808
75,37,0.10085085229982553,0.003652358399778937,0.09719849390004659,0.9637845559408796
75,38,0.11549507938638123,0.03154532351599277,0.08394975587038847,0.7268686797429703
76,0,0.11748366276695063,0.05859395513060517,0.05888970763634546,0.5012586963105116
76,1,0.11412689166490618,0.058812959700041634,0.055313931964864546,0.4846704502149644
76,2,0.08084663973962661,0.014605289009358289,0.06624135073026832,0.8193457507152326
76,3,0.09544304785052639,0.02602612574586202,0.06941692210466437,0.7273125038229961
76,4,0.08517585491038887,0.01746635173393178,0.06770950317645709,0.7949377584491798
76,5,0.08484012655361656,0.01944603674348391,0.06539408981013264,0.7707919880200254
76,6,0.11145823827651094,0.00756879599045447,0.10388944228605647,0.9320929874050454
76,7,0.11373651754232739,0.018461167155463754,0.09527535038686363,0.8376847862552731
76,8,0.09287478705564498,0.012328734343646338,0.08054605271199863,0.8672542383730074
76,9,0.1138698498683066,0.10694039196927926,0.006929457899027339,0.06085419368727924
76,10,0.09166189605212342,0.04900035174108066,0.042661544311042764,0.4654228872462264
76,11,0.10475923741075419,0.03773386655875192,0.06702537085200228,0.6398039209583031
76,12,0.12674582355090552,0.015154842822367842,0.11159098072853768,0.8804312252838759
76,13,0.08064380238286531,0.047251414293966176,0.03339238808889913,0.4140725896128397
76,14,0.10660758785000835,0.01247508367388224,0.0941325041761261,0.8829812781109533
76,15,0.04836695886799925,0.012462944051319766,0.035904014816679486,0.7423252496537353
76,16,0.07800797956527841,0.03540585524046533,0.042602124324813084,0.5461252113210149
76,17,0.09215546661662026,0.01890783219555263,0.07324763442106763,0.7948267976959861
76,18,0.09400574338164741,0.00035894563809899666,0.09364679774354842,0.9961816626815903
76,19,0.10010950356412765,0.036976689854103045,0.0631328137100246,0.6306375664882136
76,20,0.08312390028205488,0.030444593137513642,0.052679307144541235,0.633744410040801
76,21,0.09252956023935555,0.0850886970663098,0.00744086317304575,0.0804160654584083
76,22,0.08117994271753248,0.017526300999933977,0.0636536417175985,0.784105526399333
76,23,0.0825748015737286,0.02358188168462188,0.05899291988910672,0.7144179430626144
76,24,0.09501414361447316,0.019931673194806925,0.07508247041966623,0.7902241452000962
76,25,0.09617980562080677,0.014534548629278549,0.08164525699152822,0.8488814929967557
76,26,0.10195321777922486,0.023756543903821044,0.07819667387540383,0.7669858350595194
76,27,0.1132777422418337,0.005595935853358941,0.10768180638847477,0.950599864169147
76,28,0.1126218612081612,0.012111344929797808,0.1005105162783634,0.8924600890104971
76,29,0.09120153196858401,0.03512700430649242,0.05607452766209159,0.614841948942343
76,30,0.09218530815951256,0.0032030811955143876,0.08898222696399817,0.965253886335424
76,31,0.05938425891349555,0.015611535141543249,0.04377272377195231,0.7371098768061682
76,32,0.07755004404020316,0.012226848066298975,0.06532319597390418,0.8423360267860017
76,33,0.07449218780234816,0.013262826391963172,0.061229361410384986,0.8219568147581631
76,34,0.10311617346992055,0.06981210126455517,0.03330407220536538,0.32297622268809584
76,35,0.06000446631345645,0.026283231548736033,0.033721234764720415,0.5619787465247096
76,36,0.10726480895418088,0.00015879020863848736,0.10710601874554239,0.9985196430200485
76,37,0.11200134628434018,0.035757707650859206,0.07624363863348096,0.6807385907658613
76,38,0.13497169083619986,0.06047041032172734,0.07450128051447252,0.551977085364415
77,0,0.10804494317649219,0.0048062716667879105,0.10323867150970428,0.9555159961634038
77,1,0.09009974379412841,0.03510852363146211,0.054991220162666304,0.6103371424486775
77,2,0.08468105883342902,0.04288507938029723,0.04179597945313179,0.4935694006300291
77,3,0.10980707896530467,0.04700462793484761,0.06280245103045706,0.5719344474166417
77,4,0.08020663767515021,0.016371941108761116,0.0638346965663891,0.7958779773929671
77,5,0.09512922029294964,0.007357824205253669,0.08777139608769596,0.9226544253953168
77,6,0.09448934577949099,0.0019376895786397935,0.09255165620085119,0.979493036356059
77,7,0.09529010629160345,0.035410089931707175,0.059880016359896274,0.6283969940872303
77,8,0.08386941621960425,0.014182357132296416,0.06968705908730784,0.8308995367851227
77,9,0.11298698980203187,0.03357537326332427,0.0794116165387076,0.702838589450407
77,10,0.09017744098635683,0.05874147130330222,0.03143596968305461,0.34860126145973286
77,11,0.06795689395390585,0.006523136263334626,0.061433757690571224,0.904010676712812
77,12,0.11024257594366227,0.005928572834551397,0.10431400310911088,0.946222475447407
77,13,0.09767741579158687,0.0384899515161798,0.05918746427540707,0.6059483023352568
77,14,0.1030939141062796,0.025987262086441167,0.07710665201983843,0.7479263222109224
77,15,0.07944874780919264,0.013680304183582206,0.06576844362561043,0.8278096941636213
77,16,0.11867075305852659,0.00802075385882837,0.11064999919969822,0.9324117050569936
77,17,0.11689646133425037,0.02548649760196229,0.09140996373228807,0.7819737457313876
77,18,0.08364471913799153,0.019849047845259423,0.0637956712927321,0.7626981350428856
77,19,0.09648579038180582,0.026578393814309403,0.06990739656749642,0.7245356678000406
77,20,0.08427637159464949,0.01785797320649679,0.0664183983881527,0.7881022537089084
77,21,0.0684719910824717,0.0066576329786370205,0.061814358103834684,0.9027685207719727
77,22,0.0658799865335979,0.012235421263976332,0.05364456526962157,0.8142771134639436
77,23,0.10438655180459716,0.05784633786013171,0.046540213944465454,0.4458449210161173
77,24,0.09342909465400198,0.020042068991876424,0.07338702566212556,0.7854836433329612
77,25,0.07450099353246648,0.004825381432659696,0.06967561209980677,0.9352306431919345
77,26,0.09984441760550988,0.03505193858285947,0.06479247902265042,0.6489344179325943
77,27,0.09347581355011128,0.04586786624152332,0.04760794730858796,0.5093076540389339
77,28,0.10599235928860024,0.052885671960218227,0.05310668732838201,0.5010426004744455
77,29,0.1210599342395878,0.015403307209524025,0.10565662703006377,0.8727629640121927
77,30,0.06272872020861796,0.008714433156965191,0.054014287051652767,0.8610774597666992
77,31,0.08542854252680612,0.05375484139314048,0.03167370113366564,0.37076251328678506
77,32,0.0938316737536155,0.01700368915267543,0.07682798460094006,0.8187851876401144
77,33,0.05311781167252615,0.002489478333354055,0.05062833333917209,0.9531328897978364
77,34,0.07796782119210507,0.017596847253742793,0.060370973938362285,0.7743062845069649
77,35,0.1029953193586438,0.03963876910761659,0.06335655025102721,0.6151400922444935
77,36,0.08421648356158082,0.004949692631219088,0.07926679093036174,0.9412265577723895
77,37,0.13175747151040487,0.027049666149571647,0.10470780536083323,0.7947010834415145
77,38,0.08427103016878655,0.01057018098266772,0.07370084918611883,0.8745692207452942
78,0,0.07649966984756651,0.010885896649917537,0.06561377319764897,0.8577000832603746
78,1,0.09681972504527453,0.02424568659933194,0.0725740384459426,0.7495790595563637
78,2,0.09909837636319326,0.009609521579424928,0.08948885478376833,0.9030304841301714
78,3,0.11310423819182944,0.06060803968428216,0.052496198507547276,0.4641399769521595
78,4,0.09622123850995426,0.0025339017058433693,0.09368733680411089,0.9736658793309833
78,5,0.09039000684962499,0.024114816070104614,0.06627519077952038,0.7332136935200967
78,6,0.10549372487404697,0.03735460288615929,0.06813912198788769,0.6459068733163191
78,7,0.10024213195581155,0.015099260563282273,0.08514287139252928,0.8493721126168956
78,8,0.10297487389191858,0.004715440375993205,0.09825943351592537,0.9542078548118205
78,9,0.11000622760646617,0.04321323510146316,0.06679299250500301,0.607174647820365
78,10,0.10125487231249507,0.019269904577208338,0.08198496773528673,0.8096891128583212
78,11,0.11316689566049346,0.014748389767494397,0.09841850589299905,0.8696757591394896
78,12,0.11932962099879679,0.06958334482582527,0.04974627617297152,0.4168812048223392
78,13,0.06544608183308682,0.006918420300622888,0.058527661532463936,0.894288242980419
78,14,0.13928551771432118,0.04043476984260731,0.09885074787171387,0.7096986786125156
78,15,0.1133851096612108,0.012136317773061537,0.10124879188814927,0.8929637426878692
78,16,0.09942724591176573,0.02880298364549804,0.0706242622662677,0.7103109577121492
78,17,0.1236215833511943,0.005345816463024211,0.1182757668881701,0.9567566090151315
78,18,0.08878416924685024,0.002960943441819819,0.08582322580503042,0.9666500968929789
78,19,0.08976284254410472,0.015483544234667846,0.07427929830943687,0.8275060838557998
78,20,0.09171259087997682,0.022728177577585544,0.06898441330239127,0.7521804001009017
78,21,0.1060314017035649,0.013311183350365723,0.09272021835319917,0.874459988866504
78,22,0.08774497414946962,0.012162123736879894,0.07558285041258972,0.8613923605907927
78,23,0.10943690239598802,0.02503182241472031,0.08440507998126771,0.7712670784106734
78,24,0.0942639518844588,0.05463274441492712,0.03963120746953168,0.42042802871354723
78,25,0.10779100092748145,0.00900053252339995,0.0987904684040815,0.9165001489367814
78,26,0.06915002548113705,0.013179398906412763,0.05597062657472429,0.8094086182223046
78,27,0.08180294761523549,0.026078224196894987,0.055724723418340505,0.6812067907435891
78,28,0.10944653364892078,0.03212259675498734,0.07732393689393344,0.706499642482701
78,29,0.055203835531151206,0.00034162272945226224,0.054862212801698944,0.9938116124329897
78,30,0.12890619097237405,0.013833004981119938,0.1150731859912541,0.8926893667652898
78,31,0.08958903837600067,0.0458426384648271,0.04374639991117357,0.4883008089401757
78,32,0.09468417797778492,0.006912816147828898,0.08777136182995601,0.9269907993556135
78,33,0.10021089504183292,0.00259848068116654,0.09761241436066638,0.9740698785288585
78,34,0.08965081936071893,0.029228326668620404,0.060422492692098526,0.6739759114635936
78,35,0.0923716491767744,0.022431416200070053,0.06994023297670435,0.7571612459019501
78,36,0.09846877871974946,0.018525377243212862,0.0799434014765366,0.8118654716340327
78,37,0.10822095883278313,0.03221137420977126,0.07600958462301187,0.7023554904966011
78,38,0.14300966698357503,0.0344937640318886,0.10851590295168644,0.7588011722602621
79,0,0.1049442618892988,0.005991491042039927,0.09895277084725887,0.9429078738162922
79,1,0.11307729644630078,0.025819277280851205,0.08725801916544958,0.7716670092734972
79,2,0.06560605174319442,0.03801770813932577,0.02758834360386865,0.42051522490424065
79,3,0.11517167877109262,0.011524466615080577,0.10364721215601204,0.8999366273197613
79,4,0.08561060918993688,0.018833648442149627,0.06677696074778725,0.780008008115384
79,5,0.10428548756520856,0.060490959445490884,0.04379452811971767,0.4199484428965578
79,6,0.09653111043011527,0.039533936404794134,0.05699717402532113,0.5904539352272845
79,7,0.1262889248616479,0.06093432394717158,0.06535460091447631,0.5175006516689695
79,8,0.13390580401521524,0.03938886999015239,0.09451693402506284,0.7058464322750582
79,9,0.0830131250684514,0.03465511749116169,0.04835800757728972,0.5825344791852423
79,10,0.08368316398792505,0.011316250249123494,0.07236691373880155,0.8647726769657471
79,11,0.07658089199127296,0.018287128308463758,0.05829376368280921,0.7612050756662938
79,12,0.10634043672455529,0.005286450769334657,0.10105398595522064,0.9502874829917457
79,13,0.11805437499970688,0.029916562181684026,0.08813781281802285,0.7465865862086153
79,14,0.13295640447466014,0.013688025439793049,0.11926837903486709,0.8970487695280461
79,15,0.08807437211231749,0.0027007608661535412,0.08537361124616394,0.9693354513761463
79,16,0.0935159550278418,0.012164751801899933,0.08135120322594186,0.8699179001243348
79,17,0.07680289297035744,0.004420106243299627,0.07238278672705782,0.9424487011836183
79,18,0.07563006406046852,0.007147520821566229,0.0684825432389023,0.9054936563870742
79,19,0.10026367975560446,0.014943168778524897,0.08532051097707957,0.8509612971023078
79,20,0.10031506725303133,0.024932368784272588,0.07538269846875874,0.7514593822542727
79,21,0.07113506644328534,0.015499862376828372,0.055635204066456966,0.7821065874847235
79,22,0.06828977193882833,0.004993625658322986,0.06329614628050535,0.926875935933772
79,23,0.11740391485624083,0.04693875613509334,0.07046515872114749,0.6001942848961291
79,24,0.10595432216787522,0.05153981341119916,0.054414508756676055,0.5135657294891764
79,25,0.09600273311576998,0.0505483145008558,0.045454418614914185,0.47347004756729755
79,26,0.10488281026092805,0.0258471805383257,0.07903562972260235,0.7535613274089153
79,27,0.09401623643116769,0.024491837890096128,0.06952439854107156,0.7394935298433544
79,28,0.1212560156787445,0.011722271074907392,0.10953374460383711,0.9033262720262526
79,29,0.11344064018667033,0.001718150551566969,0.11172248963510335,0.9848541885100464
79,30,0.10712572510752355,0.012529532355934132,0.09459619275158943,0.8830389960641287
79,31,0.10129963088725208,0.06656249374349812,0.034737137143753954,0.34291474548823264
79,32,0.0902141254317083,0.0036765973235314683,0.08653752810817683,0.9592458796675402
79,33,0.10544441566013789,0.027442684397288024,0.07800173126284987,0.739742648053173
79,34,0.10346503045411357,0.004265342078423823,0.09919968837568974,0.9587750367471695
79,35,0.09307131795025944,0.02009215523354176,0.07297916271671769,0.7841208690707517
79,36,0.08081015947370992,0.05757375924091564,0.023236400232794288,0.2875430562707133
79,37,0.07388150207735858,0.017707500120405856,0.05617400195695273,0.7603256617351257
79,38,0.10417261282570589,0.04555535471874564,0.05861725810696025,0.5626935575191382
80,0,0.04942680199442172,0.000595739825257696,0.048831062169164025,0.9879470287127836
80,1,0.10125913698709041,0.05524348719617619,0.04601564979091422,0.4544345444775101
80,2,0.09827452985014976,0.027805615609048734,0.07046891424110102,0.7170618302479077
80,3,0.1058667480104802,0.006488638734397595,0.09937810927608261,0.9387093789472474
80,4,0.11405991459863193,0.03385078803236235,0.08020912656626958,0.7032192409447203
80,5,0.07318189578484538,0.01731621961735784,0.05586567616748754,0.7633811008631495
80,6,0.11759429735236498,0.0260299516400186,0.09156434571234638,0.7786461399397518
80,7,0.09230641845987231,0.009395635909704176,0.08291078255016814,0.8982125396427479
80,8,0.11326523873253586,0.03462336694137148,0.07864187179116437,0.6943160379228884
80,9,0.07010130553402444,0.00579974965281683,0.0643015558812076,0.9172661677463073
80,10,0.0817237201257368,0.01925983012601661,0.06246388999972019,0.7643299877148982
80,11,0.11261489609888908,0.029722314637704216,0.08289258146118486,0.7360711977960309
80,12,0.08655464856007841,0.003780431240826162,0.08277421731925225,0.9563231865218408
80,13,0.08965111538115854,0.009667973092646154,0.07998314228851239,0.8921600355830261
80,14,0.11709864491653507,0.031955896126797195,0.08514274878973788,0.727102767503633
80,15,0.1386650680978992,0.0529747022465244,0.0856903658513748,0.6179664931248321
80,16,0.11878323906362898,0.1052200868385047,0.013563152225124275,0.11418405771759482
80,17,0.08694032502038314,0.012486650870166439,0.0744536741502167,0.8563767634036455
80,18,0.08998947927030135,0.020789364699804993,0.06920011457049635,0.7689800533531259
80,19,0.0793097857959051,0.013112737626502998,0.0661970481694021,0.8346643167055429
80,20,0.11375686487404166,0.005439538950397792,0.10831732592364386,0.9521827631552542
80,21,0.078023252250673,0.03312851838135663,0.04489473386931637,0.575401980490106
80,22,0.11047796992247191,0.06392257279123176,0.046555397131240156,0.42139982445287943
80,23,0.07180408534030366,0.0354241518467504,0.036379933493553264,0.5066554823606003
80,24,0.09691447664438774,0.05706209004460208,0.039852386599785655,0.411211905379396
80,25,0.12270278260697494,0.07554793982765515,0.04715484277931979,0.3843013318643298
80,26,0.11349904988615844,0.019802345479498537,0.0936967044066599,0.8255285352665009
80,27,0.12344164940743665,0.034717535615751104,0.08872411379168554,0.7187534694942307
80,28,0.10332302801285792,0.043416562216987975,0.059906465795869945,0.579797814175703
80,29,0.10354739440791283,0.02715161002604039,0.07639578438187244,0.7377856760057158
80,30,0.11710476320077087,0.023497402381557057,0.09360736081921381,0.7993471679604371
80,31,0.09761347321202213,0.004076797497502359,0.09353667571451976,0.9582352992537483
80,32,0.06973400625353696,0.0038444830374332727,0.06588952321610368,0.9448693221001012
80,33,0.112436567184552,0.04264965860331746,0.06978690858123454,0.6206780438848437
80,34,0.09903133519985949,0.009955087101951242,0.08907624809790825,0.8994753823942649
80,35,0.07195610700949893,0.023515588831645885,0.048440518177853054,0.6731953713318373
80,36,0.09054478570894309,0.0014804749034326402,0.08906431080551044,0.9836492527776073
80,37,0.08636027340147548,0.0045721817224587255,0.08178809167901675,0.9470568868951658
80,38,0.1048326758688304,0.07058390999982325,0.034248765869007144,0.32669933859038536
81,0,0.11197065458993243,0.06118957069162372,0.0507810838983087,0.45352136311324703
81,1,0.09013880968162646,0.031794669748340026,0.05834413993328644,0.6472699178007791
81,2,0.08213098503690967,0.017230488428993183,0.0649004966079165,0.7902072108200116
81,3,0.07846899825583577,0.034349985995047155,0.04411901226078861,0.5622476805036499
81,4,0.10817289262638749,0.024534316169053917,0.08363857645733358,0.7731934907778453
81,5,0.08589200510291461,0.0032137335466567926,0.08267827155625782,0.9625840199817649
81,6,0.12000697186134257,0.0028757045394929605,0.11713126732184961,0.9760371877159305
81,7,0.10552901525851023,0.04438324100099966,0.06114577425751057,0.5794214426025316
81,8,0.12629072583733003,0.007139022116745587,0.11915170372058445,0.9434715251700979
81,9,0.1068985560455389,0.029448320348957904,0.077450235696581,0.7245208781266148
81,10,0.08822227252080847,0.026522283377374493,0.06169998914343398,0.6993697552835216
81,11,0.10221216301398303,0.019923938494621266,0.08228822451936177,0.8050727241542126
81,12,0.10568456480386358,0.042391667887969116,0.06329289691589446,0.5988849652109333
81,13,0.07781887872461635,0.00523959819379234,0.072579280530824,0.9326693177842602
81,14,0.07968225815165064,0.016267682382941552,0.0634145757687091,0.7958431053499887
81,15,0.10315126652702264,0.010610626931382499,0.09254063959564014,0.8971352724146842
81,16,0.08322438492373127,0.00706678203265425,0.07615760289107702,0.9150876027605321
81,17,0.07127496619944892,0.010123919643663928,0.061151046555784995,0.8579596710669194
81,18,0.10539525888368784,0.0008062449618941002,0.10458901392179373,0.9923502729588258
81,19,0.1197425670391063,0.050060094819833166,0.06968247221927312,0.5819356803710061
81,20,0.10560947040158533,0.030556794843606842,0.07505267555797848,0.7106623607957402
81,21,0.10702424027773275,0.022483587875807284,0.08454065240192546,0.7899206028703277
81,22,0.08562071973512551,0.02192213026450058,0.06369858947062493,0.7439623220603794
81,23,0.11438173696945377,0.021809265765693538,0.09257247120376022,0.8093291259292746
81,24,0.1010902398889794,0.014812503935398152,0.08627773595358125,0.8534724623102514
81,25,0.0958057244629105,0.050842875630662705,0.04496284883224779,0.46931275854663956
81,26,0.1422151428645651,0.029776147155084615,0.11243899570948049,0.7906260433641644
81,27,0.08451715828455782,0.015331944001268916,0.0691852142832889,0.8185937114727836
81,28,0.1061562450690163,0.011872165535911795,0.09428407953310451,0.8881632867836157
81,29,0.10048165785334472,0.011364060038264897,0.08911759781507982,0.8869041347342118
81,30,0.09104022846814137,0.0411186372040632,0.04992159126407817,0.5483465068582043
81,31,0.0864813857833191,0.012629475686988115,0.07385191009633098,0.8539630745669186
81,32,0.07738880158012706,0.02941421021470403,0.047974591365423036,0.6199164528442911
81,33,0.11456579253637382,0.02512475708174615,0.08944103545462767,0.7806958209295395
81,34,0.09583573765960951,0.04716371100684815,0.04867202665276136,0.5078692755059206
81,35,0.11492429466156247,0.05077652276236912,0.06414777189919335,0.558174162287447
81,36,0.10669224650052198,0.0016335495923608858,0.1050586969081611,0.9846891442823552
81,37,0.08548429354037629,0.02893245520890119,0.0565518383314751,0.6615465366718426
81,38,0.09212350508468058,0.008023842607320635,0.08409966247735995,0.9129012449108937
82,0,0.07369019072698456,0.01683913741485963,0.05685105331212493,0.771487395422179
82,1,0.12382858272541941,0.017500765626149696,0.10632781709926972,0.8586694183122783
82,2,0.11964895095398485,0.03854408979199511,0.08110486116198974,0.6778568513582824
82,3,0.07394298496137193,0.00720715272808488,0.06673583223328705,0.9025309468930701
82,4,0.07276804644193924,0.017277283523477877,0.05549076291846136,0.7625704637094632
82,5,0.08916885372159773,0.006608969286971926,0.08255988443462581,0.9258825362092643
82,6,0.08923697625589778,0.03764632666075342,0.05159064959514437,0.5781308574060372
82,7,0.09628254493462883,0.03532752641384077,0.06095501852078806,0.6330848292613531
82,8,0.10368502127303826,0.020686531682139277,0.08299848959089898,0.8004867875016919
82,9,0.10773411558565579,0.0317876080828465,0.07594650750280929,0.704943899060709
82,10,0.09257777507551875,0.022886559868897628,0.06969121520662111,0.7527855918958053
82,11,0.1067688348409658,0.038746514552168126,0.06802232028879768,0.6370990222953937
82,12,0.09124221600587884,0.032729360826398435,0.058512855179480405,0.6412914738470442
82,13,0.10838834901115257,0.05799839124635581,0.05038995776479677,0.4649019772375342
82,14,0.08478246781657309,0.026304951317971788,0.0584775164986013,0.6897359560837205
82,15,0.1093559149553793,0.009826749847244333,0.09952916510813498,0.9101397500880135
82,16,0.07655988312428066,0.016744001246619337,0.05981588187766133,0.7812953656232915
82,17,0.13429187278072208,0.033520216671067866,0.10077165610965422,0.7503928124838857
82,18,0.07489449623504565,0.02091951407685453,0.053974982158191125,0.7206802217989206
82,19,0.11118573472189244,0.004242144845465028,0.10694358987642741,0.9618463208785204
82,20,0.07219035745370767,0.03840817659638978,0.033782180857317885,0.4679597393458099
82,21,0.10738169756833654,0.014025280064113906,0.09335641750422263,0.8693885421657785
82,22,0.12501932890478828,0.010430315816138902,0.11458901308864938,0.9165703742972227
82,23,0.07256005532406042,0.022208671068472463,0.05035138425558795,0.6939270378269926
82,24,0.10417010794357268,0.03920796348739192,0.06496214445618076,0.6236159848405816
82,25,0.07895842551720542,0.00044130175179783303,0.07851712376540758,0.9944109605921451
82,26,0.08664090246208536,0.008016580790371115,0.07862432167171425,0.9074734846641375
82,27,0.09918599265607596,0.05462929965020773,0.04455669300586823,0.44922364350747634
82,28,0.10874593496234077,0.014131187963638235,0.09461474699870254,0.8700531843463213
82,29,0.08104756101162508,0.0007046589350334781,0.0803429020765916,0.9913056120845832
82,30,0.08870144421125706,0.021777612505831344,0.06692383170542571,0.7544841270682765
82,31,0.10628157200003671,0.04173356041572159,0.06454801158431511,0.6073302301578002
82,32,0.09446064836455348,0.042128732977494955,0.052331915387058524,0.5540075819201784
82,33,0.08660777092079658,0.009542086199174425,0.07706568472162215,0.8898241335884197
82,34,0.1302090140880962,0.01859272207577629,0.11161629201231991,0.8572086409993327
82,35,0.11639026176360871,0.006088041848436253,0.11030221991517246,0.9476928588681998
82,36,0.12667033944441983,0.00558850518077697,0.12108183426364286,0.9558815014999696
82,37,0.08455559949386939,0.025954231059820927,0.05860136843404846,0.6930513033415048
82,38,0.10738405252872626,0.01099326182154858,0.09639079070717768,0.8976266814049714
83,0,0.09853827985483912,0.0443028260717553,0.05423545378308382,0.550399843218091
83,1,0.08848157174816627,0.03254693418166916,0.055934637566497115,0.6321614372504218
83,2,0.09900340716230566,0.011294485277799918,0.08770892188450574,0.8859182163369005
83,3,0.07618677781529391,0.023648142883006082,0.05253863493228783,0.6896030576284734
83,4,0.07576104963692432,0.03132853635458965,0.04443251328233466,0.5864822820601366
83,5,0.09872117295577199,0.05997814222252956,0.03874303073324242,0.39244905194349405
83,6,0.04961087021077436,0.0006327841193547266,0.04897808609141963,0.987245051000591
83,7,0.1072114725036458,0.006610741188366846,0.10060073131527894,0.9383392370798559
83,8,0.10984822884896644,0.011825171699882266,0.09802305714908419,0.8923499102007276
83,9,0.10653344695205517,0.00436836049760939,0.10216508645444579,0.9589954082723396
83,10,0.07433989138199809,0.007262391886673176,0.06707749949532492,0.9023082795567305
83,11,0.0825083925208111,0.047586829361118764,0.03492156315969234,0.4232486186285119
83,12,0.08380682202209289,0.02979313537876039,0.0540136866433325,0.644502265329827
83,13,0.0971333358147749,0.04316232656394686,0.05397100925082804,0.5556383789160316
83,14,0.10935738766115871,0.028275981186754496,0.08108140647440422,0.7414351074811063
83,15,0.08435259206380945,0.001992582853412907,0.08236000921039655,0.9763779297747532
83,16,0.10859193676823052,0.021396498560784894,0.08719543820744563,0.8029642052848567
83,17,0.08545971789782902,0.005271180093153758,0.08018853780467526,0.9383197110543274
83,18,0.07802727395298045,0.02891005445221554,0.04911721950076491,0.6294878317851159
83,19,0.1562803769425398,0.012197132692421363,0.14408324425011843,0.9219535239737364
83,20,0.10962812133954936,0.023349301237439047,0.08627882010211031,0.7870135787046861
83,21,0.08027154886895228,0.014070552980741877,0.0662009958882104,0.8247130748191638
83,22,0.1129068779019525,0.021062491795310914,0.09184438610664158,0.8134525355169113
83,23,0.08913103762456748,0.02478449528922763,0.06434654233533985,0.7219319335917144
83,24,0.08556611859471157,0.018263465269906708,0.06730265332480487,0.786557277928983
83,25,0.09409788020619675,0.04550207261698244,0.04859580758921431,0.5164389195880532
83,26,0.1381668041877459,0.002120856380474767,0.13604594780727114,0.9846500294123264
83,27,0.11283623308503463,0.10432223894765899,0.008513994137375636,0.0754544343124198
83,28,0.07162147847913555,3.692400530346841e-05,0.07158455447383208,0.9994844562540799
83,29,0.08637735894648443,0.01619374549435786,0.07018361345212658,0.8125232619766625
83,30,0.11756829648380153,0.023692093794557476,0.09387620268924406,0.7984822906928676
83,31,0.09580434027152819,0.01656609093892216,0.07923824933260604,0.8270841290491577
83,32,0.08049259371963037,0.03779163154027662,0.04270096217935375,0.5304955425848071
83,33,0.10673571876381686,0.039885610867955654,0.06685010789586121,0.6263143085566893
83,34,0.09913601136138088,0.0035551720945321483,0.09558083926684874,0.9641384392441162
83,35,0.08258925550662816,0.03430341081284352,0.048285844693784635,0.5846504414839953
83,36,0.09086649591726043,0.05860779552614086,0.03225870039111957,0.3550120433882816
83,37,0.08539209947583257,0.0023976313728555493,0.08299446810297702,0.9719220936412961
83,38,0.10329333227189606,0.013852690993245612,0.08944064127865045,0.8658897850561973
84,0,0.09275163403232113,0.027297472539426798,0.06545416149289433,0.7056928125933128
84,1,0.0751506393973267,0.017415826159299087,0.05773481323802762,0.7682544513397899
84,2,0.0942114082030504,0.000631688418630847,0.09357971978441956,0.9932949901643611
84,3,0.09746916177697025,0.021118499301557257,0.076350662475413,0.7833314771919269
84,4,0.09420275867676643,0.02092488089567642,0.07327787778109002,0.7778740114450895
84,5,0.0952648749276076,0.039374398852983085,0.055890476074624516,0.5866850307324295
84,6,0.10427416997716143,0.035702854343950055,0.06857131563321138,0.6576059598290752
84,7,0.10027275870634676,0.04112182504151647,0.05915093366483029,0.5899003321336399
84,8,0.09189296506688771,0.00795068183183193,0.08394228323505579,0.9134788846344797
84,9,0.09555400932393102,0.014691374019592439,0.08086263530433857,0.8462505746902965
84,10,0.09704490000677929,0.024998702723557403,0.07204619728322188,0.7424006545237198
84,11,0.08619613845124624,0.015276446159398,0.07091969229184825,0.8227711074546736
84,12,0.11035443705520172,0.028430327351841915,0.08192410970335981,0.7423725940659691
84,13,0.11194430325602467,0.07145631656775664,0.04048798668826803,0.3616797417164596
84,14,0.09661763889993602,0.00864118654669256,0.08797645235324346,0.9105630540646726
84,15,0.11302786640263604,0.07420816897031976,0.03881969743231628,0.3434524482133454
84,16,0.12721010199677707,0.03971388859721022,0.08749621339956684,0.6878086883523102
84,17,0.08572616058530155,0.03159343970122007,0.054132720884081484,0.6314609276151693
84,18,0.08518662710588132,0.045136870417667785,0.040049756688213534,0.4701413596107561
84,19,0.06453618683379547,0.05599957184835957,0.008536614985435904,0.13227640807816618
84,20,0.06820921114224354,0.0033078393829258125,0.06490137175931773,0.9515045060992182
84,21,0.08832660921843742,0.036059435969311354,0.05226717324912607,0.5917488932453635
84,22,0.10310717097879941,0.012864153674549475,0.09024301730424994,0.875235121355482
84,23,0.06805952211238292,0.04578287260601356,0.02227664950636936,0.3273112830499333
84,24,0.10446535144256916,0.025167524943188732,0.07929782649938043,0.7590825609099221
84,25,0.09573391858382618,0.002282778118259124,0.09345114046556706,0.9761549704427873
84,26,0.13308335812641858,0.024925266509937444,0.10815809161648114,0.8127093660631826
84,27,0.09794629058037893,0.012472749107500083,0.08547354147287885,0.8726572590590921
84,28,0.1200418580893353,0.028268029693550245,0.09177382839578506,0.7645152270759327
84,29,0.1003528629785044,0.07474287071201968,0.02560999226648472,0.25519941839596927
84,30,0.12288028607594227,0.00449247455979581,0.11838781151614647,0.9634402335536607
84,31,0.10023051347071886,0.015108817137901465,0.0851216963328174,0.8492593062259896
84,32,0.07280131176686168,0.049086517811112305,0.023714793955749373,0.32574679466893997
84,33,0.08570918115805852,0.01620395701300311,0.06950522414505542,0.8109425758820287
84,34,0.08121698737369715,0.00885610260828922,0.07236088476540793,0.8909575090794695
84,35,0.10722347574769953,0.007632936437755262,0.09959053930994427,0.9288128240151828
84,36,0.14601398636444254,0.004284944784901953,0.14172904157954058,0.970653874388396
84,37,0.0861332952516898,0.05519634541912252,0.030936949832567284,0.359175272955325
84,38,0.07604961085105962,0.019108432967931077,0.05694117788312854,0.7487372682898503
85,0,0.09316092810070489,0.005495728737664822,0.08766519936304007,0.9410082225487915
85,1,0.0750627545292094,0.022313641849231763,0.05274911267997763,0.7027335062617668
85,2,0.09149323384515448,0.01082237399410983,0.08067085985104465,0.8817139416841917
85,3,0.08797294970613341,0.022449608590791374,0.06552334111534204,0.7448123694182986
85,4,0.1048308829322599,0.014882932983059215,0.08994794994920068,0.858029117310055
85,5,0.12217442191194788,0.009733878715960854,0.11244054319598704,0.9203280149508206
85,6,0.10716677183509404,0.012603233391657136,0.0945635384434369,0.882396071320962
85,7,0.1027928274505134,0.002696169423238852,0.10009665802727455,0.9737708409223704
85,8,0.10007894370621523,0.005757348047603264,0.09432159565861196,0.9424719343111361
85,9,0.09320760646254345,0.021515236535745018,0.07169236992679842,0.7691686617401642
85,10,0.11256234069792961,0.0160042102494765,0.09655813044845311,0.857819141373178
85,11,0.12600646410631497,0.06595417171540999,0.06005229239090498,0.4765810453996811
85,12,0.10032919309831625,0.015684371325313255,0.084644821773003,0.8436709113174711
85,13,0.08119264930542916,0.042651038564076926,0.038541610741352234,0.4746933505811227
85,14,0.09920038932059433,0.011834848304661054,0.08736554101593327,0.880697561917692
85,15,0.12488917473191771,0.05501944251289691,0.0698697322190208,0.5594538707538141
85,16,0.09493023358419854,0.023898939902698087,0.07103129368150045,0.7482473285868313
85,17,0.07445124918788595,0.015752241135222632,0.05869900805266332,0.7884220707234864
85,18,0.10096083676983383,0.0573934326918596,0.043567404077974235,0.43152776335736326
85,19,0.07179692100520978,0.0037423303172376583,0.06805459068797212,0.9478761726151724
85,20,0.07868501128910535,0.022213614016685427,0.056471397272419926,0.7176893838768363
85,21,0.1073435672024532,0.02289779401466046,0.08444577318779273,0.7866868540759919
85,22,0.11573189815287142,0.03253212178521168,0.08319977636765974,0.7189009918230177
85,23,0.08428598565258694,0.014619421846483823,0.06966656380610312,0.8265497907713545
85,24,0.11209351538558252,0.03653948796878651,0.07555402741679601,0.6740267459442509
85,25,0.07757917204780114,0.02758071637903438,0.04999845566876676,0.6444829758940936
85,26,0.08970856669257592,0.05154812733213993,0.038160439360435984,0.42538233267296266
85,27,0.08893694234452504,0.03828986817149084,0.0506470741730342,0.5694717272473448
85,28,0.09967651631665472,0.032257304105990876,0.06741921221066385,0.6763801013719711
85,29,0.10079688629716763,0.010778586738466413,0.09001829955870122,0.8930662728341711
85,30,0.07802620519451103,0.047059523493623676,0.030966681700887358,0.3968754038939958
85,31,0.11208573651346931,0.06625282452050707,0.045832911992962244,0.40890940648326396
85,32,0.11691177976925346,0.007164622558875178,0.10974715721037828,0.9387177017318883
85,33,0.09325891371161431,0.006450009401156655,0.08680890431045765,0.9308376095704685
85,34,0.08733069810438045,0.00868991913425149,0.07864077897012896,0.9004941066214194
85,35,0.08141348943226262,0.010729474313093953,0.07068401511916866,0.8682101161869366
85,36,0.10200779061533137,0.025693533508948846,0.07631425710638252,0.74812185075316
85,37,0.11239902385139332,0.036427030953507286,0.07597199289788603,0.6759132801574084
85,38,0.1496539437305307,0.02588685789373802,0.12376708583679269,0.8270218796214933
86,0,0.10684666280973093,0.003082324438420936,0.10376433837131,0.971151888534789
86,1,0.09100500471937228,0.01075702375589412,0.08024798096347817,0.8817974485132436
86,2,0.11512011340338713,0.04202269164475166,0.07309742175863546,0.634966554476003
86,3,0.10959570394771749,0.002517307478729103,0.10707839646898838,0.9770309657399529
86,4,0.08508638115513721,0.002726900070652863,0.08235948108448435,0.967951392060253
86,5,0.10354966237201749,0.015356515080143091,0.0881931472918744,0.8516990328276249
86,6,0.09350249278342285,0.006119797921688465,0.08738269486173439,0.9345493607762568
86,7,0.09015254590685536,0.02674491691381804,0.06340762899303731,0.7033370866591987
86,8,0.10658755434431288,0.020760170414265887,0.08582738393004699,0.8052289449553959
86,9,0.0921114682185426,0.004492728366394227,0.08761873985214838,0.951225092235694
86,10,0.10450191084361918,0.03675051348088512,0.06775139736273406,0.6483268757077557
86,11,0.10230215439858031,0.014068121923453906,0.0882340324751264,0.8624845976494006
86,12,0.10028984089778487,0.029685148938332483,0.07060469195945238,0.704006421063251
86,13,0.08095836247771537,0.03745491250689194,0.043503449970823435,0.5373558535450641
86,14,0.10445277078201916,0.013015057008602494,0.09143771377341667,0.8753976853733885
86,15,0.08715965504160822,0.026738487317615675,0.060421167723992544,0.693224034619558
86,16,0.09412497056320238,0.0659246556913962,0.028200314871806173,0.29960503257603066
86,17,0.06340304065738184,0.02289516924906253,0.04050787140831931,0.6388947752082785
86,18,0.07074981403228926,0.025106821896740038,0.045642992135549225,0.6451323266336556
86,19,0.1053449564017411,0.04290714040933579,0.06243781599240531,0.5926986741946515
86,20,0.10042683873329411,0.023030651289889494,0.07739618744340462,0.770672346353025
86,21,0.10592954624774212,0.010307750115879073,0.09562179613186304,0.902692398098526
86,22,0.1050270237752218,0.009132042763145007,0.09589498101207679,0.9130505422805338
86,23,0.1302471902888882,0.090681122260683,0.0395660680282052,0.3037767489682325
86,24,0.15825475033037067,0.002969143749925608,0.15528560658044507,0.9812382014206382
86,25,0.11223201610502065,0.0038065569070261512,0.1084254591979945,0.966083145976241
86,26,0.104608519934515,0.020325539075173815,0.08428298085934119,0.8056990091447847
86,27,0.09533983787649009,0.044152732153594366,0.05118710572289572,0.5368910506141943
86,28,0.09058801786063495,0.04990488635310702,0.04068313150752793,0.4491005816035941
86,29,0.11148889383783311,0.019158509807330595,0.09233038403050252,0.8281576832648665
86,30,0.09799469786579687,0.02672493917010415,0.07126975869569271,0.727281784095056
86,31,0.10358645751575597,0.012324532826226205,0.09126192468952976,0.8810217752223876
86,32,0.09349818450745664,0.0026007293019387435,0.0908974552055179,0.9721841732474352
86,33,0.08268514525303713,0.019810561852957702,0.06287458340007943,0.7604096625538668
86,34,0.09935333326188325,0.022066748203250088,0.07728658505863317,0.777896246871911
86,35,0.08712409233887666,0.025297552051751365,0.061826540287125295,0.7096376975342898
86,36,0.09155444997438089,0.022282115184489523,0.06927233478989137,0.7566244438066682
86,37,0.0888362242591519,0.011897632059452042,0.07693859219969985,0.8660722902321419
86,38,0.09640883342753558,0.0012696322263702556,0.09513920120116531,0.9868307479591633
87,0,0.10460682489837222,0.01239294461346651,0.09221388028490571,0.8815283359808834
87,1,0.11522071360775907,0.04945842668610036,0.06576228692165871,0.5707505609237107
87,2,0.08783046722835053,0.023501915678707328,0.0643285515496432,0.7324172759140097
87,3,0.10181239038852372,0.01532822194982476,0.08648416843869895,0.8494463994870259
87,4,0.11876385623753902,0.07450277215641002,0.044261084081129,0.3726814325782974
87,5,0.09507006368677529,0.04598346496396064,0.049086598722814644,0.5163202465556235
87,6,0.08313289725153826,0.007222443115311573,0.07591045413622668,0.9131217201120951
87,7,0.07916039687434681,0.0040083775442045794,0.07515201933014223,0.9493638523494624
87,8,0.12037577444500525,0.000711664442084604,0.11966411000292064,0.994087976211445
87,9,0.11338930767404319,0.031219908193196838,0.08216939948084635,0.7246662067737131
87,10,0.10090878042702553,0.005687588405254559,0.09522119202177097,0.943636337876785
87,11,0.09620672372783942,0.006099773782756637,0.09010694994508278,0.9365972195455655
87,12,0.07376296789673979,0.04488452644599485,0.02887844145074494,0.39150324714661217
87,13,0.09028111733223687,0.03236023097025913,0.057920886361977744,0.6415614701447189
87,14,0.08670331374387924,0.011889822816225307,0.07481349092765394,0.8628677232412624
87,15,0.07147127458739422,0.006634988688264079,0.06483628589913014,0.9071656588389102
87,16,0.1027451723609824,0.00225077383777343,0.10049439852320897,0.9780936292571916
87,17,0.0834394672389329,0.002167765671838292,0.08127170156709461,0.9740199003712381
87,18,0.1052884195541591,0.017320938972631646,0.08796748058152745,0.8354905596838029
87,19,0.10700043357759435,0.025237751491993397,0.08176268208560096,0.764134119384745
87,20,0.0887405399845655,0.016472690110520195,0.0722678498740453,0.8143724377450794
87,21,0.12384005254946855,0.0003400774256142672,0.12349997512385427,0.9972538979222539
87,22,0.1346569298418139,0.06621097362626695,0.06844595621554696,0.5082988027125879
87,23,0.11251791163347197,0.01644498839257849,0.09607292324089348,0.8538455953026557
87,24,0.09044430801797967,0.0107714614034394,0.07967284661454027,0.8809050382551645
87,25,0.06925181973620367,0.017694434123584388,0.051557385612619286,0.7444914199946425
87,26,0.11910899619791723,0.027338434066065384,0.09177056213185185,0.7704754893523028
87,27,0.14606750445611205,0.02322937852105631,0.12283812593505575,0.8409681974950433
87,28,0.11887109871474587,0.02405537609209506,0.09481572262265081,0.7976347795874204
87,29,0.1254845126420498,0.0371656548681172,0.08831885777393259,0.7038227739375782
87,30,0.11419344157548851,0.006383380893950031,0.10781006068153848,0.9441002845182641
87,31,0.08669268003703473,0.006290762382521242,0.08040191765451349,0.9274360605781958
87,32,0.1160893919756476,0.04383196552312474,0.07225742645252287,0.6224291920460787
87,33,0.09119774120325663,0.008177436777902064,0.08302030442535457,0.9103329022187444
87,34,0.06860545879788213,0.05608791518623344,0.012517543611648689,0.18245696233191155
87,35,0.08168983172073893,0.02721680588275066,0.05447302583798827,0.6668274948124172
87,36,0.08657675393905544,0.01257279712008717,0.07400395681896826,0.8547786034004274
87,37,0.10078687451968554,0.002531891077577564,0.09825498344210798,0.9748787618462854
87,38,0.09161812321253518,0.05077299122230273,0.04084513199023245,0.4458193483780513
88,0,0.10663351391060186,0.040483757559445756,0.06614975635115611,0.6203467739665219
88,1,0.09487301927968225,0.01567844411629761,0.07919457516338464,0.8347428569751941
88,2,0.09780394025963857,0.046553493228890595,0.05125044703074797,0.5240120888247879
88,3,0.09107440892614069,0.008989655724388111,0.08208475320175257,0.9012932850140315
88,4,0.07108182345015551,0.03562584610191533,0.03545597734824018,0.49880511820441503
88,5,0.13869075527196895,0.06250734171921749,0.07618341355275146,0.5493041940925174
88,6,0.08566436670524089,0.022461571255213544,0.06320279545002734,0.737795630562464
88,7,0.1267212883676758,0.0005964341968371454,0.12612485417083866,0.9952933385974848
88,8,0.11502564964336959,0.029038755795441736,0.08598689384792785,0.7475453876115916
88,9,0.11458553453733905,0.044321379069167194,0.07026415546817186,0.6132026677876643
88,10,0.09827063299614958,0.03295885572847548,0.06531177726767409,0.6646113419278894
88,11,0.07811711682194625,0.007913020464393272,0.07020409635755298,0.8987031167262668
88,12,0.12235550586418564,0.01812020160095129,0.10423530426323435,0.8519053027244669
88,13,0.11715700396280607,0.016388421045587048,0.10076858291721902,0.8601157379307012
88,14,0.0787112909328939,0.017224829305320342,0.06148646162757356,0.7811644415792196
88,15,0.13216347033137651,0.04268637652479653,0.08947709380657998,0.6770183438905774
88,16,0.08762991423728732,0.010961204371705028,0.07666870986558229,0.8749148111451541
88,17,0.08772032611601692,0.03830668294144812,0.0494136431745688,0.563308931492291
88,18,0.10192173823567621,0.007711527703695207,0.094210210531981,0.9243387344330446
88,19,0.08140100616285961,0.012473093984479704,0.0689279121783799,0.8467697812048577
88,20,0.10096799077739738,0.05606207795671249,0.04490591282068489,0.4447539509792592
88,21,0.091831324722849,0.0362155970653321,0.05561572765751689,0.6056291556869905
88,22,0.11270971620261722,0.0071958902494943,0.10551382595312292,0.936155546372255
88,23,0.08562623186582685,0.0052319521561007346,0.08039427970972612,0.9388977881883322
88,24,0.1036374487151365,0.032762415027939064,0.07087503368719744,0.6838747437908125
88,25,0.1018927160350303,0.05400730528839016,0.04788541074664015,0.4699591159212729
88,26,0.12043105328007847,0.03755632914733119,0.08287472413274728,0.6881507873223617
88,27,0.11892206417912793,0.008833047419635042,0.11008901675949288,0.9257240657517503
88,28,0.11485636758379177,0.024266407268364924,0.09058996031542685,0.7887238837615014
88,29,0.10812299860902477,0.04297500616123852,0.06514799244778625,0.6025359385690262
88,30,0.08925083774284884,0.03268807739696951,0.05656276034587933,0.6337504697586033
88,31,0.11644206639026591,0.011719210323757563,0.10472285606650836,0.8993558712323123
88,32,0.08917834467509986,0.04766669053388997,0.041511654141209886,0.4654902969151059
88,33,0.10285154651394482,0.008487587648605154,0.09436395886533966,0.9174772967808082
88,34,0.06543290958142417,0.02726150482185992,0.03817140475956425,0.583367070236485
88,35,0.12619048198309113,0.005308711081507538,0.12088177090158359,0.9579309707191792
88,36,0.09325628621539905,0.003088329459694915,0.09016795675570413,0.9668834178903324
88,37,0.09667397186565849,0.041080483801598594,0.05559348806405989,0.5750615909452291
88,38,0.11954536258139162,0.06752571700313363,0.052019645578257986,0.43514565897812035
89,0,0.10611781360021003,0.016807946012308755,0.08930986758790127,0.8416105134277334
89,1,0.07813496285829886,0.028427553963630267,0.0497074088946686,0.6361737060631248
89,2,0.09478866957534339,0.0019688558315765336,0.09281981374376685,0.9792289960351055
89,3,0.09720611867373131,0.042994650535436246,0.05421146813829507,0.5576960471002224
89,4,0.10113341363330763,0.0004305707350296638,0.10070284289827797,0.9957425472001683
89,5,0.12874739409821587,0.03413834416545742,0.09460904993275845,0.7348424455145497
89,6,0.07094266146089506,0.015807077389871926,0.05513558407102313,0.7771851652537015
89,7,0.1283932335800304,0.004984253267949681,0.12340898031208072,0.9611797823843817
89,8,0.08100917569624091,0.0038570668003166924,0.07715210889592422,0.9523872849320244
89,9,0.10309320263318042,0.009773053054765383,0.09332014957841503,0.9052017707749439
89,10,0.12048022067979511,0.0038501876029519953,0.11663003307684311,0.9680429901171513
89,11,0.10931100735482657,0.02640809167761132,0.08290291567721525,0.7584132438566784
89,12,0.09293679564841689,0.008280805541911462,0.08465599010650543,0.9108985253457841
89,13,0.10929286408036576,0.0002228718035314839,0.10906999227683428,0.9979607835753339
89,14,0.13585570779933578,0.009484568902707855,0.12637113889662793,0.930186452550695
89,15,0.08051451275264809,0.022998442709881103,0.05751607004276699,0.7143565560592093
89,16,0.11025546532652492,0.05447739364819246,0.05577807167833246,0.5058984741767132
89,17,0.10586750159730057,0.018765235858058178,0.0871022657392424,0.8227479105964218
89,18,0.12399967787154634,0.03295937487975929,0.09104030299178704,0.7341978991759757
89,19,0.07770296036092628,0.015287670475915375,0.062415289885010904,0.8032549801847326
89,20,0.12830703384271666,0.0346139603176544,0.09369307352506226,0.7302255435186396
89,21,0.13242554637451534,0.017355248123156718,0.11507029825135862,0.8689433527117646
89,22,0.08133729300066513,0.003139863404959229,0.0781974295957059,0.961397001435325
89,23,0.11702607914281427,0.018309406393940793,0.09871667274887347,0.8435442208433158
89,24,0.08685823707891936,0.01889026588111113,0.06796797119780823,0.7825161260877602
89,25,0.07548015909114673,0.030661041946370475,0.04481911714477626,0.5937867339502364
89,26,0.08733456493805963,0.02677156564263593,0.060562999295423706,0.693459678174121
89,27,0.05646293419812269,0.0258010148072463,0.03066191939087639,0.5430450936766203
89,28,0.07838606387591068,0.013002040558251854,0.06538402331765883,0.8341281611124807
89,29,0.09771026182956818,0.013945773738274516,0.08376448809129367,0.8572742158587239
89,30,0.07338957649747771,0.0035711505505183726,0.06981842594695933,0.951339812532627
89,31,0.1059273956462215,0.0067248406680031885,0.09920255497821831,0.9365146228038783
89,32,0.0824352622317572,0.023657597376662808,0.0587776648550944,0.7130160475482906
89,33,0.08331462593838829,0.009371444142127894,0.07394318179626039,0.8875174192217086
89,34,0.11392191768503587,0.07284707560435019,0.04107484208068568,0.36055258650268524
89,35,0.10741308663088568,0.03353426829239986,0.07387881833848582,0.6878009063491768
89,36,0.058882774516677394,0.0017388108900936988,0.057143963626583694,0.9704699565472884
89,37,0.11158970047266505,0.017737916412108305,0.09385178406055675,0.8410434266157621
89,38,0.08567958476808396,0.023321251634626727,0.06235833313345723,0.7278085357468492
90,0,0.13759656898677375,0.03366423895980346,0.10393233002697029,0.7553410000867146
90,1,0.09480645468195026,0.0031634411201983785,0.09164301356175188,0.9666326398259395
90,2,0.10036209439304068,0.04146899027783783,0.05889310411520285,0.5868062486277351
90,3,0.09204947116168731,0.01842478549560126,0.07362468566608604,0.7998382254338252
90,4,0.08431765186680931,0.018364199158984774,0.06595345270782454,0.7822021990366453
90,5,0.11418951740188377,0.09209590191085752,0.022093615491026244,0.19348199373913608
90,6,0.10612658261377686,0.05797013776479042,0.048156444848986436,0.4537642093333079
90,7,0.08651821484843387,0.005365817823538541,0.08115239702489534,0.9379804838444876
90,8,0.10896995202308501,0.02769580215640682,0.08127414986667819,0.7458400077983008
90,9,0.12349259369923615,0.016823773026693224,0.10666882067254294,0.8637669472902384
90,10,0.08842272213407115,0.03673900729470268,0.05168371483936847,0.5845071672980495
90,11,0.1414433197420979,0.036640872845091065,0.10480244689700682,0.740950135277505
90,12,0.11479886352370669,0.001337848098502424,0.11346101542520426,0.9883461555503452
90,13,0.14002480714663493,0.01022460625845299,0.12980020088818195,0.9269800368462875
90,14,0.13798245069065335,0.0025360453282282152,0.13544640536242514,0.9816205226423044
90,15,0.09731880872807938,0.01864338586781691,0.07867542286026247,0.8084297772293041
90,16,0.1342240365677173,0.06868951615515731,0.06553452041256,0.4882472773756674
90,17,0.09978579849894693,0.008736715370594911,0.09104908312835203,0.9124453028184456
90,18,0.07055993909552771,0.01147019614692753,0.059089742948600185,0.837440390482784
90,19,0.06883842718057386,0.024856732633219157,0.0439816945473547,0.6389119616574607
90,20,0.08500894711775649,0.02136907890959053,0.06363986820816596,0.7486255313809551
90,21,0.09752115571923539,0.018061209895265804,0.07945994582396959,0.8147970072538492
90,22,0.10617922186914534,0.057184107207957004,0.04899511466118834,0.46143787643847717
90,23,0.0934156894066139,0.02963884432142312,0.06377684508519078,0.68272091647889
90,24,0.08121978236259372,0.0010427903196951645,0.08017699204289856,0.9871608826155213
90,25,0.08013733100947588,0.02184810558762422,0.058289225421851665,0.7273666927459715
90,26,0.08349210223052426,0.02212871150402221,0.06136339072650206,0.7349604224490102
90,27,0.09500149965269364,0.012645675630393035,0.0823558240223006,0.8668897261977644
90,28,0.1306459013748572,0.0012023849446131767,0.12944351643024404,0.9907966118189716
90,29,0.09280202904556387,0.04167960078320511,0.05112242826235876,0.5508761908347791
90,30,0.11595388654281058,0.01050167623611685,0.10545221030669373,0.9094323049513343
90,31,0.12300165909561847,0.03303831229112616,0.0899633468044923,0.7313994580720006
90,32,0.10097136084666863,0.042165808337509145,0.05880555250915949,0.5823983356870809
90,33,0.11006130957920024,0.02405436437789438,0.08600694520130586,0.7814457735432919
90,34,0.08109626352619212,0.019149315224755773,0.06194694830143635,0.7638693277333177
90,35,0.11849454028728307,0.043144861606483495,0.07534967868079957,0.635891565114466
90,36,0.12024549526844817,0.0816432543011617,0.03860224096728647,0.3210285830758727
90,37,0.10290505131525984,0.03720486026960283,0.06570019104565701,0.6384544801826876
90,38,0.11916958059369626,0.009063745389647462,0.11010583520404879,0.923942457928505
91,0,0.12482258170335725,0.007234286249838183,0.11758829545351906,0.9420434495816584
91,1,0.10054529025085494,0.07937128631044535,0.021174003940409594,0.21059170337647468
91,2,0.10082824624600585,0.017916963013537346,0.0829112832324685,0.8223021456723284
91,3,0.08464091934082452,0.050422146406275715,0.0342187729345488,0.4042816784250617
91,4,0.13312559179221695,0.053375986523500146,0.0797496052687168,0.5990554047127945
91,5,0.09187703485448159,0.013390478346741647,0.07848655650773995,0.8542565248437762
91,6,0.0993484651986146,0.013973356348062134,0.08537510885055247,0.8593500531676358
91,7,0.09365622214555533,0.005811738817442626,0.0878444833281127,0.9379460468903994
91,8,0.11365138934220247,0.016062141487804434,0.09758924785439803,0.8586718421941891
91,9,0.12018187784719417,0.07389880318374062,0.04628307466345355,0.3851085995036655
91,10,0.11492012108252775,0.005697218597439177,0.10922290248508858,0.9504245336345598
91,11,0.11643677719585765,0.05176220988778611,0.06467456730807154,0.5554479337682355
91,12,0.09716060457000497,0.03511452187010894,0.06204608269989603,0.6385930076751565
91,13,0.09568193478435166,0.027595753246465998,0.06808618153788566,0.7115886785874321
91,14,0.11092452898485902,0.02239617662108171,0.08852835236377732,0.7980953642441093
91,15,0.10587968401163941,0.014718960438154923,0.0911607235734845,0.8609840917494913
91,16,0.11111338049025668,0.028625320975595992,0.08248805951466069,0.7423773730103902
91,17,0.10734810481289543,0.016807334715021032,0.0905407700978744,0.8434314723644565
91,18,0.09377612692293696,0.03245309249480939,0.061323034428127574,0.6539301252921377
91,19,0.08924631221417538,0.011834482282344704,0.07741182993183068,0.8673952795501059
91,20,0.11116157667821103,0.04694021307624075,0.06422136360197028,0.5777298732265861
91,21,0.07076355427151543,0.022102218335958726,0.0486613359355567,0.6876609921096689
91,22,0.07114767333110031,0.02931611908452999,0.04183155424657032,0.5879539314223051
91,23,0.09232112710029611,0.027256867203919614,0.06506425989637649,0.7047602422107756
91,24,0.12429464698011543,0.04083594898947826,0.08345869799063717,0.6714585062057326
91,25,0.0968925969793074,0.03627392821512608,0.060618668764181316,0.6256274540471567
91,26,0.09687161794395177,0.055074689963321946,0.041796927980629825,0.43146722298798396
91,27,0.13827146861167236,0.01782335925484097,0.1204481093568314,0.8710987925867999
91,28,0.09065813237600262,0.004903785889170826,0.08575434648683179,0.9459090347368675
91,29,0.10645970347896448,0.01992545948876444,0.08653424399020004,0.8128356661006337
91,30,0.09692059044320148,0.049578452589349516,0.04734213785385196,0.4884631597616602
91,31,0.11644445697887376,0.02017931310540505,0.09626514387346871,0.8267043908404662
91,32,0.1201950758723484,0.033248906931953245,0.08694616894039515,0.723375465337159
91,33,0.08346421817274283,0.022315660126275998,0.06114855804646683,0.7326320114795768
91,34,0.14887804343378896,0.06314625911380622,0.08573178431998274,0.575852438295312
91,35,0.12074020517586864,0.000132864280189042,0.1206073408956796,0.9988995854363878
91,36,0.10419120360651976,0.0011808407528784703,0.10301036285364129,0.9886665984075015
91,37,0.0939543088172435,0.021528825005939035,0.07242548381130445,0.7708585664994233
91,38,0.09261729362056213,0.003414746875985919,0.08920254674457621,0.9631305694379758
92,0,0.13451058102400248,0.018949187206397666,0.11556139381760482,0.8591249323128244
92,1,0.10466632250044755,0.02717711621338976,0.0774892062870578,0.7403451696387485
92,2,0.09386562503921245,0.00607518369334137,0.08779044134587108,0.9352778645984251
92,3,0.12034380467918823,0.004263574092221887,0.11608023058696634,0.9645717193038088
92,4,0.1320300811452694,0.020307761394921433,0.11172231975034796,0.846188374507039
92,5,0.09592327560605207,0.021073362233635706,0.07484991337241637,0.7803102312708541
92,6,0.13807835789754994,0.10453039460110047,0.03354796329644946,0.2429632261512051
92,7,0.09152404368625733,0.026596028738499033,0.0649280149477583,0.7094093784834321
92,8,0.07924366017298753,0.0008233136771113991,0.07842034649587613,0.9896103527359271
92,9,0.08868464815929683,0.009119020769527655,0.07956562738976918,0.8971747539309406
92,10,0.055246749124564155,0.020569388791566574,0.03467736033299758,0.6276814632986091
92,11,0.13551709299646839,0.090156044088123,0.045361048908345386,0.33472566379155955
92,12,0.11669072847741617,0.036030672881381474,0.0806600555960347,0.6912293431405333
92,13,0.08737083921797499,0.003459753138940591,0.0839110860790344,0.9604015118784757
92,14,0.08057904135141457,0.02234971056034604,0.058229330791068526,0.7226361819958076
92,15,0.09947745168284064,0.018980658732489213,0.08049679295035142,0.809196371525435
92,16,0.1278078903866307,0.038623194146983134,0.08918469623964757,0.6978027410503029
92,17,0.10905321579355032,0.023010636349568424,0.08604257944398189,0.7889962603841955
92,18,0.09632449814400472,0.06164385927162773,0.03468063887237699,0.3600396528464605
92,19,0.08043734006355058,0.044706035865702744,0.035731304197847834,0.44421290124235646
92,20,0.09073698880085032,0.05570882038221382,0.0350281684186365,0.3860406751596791
92,21,0.08501316932046134,0.020788185073544664,0.06422498424691667,0.7554710024374861
92,22,0.08075109827007336,0.01758914340444899,0.06316195486562437,0.7821807531877546
92,23,0.11026540051303972,0.004599283706350779,0.10566611680668894,0.9582889674825343
92,24,0.09828947063953386,0.05559795020682105,0.042691520432712814,0.43434479965081313
92,25,0.0740136430112684,0.012800216813181074,0.06121342619808733,0.8270559819460276
92,26,0.07187167302336901,0.00025897847697100955,0.071612694546398,0.9963966543969721
92,27,0.12762468859938533,0.023398904710017383,0.10422578388936796,0.8166584775500085
92,28,0.12491463193347069,0.0096823452865126,0.11523228664695809,0.9224883015172362
92,29,0.11715974832666234,0.01282404670164859,0.10433570162501375,0.8905422136458261
92,30,0.1326562884006939,0.02275152881662807,0.10990475958406584,0.8284926474958646
92,31,0.0641696572605539,0.012733200474106417,0.05143645678644748,0.8015697602621649
92,32,0.06985206692575677,0.012115589950689782,0.05773647697506699,0.8265535941324829
92,33,0.12010208002482678,0.004311297922727053,0.11579078210209973,0.9641030536537265
92,34,0.09004534805683176,0.036335387170490584,0.053709960886341175,0.5964767980289482
92,35,0.11303412454013308,0.01014936442627508,0.102884760113858,0.9102097311978427
92,36,0.08534964110634868,0.032940622533643854,0.05240901857270483,0.6140508371605374
92,37,0.12720582963959803,0.031115085929574567,0.09609074371002346,0.755395754913667
92,38,0.08489777876431137,0.017269847153544557,0.06762793161076681,0.7965806949851046
93,0,0.13032790943041367,0.03595039507147046,0.0943775143589432,0.7241542872237542
93,1,0.10297278189719557,0.008780761541924175,0.0941920203552714,0.9147273543537886
93,2,0.11069995023522886,0.04743278761521401,0.06326716262001485,0.5715193411160259
93,3,0.09194512146267014,0.008776428502804934,0.0831686929598652,0.9045470998005242
93,4,0.08157834392678551,0.018663226283471068,0.06291511764331444,0.7712232758706056
93,5,0.09531132525903921,0.056137095451343114,0.039174229807696095,0.4110133785384634
93,6,0.08465674935355441,0.04927217148054737,0.03538457787300704,0.4179770442782939
93,7,0.06471276594399397,0.018799013493027143,0.04591375245096683,0.7095006955923217
93,8,0.07842800644185588,0.005623652112794406,0.07280435432906147,0.9282953581516367
93,9,0.12831863655126252,0.03258751335450633,0.0957311231967562,0.7460422411713531
93,10,0.08637857635105387,0.0044277704443355225,0.08195080590671834,0.9487399465077951
93,11,0.05873066267863726,0.014039621904900759,0.0446910407737365,0.760949029611281
93,12,0.10813048934171071,0.005109026062198287,0.10302146327951242,0.9527512906553774
93,13,0.10277037664924422,0.001430232918309746,0.10134014373093447,0.9860832180931755
93,14,0.0917898717467539,0.013800079170571425,0.07798979257618248,0.8496557527758016
93,15,0.08711416475300732,0.027792622316525104,0.059321542436482216,0.6809632234284189
93,16,0.09560056795106697,0.006386965141355097,0.08921360280971187,0.9331911381046998
93,17,0.08116401493577338,0.0027201330261000887,0.07844388190967329,0.9664859725304055
93,18,0.11179054132133978,0.000537539492091503,0.11125300182924827,0.9951915476413487
93,19,0.12501116635024573,0.023408233273234217,0.10160293307701151,0.8127508609298868
93,20,0.07414276683911453,0.01149262858130818,0.06265013825780635,0.8449932600135289
93,21,0.1148601640841278,0.0642993068588506,0.0505608572252772,0.4401948893982475
93,22,0.091887233174859,0.0239458163007628,0.0679414168740962,0.7393999637012191
93,23,0.09650234308175382,0.021518812782809246,0.07498353029894457,0.7770125356999967
93,24,0.13668268685314258,0.04077772387878002,0.09590496297436256,0.7016613821573959
93,25,0.0641051436779843,0.010175245352820992,0.0539298983251633,0.8412725599066789
93,26,0.1341571859068477,0.05416049818953371,0.07999668771731398,0.5962907404219095
93,27,0.07603711507487976,0.035098326349432885,0.04093878872544687,0.5384053390917214
93,28,0.07933170573049708,0.03896444696539245,0.04036725876510463,0.5088414322293646
93,29,0.13524882697723506,0.020561773558846745,0.11468705341838831,0.8479707808311884
93,30,0.10124213051669975,0.0009584218483437643,0.10028370866835598,0.9905333694238518
93,31,0.07942794818393537,0.022062392814909248,0.057365555369026114,0.722233882161752
93,32,0.06768106311648425,0.020590328942521843,0.04709073417396241,0.6957741501919921
93,33,0.10363112903685524,0.01300197924280127,0.09062914979405397,0.8745359684523242
93,34,0.12094594030571486,0.06149931469909717,0.05944662560661769,0.4915140223504365
93,35,0.13349081838172322,0.025844770727089243,0.10764604765463398,0.8063928962276273
93,36,0.11466422771642287,0.005860810418051428,0.10880341729837145,0.9488871940728905
93,37,0.08500419417664148,0.0367611986549216,0.048242995521719886,0.5675366490913304
93,38,0.09124959636674265,0.037471675027902954,0.0537779213388397,0.5893496900819158
94,0,0.061711116094343675,0.01587752181566089,0.045833594278682784,0.7427121267522142
94,1,0.09969475017611129,0.039117631237816704,0.06057711893829459,0.6076259665758206
94,2,0.07998038513056321,0.03969701728418968,0.040283367846373534,0.5036655897644571
94,3,0.09494353742359497,0.03024896351643169,0.06469457390716328,0.6814005003681868
94,4,0.10565003719019878,0.026408462497405097,0.07924157469279368,0.7500383038212974
94,5,0.09872052654493478,0.0068339195022046675,0.0918866070427301,0.9307750906383784
94,6,0.1447941466729296,0.024213686506655153,0.12058046016627447,0.8327716481429972
94,7,0.10222081125429923,0.012276673057111385,0.08994413819718784,0.8799004536701419
94,8,0.08700905322730436,0.008499011509035193,0.07851004171826917,0.9023203770895865
94,9,0.10385261889986028,0.013804554189299923,0.09004806471056036,0.8670755313102798
94,10,0.08663752882170872,0.004932602944205875,0.08170492587750285,0.9430662091671996
94,11,0.0897529301762778,0.021647102775411098,0.06810582740086671,0.758814528585357
94,12,0.1237938833788306,0.018845055131508498,0.1049488282473221,0.8477707087204027
94,13,0.06272403750666575,0.014164012250032398,0.048560025256633346,0.7741852595422102
94,14,0.11727158930546508,0.0042850937365692815,0.1129864955688958,0.9634600864374098
94,15,0.10758607044238068,0.01822970280918984,0.08935636763319084,0.8305570346213822
94,16,0.09950142628431907,0.0284052216635047,0.07109620462081437,0.7145244774447899
94,17,0.09781770840797173,0.04474274130269999,0.053074967105271736,0.5425905796515915
94,18,0.11850098995158853,0.036608521873932195,0.08189246807765634,0.6910699067671253
94,19,0.11333493645554205,0.0016761211824284292,0.11165881527311361,0.9852109046438128
94,20,0.10701510373771503,0.013451610897269203,0.09356349284044582,0.874301753421293
94,21,0.13027909342307487,0.019016227030272566,0.1112628663928023,0.8540346994239643
94,22,0.10094464611717277,0.03694777530628182,0.06399687081089095,0.6339798421464153
94,23,0.13823412628599507,0.003152810824945543,0.13508131546104954,0.9771922396469406
94,24,0.10202475103462179,0.004812005965383035,0.09721274506923876,0.9528349158749715
94,25,0.10463491835878452,0.03757113876081207,0.06706377959797245,0.6409311599787011
94,26,0.07645643862137066,0.023012293885766748,0.05344414473560392,0.699014310622958
94,27,0.10868829653924161,0.012100804824659486,0.09658749171458213,0.8886650613730934
94,28,0.12024001261497413,0.04196043465833506,0.07827957795663908,0.6510276924812174
94,29,0.11811539601148084,0.00929433364944954,0.1088210623620313,0.9213114127090923
94,30,0.1294901316458325,0.005100092593861117,0.1243900390519714,0.9606140442592928
94,31,0.11432022931729938,0.01833918392687648,0.0959810453904229,0.8395805883491058
94,32,0.10383378146873248,0.0015461307614592487,0.10228765070727323,0.9851095593400416
94,33,0.11694327360249218,0.03972065524690807,0.07722261835558411,0.660342540247979
94,34,0.10090268875612068,0.007227051581704776,0.0936756371744159,0.9283760257452367
94,35,0.07662747268832666,0.006486177934824313,0.07014129475350235,0.9153544060991534
94,36,0.066331732163976,0.04207252598542398,0.024259206178552026,0.3657255040254613
94,37,0.07246268751504609,0.007128112778857089,0.065334574736189,0.9016305767381729
94,38,0.08915047572856899,0.011689657739608852,0.07746081798896014,0.8688772253420202
95,0,0.11188518117761784,0.029680026720409876,0.08220515445720797,0.7347278128522419
95,1,0.10344073179825297,0.021108741591118904,0.08233199020713407,0.7959339495752155
95,2,0.07639536562131348,0.0032763794593662077,0.07311898616194727,0.9571128505934903
95,3,0.10100780926473726,0.029856974633308046,0.07115083463142921,0.704409244684694
95,4,0.07670758314045645,0.027177549288841744,0.0495300338516147,0.6456993145113447
95,5,0.1026256189714963,0.02114524926477538,0.08148036970672093,0.7939574009229766
95,6,0.11173418787657786,0.03035793951182927,0.08137624836474859,0.7283021419964782
95,7,0.1299578717066201,0.03664090065066974,0.09331697105595035,0.7180555500832871
95,8,0.10358043765112132,0.01437075041081598,0.08920968724030534,0.861259995258763
95,9,0.11874223124318836,0.015851959137042713,0.10289027210614565,0.8665010841460665
95,10,0.09053383380678721,0.002761670417156716,0.0877721633896305,0.9694957089406979
95,11,0.10212535660657368,0.019272374585228187,0.0828529820213455,0.8112870767298976
95,12,0.10631071490159932,0.018531197713009234,0.08777951718859009,0.8256883350830476
95,13,0.08593824912721819,0.02172289451990857,0.06421535460730962,0.7472267035863017
95,14,0.08210291812877388,0.009416838150626933,0.07268607997814694,0.8853044646250313
95,15,0.13124041968456213,0.02180441267968059,0.10943600700488154,0.8338590143792001
95,16,0.08023889368262108,0.02791848174670815,0.05232041193591293,0.6520579925099964
95,17,0.117055922619086,0.0440574664596901,0.0729984561593959,0.6236203562030913
95,18,0.15457204546047526,0.07320690218830525,0.08136514327217001,0.5263897687953896
95,19,0.09696947453267965,0.037318675015733035,0.059650799516946615,0.6151502811005098
95,20,0.1034582926096812,0.04008650503867793,0.06337178757100327,0.6125346356728218
95,21,0.0920943069348764,0.005333142789613082,0.08676116414526332,0.942090418321033
95,22,0.08470783273383715,0.006768664649782312,0.07793916808405485,0.920093993302245
95,23,0.09652735088849476,0.05924562250406232,0.037281728384432444,0.38622968558931114
95,24,0.09215149150520867,0.018218734240431807,0.07393275726477685,0.8022958289350961
95,25,0.10820805876637801,0.014736325617875272,0.09347173314850274,0.8638148970984582
95,26,0.08274510009500341,0.01807261692380172,0.0646724831712017,0.781586862508454
95,27,0.06890752627101156,0.0036306290845146225,0.06527689718649693,0.947311574206924
95,28,0.12687672977247838,0.007688954228673436,0.11918777554380494,0.9393982313190004
95,29,0.12989047875136478,0.02141263555318353,0.10847784319818125,0.8351485362204923
95,30,0.07138009497988565,0.03946057852225974,0.03191951645762591,0.447176715954505
95,31,0.11695576948815697,0.05214389946343172,0.06481187002472526,0.554157099802487
95,32,0.08570772448928021,0.023084879650227312,0.0626228448390529,0.730655786420807
95,33,0.08045194199467623,0.04023534102574068,0.04021660096893555,0.49988353260132384
95,34,0.1528771518949753,0.07856556861868358,0.07431158327629173,0.4860869159005713
95,35,0.08309293162654774,0.006445115007054901,0.07664781661949284,0.9224348584062267
95,36,0.10394918288646549,0.037178468272185176,0.0667707146142803,0.642339966127565
95,37,0.10485353812633001,0.017051345725373746,0.08780219240095627,0.8373793957736564
95,38,0.14507911304627424,0.002506612469019221,0.142572500577255,0.9827224442141459
96,0,0.09802578877764312,0.013661239333536647,0.08436454944410647,0.8606362723127366
96,1,0.11077459597225106,0.005832442178208351,0.1049421537940427,0.9473485583312858
96,2,0.06700398984597594,0.011692964701776595,0.05531102514419935,0.8254885309269558
96,3,0.09067451284648959,0.036972574364899494,0.05370193848159009,0.5922495395426779
96,4,0.11684633969029765,0.007487549242102459,0.10935879044819519,0.9359196936596536
96,5,0.07975929199163474,0.008222613807910508,0.07153667818372424,0.8969071364277794
96,6,0.10608006693976052,0.03551651579887605,0.07056355114088447,0.665191427348507
96,7,0.0712699169192883,0.026878044082981393,0.04439187283630691,0.6228697149539235
96,8,0.08979800799675064,0.000697126388250759,0.08910088160849988,0.9922367276980578
96,9,0.10616894296997084,0.06628311981986111,0.03988582315010973,0.3756825869632249
96,10,0.09455138720513973,0.00386038686819367,0.09069100033694605,0.95917154700419
96,11,0.08289077638490136,0.011205239752241686,0.07168553663265967,0.8648192206547756
96,12,0.09081436875619722,0.03498883833307691,0.055825530423120315,0.6147213396702793
96,13,0.10428812380821714,0.004321251234064098,0.09996687257415304,0.9585643017031282
96,14,0.04709533608003622,0.00876498835921462,0.038330347720821605,0.8138883998126917
96,15,0.11312248973616684,0.032713020903497717,0.08040946883266913,0.7108177076035579
96,16,0.11941279883607342,0.02172601760058958,0.09768678123548384,0.8180595563259977
96,17,0.09009132217867148,0.004473776680776639,0.08561754549789484,0.9503417579785972
96,18,0.09123327778649801,0.02945447139039134,0.06177880639610667,0.6771521082546217
96,19,0.12007215016354052,0.0644471379137371,0.055625012249803416,0.4632632310993108
96,20,0.12324839860567233,0.02351306323020506,0.09973533537546726,0.8092221603184148
96,21,0.09735075695700113,0.0150378785494071,0.08231287840759402,0.8455288996258222
96,22,0.0660735624541252,0.01997454728971504,0.04609901516441016,0.6976922910190692
96,23,0.1370809031511466,0.0024428128215208244,0.1346380903296258,0.9821797729270332
96,24,0.09871910497601794,0.015452862752109851,0.08326624222390808,0.8434663406251114
96,25,0.07102010485889898,0.03832952950622574,0.03269057535267324,0.460300296903561
96,26,0.07604500296840033,0.03105759744243648,0.04498740552596385,0.591589240185287
96,27,0.1120170841524523,0.0535178539417108,0.05849923021074151,0.5222348952694179
96,28,0.10585584745889462,0.02485720910087697,0.08099863835801765,0.76517868688804
96,29,0.14239704077567944,0.01860841298305615,0.12378862779262328,0.8693202268692485
96,30,0.09641403312284949,0.006004987929732756,0.09040904519311674,0.9377166607885672
96,31,0.11413119760038185,0.0002579494238670165,0.11387324817651483,0.9977398868206904
96,32,0.0745572516485801,0.02441941102309257,0.050137840625487526,0.6724743672393988
96,33,0.0986997290936272,0.010420934587438153,0.08827879450618906,0.8944177994900798
96,34,0.07835671425926315,0.0043738877397450845,0.07398282651951807,0.9441797964463778
96,35,0.0923207908323889,0.0009810047038701347,0.09133978612851876,0.9893739568841955
96,36,0.08950334979296243,0.018051459759420768,0.07145189003354166,0.7983152608122814
96,37,0.10736532318293263,0.0265858709316138,0.08077945225131883,0.7523793516989102
96,38,0.08683263233318567,0.02041635498080488,0.06641627735238079,0.76487693126168
97,0,0.07109879894086601,0.03848078927225293,0.032618009668613085,0.4587701923873847
97,1,0.06658669342667087,0.05123207880278706,0.015354614623883808,0.23059584180724038
97,2,0.07473436102130557,0.036078384092189525,0.03865597692911604,0.5172450316139834
97,3,0.13039465708696393,0.017022240338656985,0.11337241674830695,0.869455998282933
97,4,0.10478104832124269,0.03842006761248012,0.06636098070876256,0.6333299940396657
97,5,0.07502020445525731,0.020104506592590374,0.05491569786266694,0.7320121060909548
97,6,0.11279203424284825,7.573323420353995e-05,0.11271630100864471,0.9993285586636332
97,7,0.0847459015522175,0.017708058377661234,0.06703784317455627,0.7910452534775367
97,8,0.10031535157282118,0.039013886090304345,0.06130146548251683,0.6110875805286563
97,9,0.09240812669131142,0.02039993072859448,0.07200819596271693,0.7792409449361495
97,10,0.07392724450765482,0.0008053139809381295,0.0731219305267167,0.9891066685049416
97,11,0.1214604987570628,0.046337684062582554,0.07512281469448025,0.618495852258403
97,12,0.10294599065880186,0.031988459298645334,0.07095753136015653,0.6892694985600168
97,13,0.12637090177506732,0.02628080932115181,0.10009009245391551,0.7920343294856748
97,14,0.11901076573253568,0.03151194936979329,0.08749881636274238,0.7352176571940297
97,15,0.09407994428707633,0.047942713985990426,0.04613723030108591,0.49040452405352597
97,16,0.08500368389461833,0.018031601807578214,0.06697208208704011,0.787872701729815
97,17,0.14461445175188448,0.004238728169003201,0.14037572358288128,0.97068945656776
97,18,0.09377522998489918,0.011578283561528124,0.08219694642337105,0.8765315364900454
97,19,0.06794460018835824,0.010229513879456704,0.057715086308901535,0.8494433133597356
97,20,0.05757676237032788,0.02150074651062648,0.0360760158597014,0.626572498600462
97,21,0.09563637830260588,0.02288891185145267,0.07274746645115321,0.7606673082179127
97,22,0.14962278682871508,0.013391994912183165,0.13623079191653192,0.9104949506954845
97,23,0.10158151766218032,0.056396846135525106,0.045184671526655215,0.4448119359362344
97,24,0.11205585782059832,0.009702456123159078,0.10235340169743924,0.9134141104993124
97,25,0.0930457028534034,0.08334933950032956,0.009696363353073834,0.1042107593980001
97,26,0.10423850931002876,0.06443628085236244,0.03980222845766632,0.38183804355150114
97,27,0.06800096975890363,0.02058220576379014,0.04741876399511349,0.6973248199729499
97,28,0.13722648219197792,0.0008584358516039864,0.13636804634037392,0.9937443863757794
97,29,0.13207887908503388,0.021098285556280023,0.11098059352875386,0.8402599590302647
97,30,0.13394975478246585,0.04052673516679521,0.09342301961567064,0.6974482317447274
97,31,0.09739565312527193,0.006808247888905269,0.09058740523636666,0.9300970046358394
97,32,0.10007469363434265,0.017114018652815262,0.0829606749815274,0.8289875488867624
97,33,0.10367065820969823,0.0281694489639268,0.07550120924577143,0.7282794432832916
97,34,0.07741272876885336,0.0391931074631498,0.038219621305703555,0.49371236376156574
97,35,0.09089410401789205,0.010957715234454301,0.07993638878343776,0.8794452582722272
97,36,0.12107316874246192,0.000166131723439324,0.1209070370190226,0.9986278402955431
97,37,0.09584739830994599,0.03258358409471628,0.0632638142152297,0.660047276511885
97,38,0.12613734352373826,0.03421229732137167,0.09192504620236659,0.7287694796352427
98,0,0.11133446645263093,0.03478012556820278,0.07655434088442814,0.6876068420105955
98,1,0.08245857652808326,0.03786667029550225,0.04459190623258101,0.5407794811664516
98,2,0.111863300429094,0.006416448422552196,0.1054468520065418,0.942640272565359
98,3,0.10766031133166412,0.005018384205867815,0.10264192712579631,0.9533868689046615
98,4,0.0917131409709556,0.01678517380321585,0.07492796716773975,0.8169818018932368
98,5,0.1160314093589028,0.017323410171441178,0.09870799918746162,0.8507006829688913
98,6,0.0937351605860226,0.029731650708931148,0.06400350987709146,0.682812185704362
98,7,0.10966022546705939,0.0526596086214296,0.05700061684562979,0.5197929933378815
98,8,0.11189520996948141,0.061956560804755964,0.04993864916472544,0.44629836414218127
98,9,0.11610306710422727,0.014352689935855149,0.10175037716837212,0.8763797521130898
98,10,0.10556040484731363,0.006178740359947275,0.09938166448736635,0.941467254043934
98,11,0.07731200535787291,0.027290897891211318,0.05002110746666159,0.6470031043059445
98,12,0.11076066116893257,0.010072872938968953,0.10068778822996362,0.9090573057919384
98,13,0.10432129602954526,0.004262783241602523,0.10005851278794274,0.9591379382365491
98,14,0.07724692749521475,0.021003730291220615,0.056243197203994136,0.7280962366752808
98,15,0.06874327099913272,0.002315781835735581,0.06642748916339714,0.9663126033708114
98,16,0.09275468962810496,0.04875966136399171,0.04399502826411325,0.4743159449997515
98,17,0.08801999051529764,0.04360119618925669,0.044418794326040956,0.5046443889166414
98,18,0.08934240176004257,0.009282976575773394,0.08005942518426917,0.896096630570714
98,19,0.10062867296859695,0.03418151124087822,0.06644716172771874,0.6603203616573062
98,20,0.12473520472379682,0.03427175716577917,0.09046344755801765,0.7252439097553279
98,21,0.11522896497646651,0.009527442688242009,0.10570152228822449,0.9173172935278224
98,22,0.0833530253401376,0.03466957445735296,0.04868345088278463,0.5840633940294634
98,23,0.11361918577007324,0.002974720893336778,0.11064446487673646,0.9738184984061001
98,24,0.1413193843873373,0.025616715777595837,0.11570266860974146,0.8187317621807361
98,25,0.10423238363396387,0.010037030641235598,0.09419535299272827,0.9037052565497979
98,26,0.08883233141214567,0.00616516290509196,0.0826671685070537,0.9305977586416354
98,27,0.09060683671857916,0.06464125949597335,0.025965577222605812,0.2865741500639047
98,28,0.0767724738778579,0.01656404912292686,0.060208424754931045,0.7842449476191214
98,29,0.08210568866422926,0.05893531889265197,0.0231703697715773,0.28220175908069406
98,30,0.09258796682066689,0.0501459896925922,0.04244197712807469,0.4583962536976356
98,31,0.10531429343351288,0.018549619129514965,0.08676467430399792,0.8238641828687222
98,32,0.10317736392451746,0.014438456868447101,0.08873890705607035,0.8600617779011102
98,33,0.13727688210276773,0.014004227605474467,0.12327265449729326,0.897985535576262
98,34,0.10229702158608933,0.029638232067821832,0.0726587895182675,0.7102727761933967
98,35,0.0925940558727974,0.02866635004384433,0.06392770582895307,0.6904083121358763
98,36,0.09292996594527043,0.007259589300776711,0.08567037664449373,0.9218810721930951
98,37,0.07159103205147878,0.008210370481722323,0.06338066156975646,0.8853156569133056
98,38,0.09326241100879656,0.03351480868245923,0.059747602326337336,0.6406396926699859
99,0,0.08654027841053638,0.00369348779039151,0.08284679062014487,0.9573205926970785
99,1,0.080069902420997,0.00030674819675838294,0.07976315422423862,0.9961689949970771
99,2,0.0924698712324587,0.05733922058780567,0.03513065064465303,0.3799145621857587
99,3,0.06108932796135651,0.03002910407887314,0.031060223882483366,0.5084394430092805
99,4,0.07285723026351455,0.007019320625743676,0.06583790963777088,0.903656499151069
99,5,0.10609127494715387,0.02275952007872309,0.08333175486843078,0.785472272907833
99,6,0.08567844322168547,0.03451670528343334,0.05116173793825213,0.5971366427127488
99,7,0.10755814549615937,0.05759648310012737,0.049961662396032,0.4645084030183098
99,8,0.10360192251154082,0.01971679954531079,0.08388512296623003,0.8096869337235086
99,9,0.1232325945630039,0.010652627082545187,0.1125799674804587,0.9135567410527989
99,10,0.10740730527738598,0.03613717235728153,0.07127013292010445,0.6635501443411594
99,11,0.09498817506772902,0.020453083890130577,0.07453509117759845,0.7846775782822757
99,12,0.08270122806005531,0.00360207997022864,0.07909914808982667,0.9564446616486406
99,13,0.08768533569331374,0.008829478529671933,0.07885585716364181,0.8993049583506902
99,14,0.07947091325783168,0.018358870239383214,0.06111204301844846,0.7689862933898776
99,15,0.07498654576363106,0.013864385226229178,0.06112216053740188,0.8151083626397218
99,16,0.09187907468404022,0.0016817764311718823,0.09019729825286833,0.9816957622074962
99,17,0.09360802427564566,0.020472350251788368,0.07313567402385729,0.7812970585566057
99,18,0.10460801661696925,0.025303167119825245,0.079304849497144,0.7581144549133854
99,19,0.08790233327698413,0.04333830053938169,0.04456403273760244,0.5069721254972744
99,20,0.08230766187987551,0.01252022673287444,0.06978743514700107,0.8478850395343854
99,21,0.0927703928494425,0.013483592212000193,0.0792868006374423,0.8546562993014077
99,22,0.09938104352643837,0.01915699750481078,0.08022404602162758,0.8072369052986
99,23,0.12693280522381561,0.0299795747169787,0.09695323050683691,0.7638153930016995
99,24,0.10475475748426868,0.010549640306223842,0.09420511717804485,0.8992920172832427
99,25,0.09215921080574342,0.0210657710517619,0.07109343975398152,0.7714197976785511
99,26,0.09602732011972409,0.0012824032079114464,0.09474491691181264,0.9866454337545545
99,27,0.08506063418518756,0.029656198870500555,0.055404435314687,0.6513522482569866
99,28,0.10503988371027775,0.05257390922636663,0.052465974483911125,0.49948622019254507
99,29,0.11676558869616144,0.03323876708446005,0.08352682161170139,0.7153376482265554
99,30,0.07468674611487312,0.02102332370259591,0.053663422412277215,0.7185133267118017
99,31,0.09388689111395845,0.015631297426628905,0.07825559368732955,0.8335092658712506
99,32,0.11637668244121131,0.011903671402804763,0.10447301103840655,0.8977142916166388
99,33,0.10198545767568318,0.034558349707259226,0.06742710796842395,0.661144338664873
99,34,0.08135964271336182,0.03416992523387174,0.047189717479490086,0.5800138238775727
99,35,0.10730393551703513,0.028806731530492995,0.07849720398654213,0.7315407734889671
99,36,0.10559169069430593,0.003462345014010913,0.10212934568029503,0.9672100617837951
99,37,0.0934975747082589,0.026156867200113162,0.06734070750814573,0.7202401529480245
99,38,0.10695904765483485,0.03197676319398114,0.07498228446085371,0.7010373232082934
100,0,0.09164667714299471,0.04896390869050794,0.042682768452486766,0.46573176227534785
100,1,0.10565184198061746,0.008434890784364662,0.0972169511962528,0.9201633343419409
100,2,0.11759993031845598,0.007667112706563284,0.10993281761189269,0.9348034247486283
100,3,0.11245728932512897,0.001037797219684198,0.11141949210544477,0.9907716322711302
100,4,0.082480869685498,0.0015401558369256552,0.08094071384857235,0.9813271144836576
100,5,0.08498867638624127,0.034089813874715214,0.05089886251152606,0.5988899307033569
100,6,0.07727727984961412,0.009187141372500058,0.06809013847711406,0.881114586455699
100,7,0.06667621929058645,0.01388856488111222,0.052787654409474236,0.7917013737599089
100,8,0.09929577753379701,0.018583126037650437,0.08071265149614656,0.8128507928615055
100,9,0.0917278138467513,0.04926840528444658,0.04245940856230472,0.4628847759660032
100,10,0.1009196659939936,0.039268727428678075,0.061650938565315526,0.6108912267801677
100,11,0.14566201964051184,0.07870075445317216,0.06696126518733968,0.4597029847080073
100,12,0.08981847277211719,0.004927987744468988,0.0848904850276482,0.945133917418391
100,13,0.11269269717420252,0.01628956158818616,0.09640313558601636,0.8554514889016682
100,14,0.08953510545977433,0.04865133434905509,0.040883771110719246,0.45662280622528784
100,15,0.09618943941120234,0.02306692310111913,0.07312251631008321,0.7601927691613855
100,16,0.1327197250059976,0.0019052538643200096,0.1308144711416776,0.9856445312538592
100,17,0.13255025317505037,0.012349634067591087,0.12020061910745929,0.9068305508909007
100,18,0.11353561782143076,0.005105556568291659,0.1084300612531391,0.9550312345477197
100,19,0.12291626679927667,0.022590953119978448,0.10032531367929823,0.8162085970535563
100,20,0.08498468767783546,0.03312665069933479,0.051858036978500666,0.6102044779535687
100,21,0.13028871678821696,0.02295592570912034,0.10733279107909663,0.8238072622479277
100,22,0.0995625849744382,0.006878669128716392,0.09268391584572182,0.9309111034985439
100,23,0.09150835596043294,0.018099266048360763,0.07340908991207218,0.802211876080621
100,24,0.08344972617664705,0.020302622780664206,0.06314710339598284,0.7567083355350088
100,25,0.10021828717082348,0.009108912858856674,0.0911093743119668,0.9091092742053114
100,26,0.06865957154934943,0.015153497044448523,0.053506074504900906,0.7792951994528998
100,27,0.08537677731558002,0.005219890131003881,0.08015688718457614,0.9388605391872606
100,28,0.11505469511803376,0.03307073756706953,0.08198395755096423,0.7125650758263927
100,29,0.0795880508490372,0.012605819485358594,0.0669822313636786,0.8416116571409779
100,30,0.08603168714787415,0.007233278569443903,0.07879840857843025,0.9159230882336283
100,31,0.0881029548111793,0.0003127429293135215,0.08779021188186578,0.9964502560670776
100,32,0.15499405754411805,0.10872512202752042,0.04626893551659762,0.2985207062111234
100,33,0.1282277136405059,0.0455698790105611,0.08265783462994479,0.6446175501629936
100,34,0.11586812946351346,0.010021219410572357,0.10584691005294111,0.9135118564788085
100,35,0.08510569679686755,0.0242606389792048,0.06084505781766275,0.7149351936203435
100,36,0.10986112891790105,0.015301470438099181,0.09455965847980187,0.8607198871082608
100,37,0.09763708817908226,0.07513747285336314,0.02249961532571912,0.2304412774421455
100,38,0.07579894903069263,0.00031941913712113523,0.0754795298935715,0.9957859687870897
101,0,0.05513831693664376,0.0024975850410159095,0.05264073189562785,0.9547032775068971
101,1,0.09590409682445408,0.03795277475227995,0.057951322072174134,0.6042632587244952
101,2,0.09518432328977391,0.021688133244443717,0.0734961900453302,0.7721459532950867
101,3,0.08616096909261178,0.016198269870427745,0.06996269922218404,0.811999910852712
101,4,0.09002875188901485,0.017430893336709566,0.07259785855230529,0.8063852605865521
101,5,0.09122427646469673,0.0074930056310780185,0.08373127083361871,0.9178617148695307
101,6,0.10173311441193378,0.026728950158329587,0.07500416425360419,0.7372640136612769
101,7,0.08981951918111977,0.04071368774589734,0.04910583143522243,0.5467167034840303
101,8,0.07021598489879677,0.018138501483599426,0.05207748341519734,0.741675609766883
101,9,0.09262277344433216,0.06299116450766352,0.029631608936668635,0.31991709851441374
101,10,0.1133841030969382,0.00831117627275155,0.10507292682418665,0.9266989282823371
101,11,0.10675137073408413,0.0264939918000337,0.08025737893405042,0.7518159100174012
101,12,0.09134188247590441,0.01156556723511181,0.0797763152407926,0.8733815537668302
101,13,0.10785280680877504,0.027742067523638732,0.08011073928513632,0.7427784371636622
101,14,0.08826349384117965,0.0710066879370477,0.01725680590413195,0.19551464771135907
101,15,0.0912201644119032,0.023458823427263263,0.06776134098463993,0.7428329188123876
101,16,0.11117919875938242,0.04847159370176584,0.06270760505761658,0.5640228186329206
101,17,0.108097398276707,0.04450705326587988,0.06359034501082712,0.5882689687687855
101,18,0.08646366067388389,0.01849104910277936,0.06797261157110453,0.7861408022900824
101,19,0.08267818938024854,0.03310044652639927,0.04957774285384927,0.5996471769094303
101,20,0.10498938223887565,0.04040214694401169,0.06458723529486396,0.6151787344353807
101,21,0.11584824689145427,0.02532538357663299,0.09052286331482129,0.7813917408662906
101,22,0.09307847020315496,0.015965175159071084,0.07711329504408387,0.8284761758092374
101,23,0.08033887057394434,0.011020275493039605,0.06931859508090474,0.8628276024505911
101,24,0.09429133747897668,0.019607062975134544,0.07468427450384213,0.7920587033829468
101,25,0.14585055554398632,0.08440773532055745,0.06144282022342887,0.4212724455814544
101,26,0.12120816460053671,0.036592794297066744,0.08461537030346997,0.6980995924023363
101,27,0.12002557042398015,0.025994390733463938,0.09403117969051622,0.7834262262479491
101,28,0.06890821096148177,0.015989843944608263,0.052918367016873503,0.7679544466254355
101,29,0.09960016773634808,0.01884635857692281,0.08075380915942527,0.810779851025843
101,30,0.09790616856777504,0.061287311483104526,0.03661885708467051,0.37401991744086377
101,31,0.09309313137174052,0.009916073760214184,0.08317705761152634,0.8934822192131747
101,32,0.0853690650627219,0.04414781994778393,0.04122124511493797,0.48285927794397326
101,33,0.0823318024412786,0.010768447609395947,0.07156335483188266,0.8692067063990696
101,34,0.09797201509024128,0.0042798321897837876,0.0936921829004575,0.9563157684789717
101,35,0.13074860220604323,0.0006116677259730662,0.13013693448007016,0.9953218029435668
101,36,0.09128669899956036,0.028647073018880576,0.06263962598067979,0.6861856838637737
101,37,0.09749439854508123,0.023306795031281042,0.07418760351380019,0.7609422143313801
101,38,0.06750235056035,0.022159027018579622,0.04534332354177038,0.6717295496433343
102,0,0.114518638010836,0.01309465853952068,0.10142397947131532,0.8856547827762181
102,1,0.10714776592765576,0.06909476584629459,0.03805300008136117,0.3551450630062961
102,2,0.10423524845753425,0.014282336694253791,0.08995291176328046,0.8629797798191803
102,3,0.13013713421682715,0.07066008137384619,0.059477052842980965,0.45703367605962225
102,4,0.09388962826473994,0.010807114873877893,0.08308251339086205,0.8848955409280657
102,5,0.08769904918295865,0.009548761422171283,0.07815028776078736,0.891118985768585
102,6,0.09294535762782916,0.019007768670812226,0.07393758895701694,0.7954952333722473
102,7,0.07590106051364537,0.042132006258887494,0.033769054254757874,0.44490885932597646
102,8,0.10332484144114218,0.01135512024239117,0.091969721198751,0.8901027082740844
102,9,0.11959722636215697,0.05591541149794014,0.06368181486421684,0.5324689944847005
102,10,0.10701894553095372,0.06547390752980858,0.04154503800114513,0.38820264762493684
102,11,0.09993267645337398,0.0062991968095150765,0.0936334796438589,0.9369655949077466
102,12,0.11199407844777637,0.00035454271165181496,0.11163953573612455,0.9968342726993629
102,13,0.10242314318540172,0.0077416582886771475,0.09468148489672457,0.9244149510754268
102,14,0.08312983225656814,0.016668255684848313,0.06646157657171983,0.7994912869136538
102,15,0.06458995829970306,0.036874498434318816,0.02771545986538424,0.4290985873807517
102,16,0.10056790984035324,0.0013560720464248013,0.09921183779392845,0.9865158573089816
102,17,0.07628701861523879,0.017741516298044914,0.058545502317193875,0.7674372833007668
102,18,0.07250012265677129,0.01877277641411769,0.0537273462426536,0.7410655909784951
102,19,0.05821884962911517,0.010337480171922386,0.04788136945719279,0.8224375741228556
102,20,0.09879590892324759,0.01494313936830238,0.08385276955494521,0.848747387101713
102,21,0.08582231123211456,0.0008217652572612283,0.08500054597485333,0.9904248062600098
102,22,0.10788767572617665,0.018360892636349782,0.08952678308982687,0.8298147354388236
102,23,0.07460819890174339,0.015456192961785372,0.059152005939958015,0.7928351952023305
102,24,0.0957100176555779,0.04105467400022458,0.05465534365535333,0.5710514426194765
102,25,0.10416507484887812,0.03415113083911219,0.07001394400976593,0.6721441338312445
102,26,0.11697532309451793,0.05526760129728533,0.0617077217972326,0.5275276884456371
102,27,0.06865726238639948,0.018958131477837942,0.04969913090856154,0.7238728894964881
102,28,0.10589845831251674,9.053254634423802e-05,0.1058079257661725,0.9991451004312351
102,29,0.11800168000426178,0.007960989884422752,0.11004069011983902,0.9325349445521858
102,30,0.11218616054447084,0.014334986917142002,0.09785117362732884,0.872221432237539
102,31,0.08040478336899887,0.027312969427702748,0.05309181394129612,0.6603066598369367
102,32,0.09448529671218214,0.029180524058311758,0.06530477265387039,0.6911633336221564
102,33,0.11798816304761335,0.0230249603087522,0.09496320273886115,0.804853641975419
102,34,0.10874275373525287,0.04841311587350719,0.06032963786174568,0.5547922577777029
102,35,0.12015642591647145,0.02692753188149201,0.09322889403497944,0.7758960315596347
102,36,0.0885955128785707,0.03251992630721474,0.056075586571355966,0.6329393526759458
102,37,0.08910722072100707,0.023807638363900135,0.06529958235710694,0.7328203239730552
102,38,0.1088881728715302,0.013861796180201365,0.09502637669132884,0.8726969530790459
103,0,0.1095686470060548,0.03095114376164055,0.07861750324441424,0.7175182444305424
103,1,0.09487201855858335,0.011284267005283566,0.08358775155329978,0.8810580065995376
103,2,0.045684291736028754,0.004025983587867463,0.041658308148161294,0.9118737877971219
103,3,0.0884054003957224,0.011273786355714334,0.07713161404000807,0.8724762706209086
103,4,0.08028072799109014,0.0023246937952283945,0.07795603419586174,0.9710429407729536
103,5,0.1169845620546434,0.040604591978067615,0.07637997007657579,0.6529064069231525
103,6,0.09769618429826846,0.02949849377348791,0.06819769052478054,0.6980588956941409
103,7,0.12158134638256128,0.016389626479280325,0.10519171990328095,0.8651962084075824
103,8,0.08049032529570194,0.019960617852229738,0.0605297074434722,0.7520122104252993
103,9,0.09125734379487783,0.03269197334283746,0.058565370452040376,0.6417606300669862
103,10,0.13088371816728564,0.0763396167650964,0.05454410140218924,0.41673710195545566
103,11,0.10512384401662092,0.019433420390083434,0.08569042362653749,0.8151378445882282
103,12,0.0825021005314038,0.024067511644636913,0.05843458888676689,0.7082800136043107
103,13,0.11339753524560192,0.0474848548394638,0.06591268040613812,0.5812532015213666
103,14,0.109689455327253,0.0432578551525415,0.0664316001747115,0.6056334218865081
103,15,0.1163269484245954,0.03144270382665869,0.08488424459793671,0.7297040431947697
103,16,0.1367619175895738,0.020893088914001212,0.11586882867557258,0.8472302137741156
103,17,0.08112876488486775,0.0289285121791523,0.052200252705715454,0.6434247184681584
103,18,0.12798216591707884,0.03744009246397566,0.09054207345310318,0.7074585181795288
103,19,0.11102564342386292,0.054093690085389556,0.05693195333847337,0.512782016683516
103,20,0.0760946459823159,0.0056098806077196865,0.0704847653745962,0.9262775910801476
103,21,0.09582130849559059,0.043857775307476116,0.051963533188114475,0.542296217865838
103,22,0.07982821000026469,0.0006069263961927512,0.07922128360407193,0.9923970937568218
103,23,0.11117061821421599,0.016428006034839116,0.09474261217937688,0.8522270875278952
103,24,0.10768569849042842,0.013024897261541359,0.09466080122888706,0.8790471024088768
103,25,0.10348164556737868,0.04373288354157703,0.05974876202580165,0.5773851169277957
103,26,0.10871257570466139,0.03047959379130709,0.0782329819133543,0.7196313895265368
103,27,0.05388327029311471,0.027252621301948794,0.026630648991165917,0.49422852114024013
103,28,0.08102463073428236,0.03177492256778543,0.04924970816649693,0.6078362557184586
103,29,0.08571608050177659,0.0007501112456686247,0.08496596925610797,0.9912488853750951
103,30,0.09712747884245672,0.02492906508183403,0.07219841376062269,0.7433366398579169
103,31,0.11267343656493253,0.017452867139692543,0.09522056942523999,0.8451022026861261
103,32,0.1176372347231464,0.0506059136654618,0.0670313210576846,0.5698138112090071
103,33,0.05892600323933444,0.013415278780430468,0.04551072445890397,0.7723368624553945
103,34,0.09577454441761041,0.029622178372486326,0.06615236604512409,0.6907092740287722
103,35,0.07950360176427618,0.00833576656656555,0.07116783519771062,0.8951523405030046
103,36,0.0995714151348739,0.022688809402083128,0.07688260573279077,0.7721353124152134
103,37,0.1310551044081601,0.015415486457716428,0.11563961795044367,0.8823740095638992
103,38,0.10093010821308174,0.009340951335306968,0.09158915687777477,0.9074512898015871
104,0,0.10374994370961865,0.03037597781375193,0.07337396589586673,0.7072193321013265
104,1,0.0843220514121159,0.008610666734646706,0.0757113846774692,0.8978835714923146
104,2,0.09357714813471377,0.020014810430570903,0.07356233770414286,0.7861143363574453
104,3,0.10265843665053132,0.0040024373360798525,0.09865599931445146,0.961012095384767
104,4,0.08566843991350269,0.0416007313005026,0.04406770861300009,0.5143984022295045
104,5,0.06217904831249571,0.010501095709692904,0.05167795260280281,0.8311152068954621
104,6,0.0841098125627813,1.3059188556967943e-05,0.08409675337422433,0.9998447364444283
104,7,0.06580010098903011,0.0003120321378637207,0.06548806885116638,0.9952578775233833
104,8,0.08335518772706416,0.02847993264275299,0.05487525508431117,0.6583304120673704
104,9,0.10515702685054121,0.019311140307032716,0.0858458865435085,0.8163590119899503
104,10,0.07529328605109997,0.015503435196389036,0.05978985085471093,0.7940927271275265
104,11,0.08043522507324287,0.015846499195979753,0.06458872587726311,0.8029905531867385
104,12,0.08569474485603429,0.021427619032050104,0.06426712582398418,0.7499541066602375
104,13,0.07786550770499553,0.019869976610902194,0.05799553109409334,0.7448167077240104
104,14,0.08878519751963988,0.01865859318415545,0.07012660433548443,0.7898456757949088
104,15,0.1179846412257666,0.02577282486048922,0.09221181636527738,0.7815577977546054
104,16,0.1287343500364579,0.04685987376181863,0.08187447627463926,0.6359955695698327
104,17,0.09487805273655756,0.01188768485257542,0.08299036788398213,0.8747056404542441
104,18,0.04200186996749318,0.0022040510561392532,0.03979781891135393,0.9475249302508424
104,19,0.06783052864100449,0.017488071039137423,0.05034245760186706,0.7421799388930953
104,20,0.0939014867218568,0.02257529721482631,0.07132618950703049,0.7595853058035595
104,21,0.09255579667605102,0.0035993039533457607,0.08895649272270525,0.961112063397353
104,22,0.11418581303251618,0.023443948940448725,0.09074186409206746,0.794685974397076
104,23,0.06237892295576996,0.012730174942589064,0.04964874801318089,0.7959218540593359
104,24,0.07188026200508205,0.001594052260947493,0.07028620974413455,0.9778235051392161
104,25,0.1058793099202619,0.04090984450237369,0.0649694654178882,0.6136181418902045
104,26,0.12826952442139733,0.01042605049147829,0.11784347392991903,0.9187176335259019
104,27,0.10698309178789916,0.014385612301617426,0.09259747948628173,0.8655337767753261
104,28,0.11638037945737034,0.020207909301190645,0.09617247015617969,0.826363263331748
104,29,0.10271334313016359,0.036675588987371624,0.06603775414279196,0.6429325745838644
104,30,0.10840326936580932,0.03665300965111062,0.0717502597146987,0.6618828023772586
104,31,0.09768711666921057,0.00715645891950884,0.09053065774970173,0.926741015975094
104,32,0.090350948039992,0.004267490145575113,0.08608345789441688,0.952767621832964
104,33,0.12849352901404684,0.07146011020010093,0.05703341881394591,0.4438621870811179
104,34,0.06969767075846534,0.009335318558328715,0.060362352200136624,0.8660598201239765
104,35,0.07637992669699295,0.028880863657288113,0.04749906303970484,0.6218788770004784
104,36,0.08621589662790768,0.019584149247758552,0.06663174738014913,0.77284758363901
104,37,0.10348689513834544,0.014268923385451514,0.08921797175289392,0.8621185477989628
104,38,0.12018981730052485,0.03347395163316942,0.08671586566735542,0.721490951687941
105,0,0.09058329790577557,0.021176347959528878,0.06940694994624669,0.7662223781965143
105,1,0.09192824823427687,0.0019141030956087712,0.0900141451386681,0.9791782925012263
105,2,0.1235752502354831,0.0038956706130149742,0.11967957962246813,0.9684753168163411
105,3,0.13522152807478666,0.0100547187059398,0.12516680936884686,0.9256426188263539
105,4,0.07345162613281227,0.015454516514028648,0.05799710961878362,0.7895959922509488
105,5,0.12861476000262873,0.013197710309182906,0.11541704969344582,0.8973857253326667
105,6,0.09610118179084681,0.04281838583407496,0.05328279595677185,0.5544447525394197
105,7,0.07302769807354167,0.0022846677264725607,0.07074303034706911,0.9687150521412873
105,8,0.08786036730341487,0.03418260132145781,0.05367776598195706,0.6109440198057396
105,9,0.07214537297746372,0.04044760969896421,0.03169776327849951,0.43935961476560725
105,10,0.07443601181216002,0.004579481200511428,0.06985653061164859,0.9384776119915211
105,11,0.08496200319797206,0.017624083757806903,0.06733791944016516,0.7925651103500869
105,12,0.12215419972704902,0.04801506686378028,0.07413913286326874,0.6069306911177108
105,13,0.12136506277933294,0.020521627623837652,0.10084343515549529,0.8309099245377538
105,14,0.10934237713427636,0.0008230660283594614,0.1085193111059169,0.9924725797085177
105,15,0.12396660276714894,0.023304275592907417,0.10066232717424152,0.8120116622322812
105,16,0.10435988629461883,0.024827199473493846,0.07953268682112498,0.7621001674589403
105,17,0.11360267853868922,0.0351032526761276,0.07849942586256162,0.6909997798672272
105,18,0.06360978869472482,0.027343793666663743,0.03626599502806108,0.5701322983811237
105,19,0.09750757661251905,0.033648109690075284,0.06385946692244376,0.65491799859012
105,20,0.0848073099665545,0.010486527145272144,0.07432078282128235,0.8763487823230365
105,21,0.08358581001038096,0.00900105575716404,0.07458475425321692,0.8923135905957466
105,22,0.09434669164126963,0.057827894762495766,0.036518796878773865,0.3870702432007655
105,23,0.09547966608414725,0.022202589945658394,0.07327707613848886,0.7674626351741636
105,24,0.08633193366794033,0.01686856193406876,0.06946337173387157,0.8046080839686676
105,25,0.08190069308202132,0.0501690456680346,0.031731647413986715,0.3874405236376734
105,26,0.11846839218555623,0.02760000421825389,0.09086838796730234,0.7670264303492514
105,27,0.09167334099434352,0.0049573984299262665,0.08671594256441725,0.945923227230999
105,28,0.10991291904904779,0.029131969037486147,0.08078095001156164,0.7349540955737311
105,29,0.12339731393245468,0.011878804323055827,0.11151850960939885,0.9037353087802377
105,30,0.09702518956846606,0.004767617113682713,0.09225757245478335,0.9508620685526367
105,31,0.09095731279778468,0.03423260757274446,0.05672470522504022,0.6236409528846787
105,32,0.07278003925631421,0.025565589288270907,0.047214449968043304,0.6487280090872869
105,33,0.10322857500927395,0.020294514802352337,0.08293406020692161,0.8034021606853616
105,34,0.08161243980999294,0.030704007965034058,0.050908431844958885,0.6237827463984903
105,35,0.12560060556021257,0.021817288285179693,0.10378331727503289,0.8262963129208757
105,36,0.12190876825041289,0.03954862315304926,0.08236014509736363,0.6755883623414815
105,37,0.05741213286402039,0.006880914433419416,0.050531218430600974,0.8801487753517756
105,38,0.07894614688420087,0.02113486486770755,0.057811282016493326,0.7322875694147757
106,0,0.08442878221090215,0.011939915977120368,0.07248886623378178,0.8585800284635803
106,1,0.11424202126716129,0.03090648785731117,0.08333553340985012,0.729464801878508
106,2,0.08971874380334563,0.04352130977253103,0.046197434030814596,0.5149139641553016
106,3,0.07560078796368663,0.05179082161430035,0.023809966349386286,0.3149433622414483
106,4,0.12019374632405197,0.08146185686528094,0.03873188945877103,0.3222454632069355
106,5,0.12464728579219984,0.002728418476944494,0.12191886731525535,0.9781108873762959
106,6,0.06984281844288076,0.04545357988479555,0.02438923855808521,0.34920180917428684
106,7,0.0824748966733066,0.013248284373411783,0.06922661229989481,0.8393658566692129
106,8,0.10628436206589649,0.00560917445237471,0.10067518761352177,0.9472248377527352
106,9,0.08686156649500511,0.0015909451589171566,0.08527062133608795,0.9816841300115323
106,10,0.0982743590647383,0.008512930104490585,0.08976142896024772,0.913375877639836
106,11,0.10554896220503553,0.026077303992584337,0.0794716582124512,0.7529364245010053
106,12,0.08349457666291966,0.001110258521680882,0.08238431814123878,0.9867026270920186
106,13,0.10038663118151242,0.06620660961694588,0.03418002156456654,0.3404837991103068
106,14,0.109979723122069,0.04736394964944309,0.0626157734726259,0.5693392535924756
106,15,0.08132574863296545,0.04066641361644891,0.040659335016516536,0.4999564799583689
106,16,0.11913442048644307,0.0011033519658732657,0.1180310685205698,0.9907385962732842
106,17,0.0911559184855389,0.03675699076950701,0.05439892771603189,0.5967679183075952
106,18,0.07852367242330438,0.011410741879584033,0.06711293054372035,0.8546840522426007
106,19,0.11211288369868218,0.009355335926116055,0.10275754777256613,0.9165543190267077
106,20,0.07613911784366609,0.021622871574895522,0.054516246268770566,0.7160083779891824
106,21,0.10708126269034089,0.000614938057901554,0.10646632463243934,0.9942572767405644
106,22,0.14769876190865802,0.020388799765871088,0.12730996214278695,0.8619568674618938
106,23,0.11550885180850148,0.009552680612444105,0.10595617119605738,0.9172991466638315
106,24,0.06128898119618645,0.011037466824695178,0.05025151437149127,0.8199110735849211
106,25,0.1022434503194832,0.01597213366355723,0.08627131665592597,0.8437833072568597
106,26,0.08093513452957066,0.04860147611323895,0.032333658416331706,0.39950089172358394
106,27,0.08570435129336981,0.028246115048261765,0.05745823624510805,0.6704237927013291
106,28,0.1008239943613782,0.02117554052042568,0.07964845384095252,0.7899751874089883
106,29,0.07649147800540225,0.0018232993342041197,0.07466817867119813,0.9761633664069695
106,30,0.0666548475243445,0.00988780586299921,0.05676704166134529,0.8516566126809026
106,31,0.07447992279404554,0.009587360717907566,0.06489256207613797,0.8712759041867045
106,32,0.10987478726347456,0.053375941337998306,0.05649884592547626,0.5142111974241614
106,33,0.09556596571856803,0.0014929849070773674,0.09407298081149065,0.9843774413217979
106,34,0.08540073251253515,0.03264484309512258,0.05275588941741256,0.6177451628962203
106,35,0.05514445838079078,0.02094545595568692,0.03419900242510386,0.6201711546235236
106,36,0.1140421752321816,0.0004247154781994722,0.11361745975398213,0.9962758034268043
106,37,0.12602053775922864,0.0083190788154817,0.11770145894374694,0.9339863250593653
106,38,0.13648022062684612,0.052182181451785395,0.08429803917506072,0.6176575535113036
107,0,0.08990831686491885,0.015582489907866362,0.07432582695705249,0.8266846666557223
107,1,0.06616773632952046,0.031095929698784486,0.035071806630735974,0.5300439243693582
107,2,0.09204548048132118,0.01856194126315999,0.07348353921816118,0.7983394603831008
107,3,0.08744320289280555,0.03887000677609989,0.04857319611670566,0.5554828106679753
107,4,0.09239400468078457,0.014657628743593519,0.07773637593719104,0.8413573608565328
107,5,0.09886132948887327,0.0010319023051404462,0.09782942718373283,0.9895621239318193
107,6,0.09708905981816039,0.014315770329594133,0.08277328948856626,0.8525501188660559
107,7,0.13246123926393413,0.01539390655005593,0.1170673327138782,0.8837855765535835
107,8,0.10915862717283278,0.00824887171779962,0.10090975545503317,0.9244322511977086
107,9,0.11046678589063626,0.015113502240469156,0.0953532836501671,0.8631851002216019
107,10,0.06310614613143596,0.034807474311067316,0.028298671820368645,0.4484297260274594
107,11,0.09605225042910139,0.03351809747968053,0.06253415294942086,0.651043079886805
107,12,0.08346300720240718,0.0016912858720701425,0.08177172133033704,0.9797361019119695
107,13,0.08224298504136666,0.003280999168564898,0.07896198587280176,0.9601060301141231
107,14,0.08234006337704133,0.008078803731240685,0.07426125964580065,0.9018848978261379
107,15,0.08753494279059876,0.009886913540263926,0.07764802925033483,0.8870518078258711
107,16,0.08450300067743899,0.015356870329438907,0.06914613034800009,0.818268343060876
107,17,0.12444552397447295,0.066126619906918,0.05831890406755495,0.46862998527385924
107,18,0.07404400567353693,0.023667954269999073,0.05037605140353786,0.6803528651008962
107,19,0.0922285182141325,0.02090837244846209,0.07132014576567042,0.7732981852758617
107,20,0.07814761207060607,0.03786200018200556,0.040285611888600505,0.5155066267693836
107,21,0.07174435956820009,0.0498344746259633,0.021909884942236793,0.30538825733623404
107,22,0.08737757627097588,0.03270757826621301,0.05466999800476287,0.6256753773441819
107,23,0.07558363211466002,0.02690618261740478,0.048677449497255235,0.6440210417966125
107,24,0.11112077380277124,0.027480980612023535,0.08363979319074771,0.7526926813810741
107,25,0.0952156788691761,0.000593055180319023,0.09462262368885709,0.9937714545822453
107,26,0.10214307383960332,0.07799260004770316,0.024150473791900162,0.23643770335151637
107,27,0.14149527398393552,0.07033271308444683,0.07116256089948869,0.5029324223759448
107,28,0.12564737158527056,0.011497489407150384,0.11414988217812018,0.908493991859212
107,29,0.1048552843307076,0.05667029011456648,0.048184994216141114,0.45953806261369134
107,30,0.12724494192024877,0.03237255308157016,0.0948723888386786,0.7455886843670393
107,31,0.10232891031866087,0.03188299458465355,0.07044591573400732,0.6884263256066423
107,32,0.08399156094408507,0.0024019471885399846,0.08158961375554508,0.9714025175679374
107,33,0.08799291085053283,0.004681263259661783,0.08331164759087105,0.9467995408446767
107,34,0.10632206158744431,0.01924560997622272,0.08707645161122159,0.8189876147163097
107,35,0.09066132387766293,0.0020245509007484636,0.08863677297691447,0.9776690785645226
107,36,0.10543396623860483,0.0059494722541931985,0.09948449398441164,0.943571578814278
107,37,0.10474660367603852,0.0007143587559392157,0.10403224492009931,0.9931801248835849
107,38,0.093341880901276,0.08310869284976943,0.010233188051506567,0.10963126040206757
108,0,0.1005202769826227,0.04902509427946931,0.05149518270315339,0.5122865181923001
108,1,0.05834491713775706,0.011189399870968075,0.04715551726678899,0.8082198001147385
108,2,0.07341872988670198,0.006278338042200373,0.0671403918445016,0.914485880484599
108,3,0.09524071550866636,0.022029838714235,0.07321087679443136,0.7686930574116654
108,4,0.0957741019386007,0.033197788717041106,0.0625763132215596,0.6533740536839104
108,5,0.0965428916349732,0.0026607996774653895,0.09388209195750781,0.9724391963778564
108,6,0.07389379390960302,0.009626641760746572,0.06426715214885645,0.8697232710432599
108,7,0.13235911629645578,0.012839473613302491,0.11951964268315328,0.9029951697127921
108,8,0.08664342909210755,0.009311655621108264,0.07733177347099929,0.8925290040031845
108,9,0.0891573258808474,0.003657207457981605,0.0855001184228658,0.9589802921762233
108,10,0.10043012478796404,0.020728873927595176,0.07970125086036886,0.7935990424052584
108,11,0.10498120164805991,0.04264823182791613,0.062332969820143774,0.5937536324751691
108,12,0.10030791959331839,0.026269217965667536,0.07403870162765086,0.7381142179782847
108,13,0.11374515274793781,0.03392332919744455,0.07982182355049326,0.7017602211795387
108,14,0.08740961251973631,0.01611400393397567,0.07129560858576064,0.8156495210370911
108,15,0.10748357457763451,0.00010355378658924441,0.10738002079104526,0.9990365617537734
108,16,0.08151997798081771,0.0024568214118159994,0.07906315656900172,0.9698623396047272
108,17,0.10579632207075143,0.009268195019694102,0.09652812705105733,0.9123958674716879
108,18,0.08262424510482179,0.01952439446257355,0.06309985064224824,0.7636965464821639
108,19,0.09394718325062325,0.014092539737106557,0.07985464351351669,0.8499950796873618
108,20,0.10037087314801163,0.05141996485107968,0.04895090829693195,0.4877003333900128
108,21,0.11734644891481474,0.029925792909960974,0.08742065600485377,0.744979134974208
108,22,0.0935899671329534,0.059794715694288465,0.03379525143866493,0.36109908437787547
108,23,0.09129809327232397,0.02427453303635268,0.06702356023597128,0.7341178532179571
108,24,0.09557325505029965,0.039519314598713884,0.056053940451585765,0.5865023684929942
108,25,0.09979186595393374,0.04492061427758879,0.054871251676344955,0.5498569562941613
108,26,0.07206876147722363,0.016395568902290533,0.0556731925749331,0.7725010314285458
108,27,0.08818659696726662,0.040372433296997016,0.047814163670269604,0.5421930918597235
108,28,0.12204082920542281,0.03569662994638828,0.08634419925903453,0.7075025614067024
108,29,0.09530230834748152,0.0468354957544158,0.04846681259306572,0.5085586428436863
108,30,0.10786666371489005,0.03374790397390222,0.07411875974098783,0.687133143719883
108,31,0.1415204170427702,0.02089191920635792,0.1206284978364123,0.8523752286566257
108,32,0.08086688831546102,0.015736654514906804,0.06513023380055422,0.8054005187695827
108,33,0.12296750164266376,0.062106761746299054,0.06086073989636471,0.49493353189546285
108,34,0.10940216984262988,0.02063236040048142,0.08876980944214846,0.8114081244443311
108,35,0.09503264237297221,0.04404036882665353,0.05099227354631868,0.536576404412608
108,36,0.07378299104143693,0.003045694969658336,0.07073729607177859,0.9587209067202512
108,37,0.08917383468655828,0.00032243768135658407,0.0888513970052017,0.9963841671439843
108,38,0.09927205591290292,0.0713427619995336,0.02792929391336932,0.2813409438993919
109,0,0.13347380266952244,0.0023155303350056514,0.1311582723345168,0.9826517991643736
109,1,0.11029827398208314,0.03271543533347529,0.07758283864860785,0.7033912304122766
109,2,0.09953430583469725,0.012172330413596399,0.08736197542110084,0.8777071853616808
109,3,0.10213684888481837,0.003997836698060399,0.09813901218675797,0.9608580376063017
109,4,0.10240295684321198,0.007127724312036052,0.09527523253117592,0.9303953271295746
109,5,0.11006382397118052,0.03291760989851981,0.0771462140726607,0.7009225310294591
109,6,0.1313540243181046,0.0608576075271219,0.0704964167909827,0.5366901939773012
109,7,0.09966611444090984,0.028826851022326197,0.07083926341858364,0.710765778479133
109,8,0.10880031656521444,0.027051561778902687,0.08174875478631174,0.751365045315028
109,9,0.08802925381837198,0.012248544531485397,0.07578070928688659,0.8608582488185412
109,10,0.12927463295034447,0.04508234011094729,0.08419229283939718,0.6512669262169647
109,11,0.058059110982860686,0.01717431874736796,0.040884792235492726,0.704192529705839
109,12,0.13967421663520796,0.009793039126195344,0.12988117750901262,0.9298865648785262
109,13,0.09331969562413327,0.01810849064008275,0.07521120498405051,0.8059521034764311
109,14,0.10813122305691895,0.02054084603492518,0.08759037702199378,0.810037790619341
109,15,0.1048382749697819,0.045644713107391655,0.05919356186239025,0.5646178543041835
109,16,0.10507632134609382,0.03526995139418754,0.06980636995190628,0.6643396824102971
109,17,0.0859758331070518,0.0253030385155551,0.0606727945914967,0.70569591940971
109,18,0.13460024824304806,0.042302470089754074,0.09229777815329399,0.6857177409259426
109,19,0.10834813691418169,0.033315523277242284,0.0750326136369394,0.692514110292176
109,20,0.08333570719421399,0.005622913917732832,0.07771279327648116,0.932526955046669
109,21,0.10677921217127676,0.017158388711140154,0.0896208234601366,0.8393096524853767
109,22,0.10383200150060193,0.012324482051732429,0.0915075194488695,0.8813036263038715
109,23,0.10520725191807083,0.04659416610163221,0.05861308581643862,0.5571202055736901
109,24,0.1039863841990409,0.008984621105561292,0.0950017630934796,0.9135981006093665
109,25,0.1387592826418365,0.033896168405790364,0.10486311423604615,0.7557196335953777
109,26,0.09399711954074257,0.03905180384037108,0.054945315700371485,0.5845425473549295
109,27,0.08269994754623616,0.028767541387994346,0.05393240615824182,0.6521455908794755
109,28,0.11233571522893135,0.020371261254635287,0.09196445397429606,0.8186573057987813
109,29,0.13299030101724077,0.04296327597196393,0.09002702504527685,0.6769442910998886
109,30,0.10414813504103937,0.015788247294356617,0.08835988774668276,0.8484058568294547
109,31,0.06959282062614056,0.030511558599738968,0.03908126202640159,0.5615703124945883
109,32,0.09237685226389769,0.007836742217436264,0.08454011004646142,0.9151655200910218
109,33,0.12016340488359484,0.026057442088268868,0.09410596279532597,0.7831499355938579
109,34,0.11984469847586476,0.03673755735214548,0.08310714112371928,0.6934569670635538
109,35,0.10183861551847928,0.003268421605385512,0.09857019391309377,0.9679058715719437
109,36,0.09248338953927626,0.0402918644091216,0.05219152513015466,0.5643340430120127
109,37,0.08931462642822052,0.026935137333856815,0.06237948909436371,0.6984241169557623
109,38,0.11412868728742284,0.002461757712933439,0.1116669295744894,0.9784299831055295
110,0,0.10158765524095813,0.07779835413947574,0.02378930110148239,0.23417511748899011
110,1,0.07204357581841583,0.022557594861835947,0.049485980956579884,0.686889571962782
110,2,0.08812413746410125,0.01358918018590348,0.07453495727819777,0.8457950275945765
110,3,0.09098355084842888,0.02340501746125089,0.067578533387178,0.7427555064294894
110,4,0.10310294131032616,0.03457211804192965,0.0685308232683965,0.6646834939667514
110,5,0.0930843607150727,0.0013468936947816819,0.09173746702029102,0.9855303975400931
110,6,0.09656099401188194,0.017673550370253546,0.07888744364162839,0.8169700866161466
110,7,0.14101571434767904,0.04883430859914443,0.09218140574853462,0.6536959811532651
110,8,0.10088273569665843,0.012978784414297242,0.08790395128236118,0.8713478146218913
110,9,0.1043075629101643,0.03030041179177304,0.07400715111839126,0.7095089661152423
110,10,0.08222386523376263,0.042038331720849004,0.040185533512913624,0.4887332090101343
110,11,0.08026576985319289,0.03297077410560721,0.04729499574758568,0.5892299523705912
110,12,0.10703408388476242,0.0302156763835873,0.07681840750117512,0.7177004250709632
110,13,0.08269167472836104,0.045137687077446684,0.03755398765091436,0.4541447222380942
110,14,0.09529633925973557,0.003429932233023944,0.09186640702671163,0.9640077230702906
110,15,0.10202320626555927,0.021298513714682776,0.0807246925508765,0.7912385378357525
110,16,0.09918073580979186,0.02727741273781482,0.07190332307197704,0.7249726722119983
110,17,0.10059124029244434,0.003453760699418721,0.09713747959302563,0.9656653930364338
110,18,0.11217346855665647,0.04762083302889129,0.06455263552776518,0.575471511743091
110,19,0.12032985084512683,0.02146435955608393,0.0988654912890429,0.8216206585038478
110,20,0.10825957150238444,0.01852295164076721,0.08973661986161723,0.8289024112721595
110,21,0.08536368701201373,0.011596947925859951,0.07376673908615378,0.8641465905259241
110,22,0.116326469028225,0.04242652825880975,0.07389994076941525,0.6352805289008168
110,23,0.09057685338283655,0.015325547427730965,0.07525130595510558,0.8308006200772369
110,24,0.11496792829679006,0.04973108798458337,0.0652368403122067,0.5674351210695698
110,25,0.1290863413494666,0.012752555278164986,0.1163337860713016,0.9012091043494612
110,26,0.11631594418889235,0.031179076856869554,0.0851368673320228,0.7319449446566328
110,27,0.08207951289323995,0.013802777018273786,0.06827673587496616,0.8318365139882479
110,28,0.13641118286024467,0.00865358564492745,0.1277575972153172,0.9365624909667912
110,29,0.08271948564393976,0.03472866938258587,0.04799081626135389,0.5801633785288148
110,30,0.11667256479883736,0.060228419450947306,0.05644414534789006,0.483782502297854
110,31,0.09108879727567362,0.03630213290631544,0.05478666436935818,0.6014643513576134
110,32,0.07348879943339796,0.033251023905432595,0.04023777552796537,0.5475361665750492
110,33,0.12843414834256048,0.004168730245381369,0.12426541809717911,0.9675418858677484
110,34,0.0974807588685844,0.017086191754332482,0.08039456711425191,0.8247224175042923
110,35,0.119038258222878,0.03831246842488734,0.08072578979799067,0.6781499578635127
110,36,0.11138775475798626,0.017782978173428034,0.09360477658455824,0.8403506901448426
110,37,0.1008601465552158,0.007540020975262567,0.09332012557995323,0.9252428116279328
110,38,0.1246788810064178,0.015451665181576906,0.10922721582484089,0.8760683039753818
111,0,0.08759406691911398,0.03438584188823325,0.053208225030880726,0.6074409706311983
111,1,0.10954600032327386,0.06225673049719822,0.04728926982607563,0.4316841298315177
111,2,0.08726894997874382,0.025434915080539224,0.0618340348982046,0.7085456501225874
111,3,0.08887271790630095,0.017387906736321852,0.0714848111699791,0.8043504559559658
111,4,0.12317203111444959,0.049900064381366654,0.07327196673308294,0.5948750383518457
111,5,0.11593311097699197,0.048773624031740626,0.06715948694525134,0.5792951330235568
111,6,0.11371267373072788,0.023070196481067284,0.0906424772496606,0.7971185117351333
111,7,0.10376645122986237,0.013329136990689907,0.09043731423917246,0.8715467587769448
111,8,0.11142300812373153,0.0008235301365644432,0.11059947798716709,0.9926089759159084
111,9,0.07924112618540222,0.007918944304066804,0.0713221818813354,0.9000652226277214
111,10,0.11060179353469202,0.02463795184985125,0.08596384168484077,0.7772373208204516
111,11,0.09429013763318267,0.014427785923392729,0.07986235170978995,0.8469852066658212
111,12,0.08113421562685727,0.016114442502296718,0.06501977312456056,0.8013853664844889
111,13,0.10033913226945185,0.0019098097201418716,0.09842932254930997,0.9809664517028784
111,14,0.08826812931818628,0.03494238499332971,0.053325744324856574,0.6041336180653556
111,15,0.11922315909363604,0.01527651102914022,0.10394664806449581,0.8718662452389616
111,16,0.12776533125112433,0.032313573440177844,0.09545175781094647,0.7470865286869947
111,17,0.13675099427587495,0.003896806096652968,0.13285418817922198,0.9715043673555182
111,18,0.10772424476695443,0.03386307022599864,0.07386117454095578,0.6856504280976263
111,19,0.07782665000062286,0.017054259167933163,0.0607723908326897,0.7808686463082161
111,20,0.14086697463521847,0.01725103418563307,0.1236159404495854,0.8775367027629761
111,21,0.07151357847561726,0.02489491226794197,0.0466186662076753,0.6518855188259115
111,22,0.1349329127689779,0.004516238941506828,0.13041667382747107,0.9665297454206804
111,23,0.11063073946731891,0.05348296273390679,0.05714777673341212,0.516563271732392
111,24,0.08304029782775454,0.05931424381083396,0.023726054016920586,0.2857173521479186
111,25,0.12027837898261778,0.01973765266816458,0.10054072631445321,0.835900243791804
111,26,0.09884283410955297,0.026159634121625534,0.07268319998792744,0.7353411164573512
111,27,0.09617027288083328,0.024679663119454562,0.07149060976137872,0.7433753447904252
111,28,0.08417244310888569,0.0427409304585321,0.041431512650353594,0.49222181417210004
111,29,0.1168269065212045,0.03820326425967771,0.0786236422615268,0.6729925888027884
111,30,0.07831203173668531,0.04557607946522555,0.03273595227145976,0.41801944791230067
111,31,0.10271578947953805,0.025856698380945033,0.07685909109859301,0.7482694869799357
111,32,0.12154851113455654,0.006825645434691198,0.11472286569986534,0.9438442694938889
111,33,0.07633589742912075,0.010163566744268469,0.06617233068485229,0.8668573097774147
111,34,0.08740361811464468,0.02622521663947672,0.06117840147516797,0.6999527341639576
111,35,0.10602056749536237,0.008314521570731705,0.09770604592463067,0.9215763340344749
111,36,0.10097009008567057,0.013234240122694096,0.08773584996297647,0.868929104535163
111,37,0.08423047984887051,0.010745722067262039,0.07348475778160847,0.8724247791708842
111,38,0.13309110454225198,0.0112658937421426,0.12182521080010938,0.9153520155919508
112,0,0.09480455547369757,0.06867746054937075,0.026127094924326813,0.2755890241115626
112,1,0.1018478498406161,0.049443514118743495,0.0524043357218726,0.5145355135516486
112,2,0.05759688235176915,0.026454701019336706,0.031142181332432444,0.5406921357693222
112,3,0.13822484230202436,0.0585213510392807,0.07970349126274366,0.5766220451790407
112,4,0.09393932749834871,0.029641080736223086,0.06429824676212563,0.6844656915737009
112,5,0.11060662287401013,0.00423220320738962,0.1063744196666205,0.9617364394878013
112,6,0.129079826451663,0.0522020303086535,0.07687779614300949,0.5955833553262345
112,7,0.11306594704469455,0.0286637746294483,0.08440217241524625,0.7464862288013417
112,8,0.11028366934519994,0.004211642596755185,0.10607202674844475,0.9618108227468177
112,9,0.1017801033221098,0.006339576415182468,0.09544052690692732,0.9377130086504312
112,10,0.09094264497938398,0.007401853298688484,0.0835407916806955,0.9186096544655544
112,11,0.07328136869590293,0.0018245914151805223,0.07145677728072242,0.9751015647271538
112,12,0.11301891405786059,0.03340691589569507,0.07961199816216552,0.7044130517959831
112,13,0.10681999232186819,0.018062629083830363,0.08875736323803782,0.8309059129174587
112,14,0.07943221377211845,0.025689497638297584,0.05374271613382087,0.6765859036486419
112,15,0.09264509759096262,0.008360126594993883,0.08428497099596874,0.9097618027032075
112,16,0.09812760629613353,0.016548163599457412,0.08157944269667611,0.8313607737508883
112,17,0.08091103947184372,0.011027493271619771,0.06988354620022395,0.8637084216986579
112,18,0.0839092576993214,0.00986322528684121,0.07404603241248019,0.8824536701041394
112,19,0.07571394483453633,0.011006396910374212,0.06470754792416213,0.8546318391621602
112,20,0.08855824057280276,0.016481115434876806,0.07207712513792595,0.8138951798468956
112,21,0.10442466492256684,0.026459567807995653,0.0779650971145712,0.7466157269681833
112,22,0.10805528960280036,0.04064420803332226,0.0674110815694781,0.6238573032127719
112,23,0.11338642745327122,0.013275402589719893,0.10011102486355133,0.882918944640081
112,24,0.11449854663789936,0.026827999393925637,0.08767054724397373,0.7656913543298594
112,25,0.07474211209115833,0.027156198597816223,0.04758591349334211,0.6366680330802602
112,26,0.12975587992515333,0.060299857415607824,0.06945602250954551,0.5352822742954663
112,27,0.12428231923585792,0.019842909500820363,0.10443940973503756,0.8403400449651789
112,28,0.05181169300566235,0.024197574843284927,0.027614118162377424,0.5329707747507798
112,29,0.10295083980531891,0.016464364782330532,0.08648647502298838,0.8400754688988957
112,30,0.08274927568125415,0.02409506471082808,0.05865421097042607,0.7088184215214041
112,31,0.07523865014768477,0.022016942947544707,0.053221707200140064,0.7073719038774886
112,32,0.09725081974904591,0.015942928654207576,0.08130789109483834,0.8360638121575938
112,33,0.07741085746934565,0.03755600684503363,0.039854850624312016,0.5148483291261094
112,34,0.12962405668174504,0.05036691217820523,0.07925714450353981,0.6114385441441103
112,35,0.11334315628962022,0.023022775080160294,0.09032038120945993,0.796875472381135
112,36,0.09393698528476839,0.007573159759296301,0.08636382552547209,0.9193804257573479
112,37,0.07081693344061799,0.004589622709959128,0.06622731073065885,0.9351903211989875
112,38,0.08429452545560806,0.004928988558524193,0.07936553689708387,0.941526587499209
113,0,0.11419555965766204,0.020203806798497446,0.09399175285916458,0.8230771243727438
113,1,0.10606656950175498,0.019062065307282904,0.08700450419447209,0.8202820606263928
113,2,0.09989273688147621,0.011603138089174484,0.08828959879230172,0.8838440265888227
113,3,0.1256731118251962,0.0156921996954476,0.10998091212974859,0.8751347884400721
113,4,0.08901673398370714,0.005078099734991352,0.0839386342487158,0.9429534256343217
113,5,0.07417610800572359,0.032072381738260894,0.0421037262674627,0.5676184340140074
113,6,0.09717184645061994,0.03223403458008669,0.06493781187053324,0.668278048040724
113,7,0.09634493518484574,0.012373592890924556,0.08397134229392118,0.8715698664679695
113,8,0.10774122990010367,0.011672817951327755,0.09606841194877591,0.8916587645959616
113,9,0.07671174428682867,0.04778752729890879,0.02892421698791988,0.3770507013863605
113,10,0.06869929289076089,0.04169944188577487,0.026999851004986024,0.3930149768487229
113,11,0.10786556232743465,0.00618450611445564,0.101681056212979,0.9426646838804578
113,12,0.08773580120357927,0.04754758598490361,0.04018821521867565,0.45805947705913397
113,13,0.09291084668183291,0.02624208809511857,0.06666875858671434,0.7175562484649087
113,14,0.06891328489908706,0.022593315108454075,0.046319969790632985,0.6721486264725514
113,15,0.09438224016039701,0.028797493263430448,0.06558474689696656,0.6948844060652637
113,16,0.11856824000368849,0.04158155271222208,0.0769866872914664,0.6493027752547517
113,17,0.14421784268953886,0.0310752700716975,0.11314257261784136,0.784525482477269
113,18,0.12482713966892098,0.027476940660661465,0.09735019900825952,0.779880074689378
113,19,0.08474429472480625,0.016580143482833536,0.06816415124197273,0.8043509178207815
113,20,0.1004581608353525,0.02964082434088447,0.07081733649446803,0.7049435895062346
113,21,0.11455206132150411,0.016670890542434553,0.09788117077906956,0.8544688733653977
113,22,0.09699828623335169,0.04155540655287374,0.055442879680477945,0.5715861777918153
113,23,0.10016394438068194,0.0031796023518769825,0.09698434202880496,0.9682560189543593
113,24,0.1110102909341841,0.006427658635955659,0.10458263229822845,0.9420985335515741
113,25,0.09612084854098993,0.04757080938674086,0.04855003915424907,0.5050937428371256
113,26,0.11698289275781928,0.03245360314584234,0.08452928961197695,0.7225782130979738
113,27,0.10303951690372201,0.06300453227457566,0.040034984629146356,0.38854010414814166
113,28,0.10074608588150191,0.030145827996906776,0.07060025788459513,0.7007742014675938
113,29,0.0876650666624458,0.010568944461850778,0.07709612220059503,0.8794394978042225
113,30,0.11950177852238951,0.025487731727211388,0.09401404679517812,0.7867167163337566
113,31,0.08542002718097488,0.03603559463848857,0.04938443254248631,0.5781364648580377
113,32,0.07425892318862279,0.0031216064905797286,0.07113731669804306,0.9579632136241643
113,33,0.11705194343296846,0.00782338707090778,0.10922855636206068,0.9331631168055918
113,34,0.12745073939708693,0.03422529151242563,0.0932254478846613,0.7314625895908463
113,35,0.11952450761104941,0.029851445511485344,0.08967306209956406,0.7502483289148832
113,36,0.09620623927386893,0.053451705016691664,0.04275453425717726,0.44440500512101444
113,37,0.0947836061213417,0.04902850366164599,0.04575510245969572,0.4827322395934183
113,38,0.103497557158232,0.031469840725291943,0.07202771643294006,0.6959363912601402
114,0,0.12059109384106258,0.08632843468852217,0.03426265915254041,0.2841226334483551
114,1,0.09374186581824635,0.01696614334857222,0.07677572246967414,0.8190121009382572
114,2,0.14823844037116748,0.08654619422318154,0.06169224614798595,0.4161690179248887
114,3,0.08306235265371982,0.044269550875584596,0.038792801778135225,0.46703230210513363
114,4,0.09930988917596945,0.018579135758565853,0.0807307534174036,0.8129175662894452
114,5,0.10013032442824116,0.010727670091768785,0.08940265433647238,0.8928629248629188
114,6,0.10647391922607122,0.015595796355923123,0.0908781228701481,0.8535247272826572
114,7,0.11685055467797127,0.0020299880108196645,0.11482056666715161,0.9826274850263731
114,8,0.07653069527367183,0.019197833128396475,0.05733286214527536,0.7491485859399878
114,9,0.12953551192077212,0.03823973494226808,0.09129577697850404,0.704793424017526
114,10,0.11029788548729819,0.014369984052630774,0.09592790143466741,0.8697165952987774
114,11,0.09972393918639207,0.023868184478136205,0.07585575470825587,0.7606574241564541
114,12,0.07004272748722787,0.03106270553969962,0.03898002194752825,0.5565177620279873
114,13,0.09787942551393095,0.025705170588932305,0.07217425492499864,0.7373792249600633
114,14,0.10602940684590258,0.014163550738782142,0.09186585610712043,0.8664186553512774
114,15,0.08181782957737743,0.0711440242055467,0.010673805371830727,0.1304581828553177
114,16,0.13706667160035557,0.02350033409933842,0.11356633750101715,0.8285481523337912
114,17,0.10572185477398334,0.006924656830178894,0.09879719794380444,0.9345011791083052
114,18,0.09763727914247673,0.05135408971098339,0.04628318943149334,0.47403194597377935
114,19,0.08311141062098494,0.050446212915760735,0.032665197705224205,0.39302903730256883
114,20,0.10271865843193367,0.010174651457915603,0.09254400697401807,0.9009464140864163
114,21,0.09496101441326224,0.018505722671936498,0.07645529174132575,0.8051229466504942
114,22,0.09479775382127026,0.06617739332087169,0.028620360500398567,0.3019096903325242
114,23,0.0956093773635521,0.028685803057454932,0.06692357430609716,0.6999687285026662
114,24,0.09350321195252892,0.012147477396934551,0.08135573455559436,0.8700849185469504
114,25,0.07875209223131938,0.026954972290597932,0.05179711994072145,0.6577237311813533
114,26,0.066208543481616,0.018028526537455885,0.04818001694416012,0.7277009040009794
114,27,0.08578890214579721,0.0013050368478829712,0.08448386529791424,0.9847878126979049
114,28,0.10694547439659155,0.05889635388756417,0.048049120509027377,0.44928615053727555
114,29,0.07775381887441304,0.013102064383711386,0.06465175449070165,0.8314929790796041
114,30,0.08347158833241965,0.03329989202243734,0.050171696309982305,0.601063155886972
114,31,0.11054140266929055,0.0024714763232024616,0.10806992634608809,0.9776420756067621
114,32,0.11211709479271663,0.007205013762220718,0.10491208103049592,0.9357367065607486
114,33,0.08851545937049447,0.04223549794319035,0.046279961427304124,0.5228460853780642
114,34,0.11512234765741987,0.06509931459802769,0.05002303305939218,0.4345206128722314
114,35,0.10183401472159778,0.030399259642629232,0.07143475507896854,0.7014822628201663
114,36,0.07918345034791006,0.03391565446413102,0.04526779588377904,0.5716825382688546
114,37,0.11545181981453412,0.003158550822723245,0.11229326899181087,0.9726418273198529
114,38,0.08487181986543937,0.03948464831988665,0.045387171545552725,0.5347731628414725
115,0,0.08193928703979922,0.02657201226672489,0.05536727477307433,0.675710965683428
115,1,0.08142259401852522,0.008462219721276944,0.07296037429724828,0.8960703742827006
115,2,0.08797909345751478,0.03292651255275582,0.055052580904758966,0.6257461715190772
115,3,0.11469733059683485,0.034153715424380844,0.08054361517245401,0.702227460337047
115,4,0.11280504477058356,0.05289836407036142,0.05990668070022214,0.531063844015637
115,5,0.0933946778370211,0.007993498888024413,0.08540117894899668,0.9144116230908412
115,6,0.1002909608106253,0.011844126717325655,0.08844683409329965,0.8819023507044632
115,7,0.12862057671392615,0.014964482051573356,0.1136560946623528,0.8836540588302843
115,8,0.12179796118210899,0.048277838512987586,0.0735201226691214,0.6036235907035925
115,9,0.08966502894548986,0.029079503515951927,0.060585525429537934,0.6756873459146457
115,10,0.13630038831365499,0.0475820487093276,0.08871833960432739,0.6509030583256182
115,11,0.10390371894883751,0.047839818406965745,0.05606390054187177,0.5395754945930068
115,12,0.10772458911585808,0.02163210154973635,0.08609248756612173,0.7991906794235161
115,13,0.11514204388841592,0.039323435055042086,0.07581860883337384,0.6584789211041764
115,14,0.08194512115516364,0.03135352063582378,0.05059160051933986,0.6173839248287195
115,15,0.1050593128770115,0.03512770659149154,0.06993160628551995,0.6656392886120046
115,16,0.12147756067043118,0.02743049193210912,0.09404706873832205,0.7741929309353841
115,17,0.12178909789651629,0.03073504937312485,0.09105404852339144,0.7476371046015933
115,18,0.10946973908408701,0.016272038066689698,0.09319770101739731,0.8513558340155478
115,19,0.08443913142963691,0.05063763189647082,0.03380149953316609,0.4003061016956678
115,20,0.0979505885923691,0.04798554930131764,0.04996503929105146,0.5101045334090419
115,21,0.08351485198275888,0.010049675084074788,0.07346517689868409,0.8796660133439561
115,22,0.10496700820853559,0.01249875082560692,0.09246825738292867,0.880926864174542
115,23,0.07560543463420705,0.03354795201111419,0.042057482623092855,0.5562759188750738
115,24,0.09044216268464798,0.039879782074931786,0.0505623806097162,0.559057624329663
115,25,0.09964214049548974,0.030682662717748835,0.0689594777777409,0.6920714211359432
115,26,0.08340968281180948,0.02294285723400322,0.06046682557780626,0.7249377235282464
115,27,0.09009230652524529,0.014170196368848928,0.07592211015639636,0.8427146899066434
115,28,0.11100203821540279,0.0482146695156411,0.06278736869976169,0.5656415837871456
115,29,0.11083649666283955,0.03647585215469108,0.07436064450814847,0.6709039598603586
115,30,0.08771506596514948,6.748941583983176e-05,0.08764757654930966,0.9992305835366225
115,31,0.0874330254135252,0.04621952616736841,0.04121349924615679,0.47137221949294905
115,32,0.13818481810181996,0.03410361074006053,0.10408120736175942,0.7532029118066236
115,33,0.08295092082436782,0.02426584206124572,0.0586850787631221,0.7074674781172853
115,34,0.11220024359407946,0.0326356169317098,0.07956462666236966,0.7091306053685618
115,35,0.1211148425119246,0.012708745932465269,0.10840609657945934,0.8950686334648538
115,36,0.07195777919885651,0.03801139127834496,0.03394638792051156,0.471754246704865
115,37,0.10698156260759895,0.014093547679241406,0.09288801492835753,0.8682619010629375
115,38,0.1307638957958927,0.01613022208540537,0.11463367371048733,0.8766462104296526
116,0,0.09860872568312554,0.04392295757265806,0.05468576811046748,0.5545733172356127
116,1,0.11973268526755257,0.008480748891819859,0.1112519363757327,0.929169308506955
116,2,0.09426462908243466,0.024502905515338846,0.06976172356709581,0.7400625690267025
116,3,0.10600850140851845,0.06209583820695165,0.043912663201566796,0.4142371849248511
116,4,0.06707877691775826,0.003474362454088128,0.06360441446367014,0.9482047435309106
116,5,0.09759232932804543,0.0075303138810453515,0.09006201544700007,0.9228390803570937
116,6,0.08923399634874063,0.023148182035210994,0.06608581431352964,0.7405901003834433
116,7,0.11095189087896837,0.039236801440508944,0.07171508943845942,0.6463620301585457
116,8,0.10070228865662892,0.006810710562649163,0.09389157809397976,0.9323678671706054
116,9,0.11289702871810173,0.013090175311324198,0.09980685340677753,0.8840520830356863
116,10,0.10321271033536901,0.0292528336551549,0.07395987668021411,0.716577216506536
116,11,0.08103727368286745,0.029839147907037324,0.051198125775830126,0.6317848990847061
116,12,0.0859748807954541,0.02613382230392021,0.059841058491533886,0.6960295604701551
116,13,0.06967478602301058,0.0032202233628516683,0.06645456266015891,0.953782084644104
116,14,0.08986190982379633,0.0012225487752240511,0.08863936104857227,0.9863952504724053
116,15,0.0890375202692553,0.04169482091407634,0.04734269935517895,0.5317162833377606
116,16,0.12471928595509439,0.03724927128638374,0.08747001466871066,0.7013351142838048
116,17,0.09957137337339926,0.009021215719135934,0.09055015765426333,0.9093995049630804
116,18,0.09720150368460845,0.008601845774773673,0.08859965790983478,0.91150501331045
116,19,0.11670659424252265,0.025092150403515645,0.091614443839007,0.7849980066132957
116,20,0.12419872931134429,0.01813094408018502,0.10606778523115927,0.8540166700519621
116,21,0.0962885135063079,0.009141337835717998,0.08714717567058991,0.9050630495493199
116,22,0.07501132434490776,0.002427903916692318,0.07258342042821544,0.9676328349366473
116,23,0.11855373954040473,0.08525976224779885,0.03329397729260587,0.28083447575484394
116,24,0.10835513591814516,0.023528449000916732,0.08482668691722843,0.7828580177437011
116,25,0.10350063555504391,0.006405740160226566,0.09709489539481735,0.9381091707710351
116,26,0.08615504013696434,0.00817814803223423,0.07797689210473012,0.905076383004023
116,27,0.08534362789045147,0.004561937343059045,0.08078169054739243,0.9465462453867696
116,28,0.0703469996503487,0.02718502497054427,0.04316197467980443,0.6135581459669329
116,29,0.08934789397562232,0.013446885787489786,0.07590100818813253,0.8494996894816722
116,30,0.04782634281949136,0.013537140329496673,0.03428920248999469,0.7169522164680406
116,31,0.11555662717699045,0.0011351637935500258,0.11442146338344042,0.9901765582703329
116,32,0.09040619119378544,0.014366802262689363,0.07603938893109607,0.8410860796923281
116,33,0.09096346307063423,0.007080218590726793,0.08388324447990744,0.9221641486403293
116,34,0.09432469982066688,0.029182730286870566,0.0651419695337963,0.6906141197125069
116,35,0.09701097551487632,0.0520740641181098,0.04493691139676652,0.463214715224419
116,36,0.10290693885971125,0.03342203272682232,0.06948490613288894,0.6752208053493343
116,37,0.09695244777336065,0.008478819495483497,0.08847362827787715,0.9125466175407569
116,38,0.06201222554961841,0.0238231150992405,0.038189110450377914,0.615831960744923
117,0,0.1006895976371833,0.005998047504554687,0.09469155013262862,0.9404303160871934
117,1,0.09766501951788248,0.01445539646459824,0.08320962305328423,0.8519900314774272
117,2,0.09668799516749227,0.009262858237196418,0.08742513693029585,0.9041984661989279
117,3,0.09362447313429137,0.025004597087323863,0.06861987604696751,0.7329266990751636
117,4,0.11170384640219838,0.0034564537541579773,0.1082473926480404,0.9690569853636664
117,5,0.08119526075143592,0.0053996034425690086,0.0757956573088669,0.9334985392916111
117,6,0.07453563889320497,0.0002655191026644972,0.07427011979054048,0.9964376893173891
117,7,0.09538208282282781,0.013351645722749486,0.08203043710007833,0.8600193524023777
117,8,0.13492298295975158,0.037899403709228986,0.0970235792505226,0.7191034256889012
117,9,0.10748790753879886,0.05325144704007158,0.05423646049872728,0.5045819733643069
117,10,0.10700727706238825,0.014254541140697343,0.09275273592169091,0.8667890490065779
117,11,0.10966471245477913,0.03357555390918742,0.0760891585455917,0.6938344782234988
117,12,0.08783661217267955,0.02902394326679843,0.05881266890588112,0.6695689582182457
117,13,0.10031227579761978,0.024335801718684748,0.07597647407893504,0.7573995652557791
117,14,0.0918602685341123,0.00496493255645299,0.08689533597765932,0.9459512514421917
117,15,0.10810905550244226,0.02290076419558179,0.08520829130686047,0.788169787543242
117,16,0.09249245160802702,0.01169802897548541,0.08079442263254161,0.873524500949976
117,17,0.09284511673975625,0.05564200001985099,0.037203116719905255,0.4007008448724896
117,18,0.13465167825952662,0.06098282812732274,0.07366885013220388,0.5471068098402391
117,19,0.0677197191041534,0.01944896133881398,0.04827075776533943,0.7128020966994659
117,20,0.07915191747704692,0.032198134735017786,0.04695378274202913,0.593210932074326
117,21,0.13483720168784075,0.009593955539770027,0.12524324614807072,0.9288478593468528
117,22,0.1002196621017456,0.02140739343269267,0.07881226866905293,0.7863952743029673
117,23,0.12869572000685364,0.028796904952991184,0.09989881505386246,0.7762403835072555
117,24,0.08665930627887765,0.03398664024881302,0.05267266603006463,0.6078131511987775
117,25,0.08638448942947448,0.06934920056924823,0.017035288860226247,0.1972030971385679
117,26,0.10782157063273928,0.008952113878020623,0.09886945675471866,0.9169728856156879
117,27,0.08256051131185727,0.021015357247830945,0.06154515406402632,0.745455098158861
117,28,0.1018472458257644,0.04428343308664097,0.057563812739123435,0.5651975394366674
117,29,0.12450058038337361,0.02981977753347388,0.09468080284989973,0.7604848311417498
117,30,0.10562817331834293,0.005772322213285313,0.09985585110505761,0.9453524374042837
117,31,0.09623127813671825,0.01108525055840203,0.08514602757831621,0.8848061589429069
117,32,0.07958891312841776,0.027058078332345317,0.05253083479607244,0.6600270405918629
117,33,0.09680416188186887,0.0029458152683736975,0.09385834661349517,0.9695693324428705
117,34,0.08800981499186974,0.03799966610477983,0.05001014888708991,0.5682337690598463
117,35,0.093559596988192,0.029815021696306225,0.06374457529188576,0.6813258857873326
117,36,0.1099014502660167,0.02452589948527873,0.08537555078073797,0.7768373444944199
117,37,0.11998963835892248,0.021807404906285133,0.09818223345263735,0.8182559327243483
117,38,0.08732291568770893,0.05121380215039113,0.0361091135373178,0.4135124583614918
118,0,0.0638845710968054,0.007217358721554152,0.05666721237525125,0.8870250109276376
118,1,0.11328147523623186,0.0031417497778317306,0.11013972545840013,0.9722659881390133
118,2,0.10957852174678064,0.03446343463396363,0.075115087112817,0.6854909695386893
118,3,0.08637803476602551,0.02223847250019775,0.06413956226582776,0.7425448198672765
118,4,0.08671618039042059,0.03903145575888041,0.04768472463154018,0.5498941998696225
118,5,0.10372170295705871,0.026022638123863538,0.07769906483319516,0.7491109634534535
118,6,0.06855833016457416,0.04645560931174275,0.02210272085283141,0.32239292876261516
118,7,0.10495434709720833,0.08539886284044204,0.019555484256766287,0.18632371881322904
118,8,0.06618747479428058,0.012442398180189482,0.0537450766140911,0.812012798208995
118,9,0.09972842901708844,0.03112135548088132,0.06860707353620711,0.6879389780064751
118,10,0.08736036745166681,0.023612995016713007,0.0637473724349538,0.7297058642779041
118,11,0.10640115228442683,0.048956304893853546,0.05744484739057328,0.5398893353806383
118,12,0.0942578683245405,0.01115115116936409,0.08310671715517641,0.881695275231884
118,13,0.10825883854619554,0.014441550843614261,0.09381728770258128,0.8666016462253856
118,14,0.08630266801114192,0.028101102086716324,0.058201565924425595,0.6743889530380638
118,15,0.08059147337203804,0.008986437135812373,0.07160503623622566,0.8884939465701553
118,16,0.09246130151771419,0.035049335269368015,0.05741196624834617,0.6209296787515683
118,17,0.09380422377118709,0.011239806164443152,0.08256441760674393,0.880178037698388
118,18,0.1292231474185253,0.0430327708720583,0.08619037654646701,0.6669886801883518
118,19,0.06738074031952149,0.012543482348603321,0.054837257970918166,0.8138417255565648
118,20,0.11145500744765133,0.03155233361459592,0.07990267383305541,0.716905194866049
118,21,0.11233224394983879,0.03843409906220507,0.07389814488763372,0.6578533668448076
118,22,0.09801853784884312,0.027765066402031562,0.07025347144681156,0.7167365784944805
118,23,0.11505187019942982,0.05769180944799476,0.05736006075143506,0.4985582646506108
118,24,0.10629557143884422,0.04044631869338076,0.06584925274546347,0.6194919680482548
118,25,0.08811111128263951,0.01320335968175141,0.07490775160088811,0.8501510253411949
118,26,0.08492207092312555,0.00016718498487935073,0.0847548859382462,0.9980313129076811
118,27,0.08967541145883674,0.02713143243701415,0.0625439790218226,0.697448475611755
118,28,0.08740310800429593,0.0236019131049204,0.06380119489937552,0.7299648302694184
118,29,0.09878765704838097,0.03260467204054671,0.06618298500783426,0.6699519655114539
118,30,0.08982044684519791,0.027693132513278724,0.06212731433191919,0.6916834252560915
118,31,0.1005224194691575,0.019551880865412024,0.08097053860374548,0.8054973112598929
118,32,0.10979286198728218,0.0591561604303219,0.050636701556960276,0.4612021277196122
118,33,0.10568389195671465,0.014290264682365184,0.09139362727434946,0.8647829445170498
118,34,0.08494463085095753,0.035435168356633816,0.04950946249432372,0.5828439301972154
118,35,0.09371447756076084,0.05007463096731257,0.04363984659344827,0.46566814145822755
118,36,0.09183439651969147,0.01077881532416318,0.08105558119552829,0.8826276892683457
118,37,0.10030217048940873,0.061483747084088124,0.03881842340532061,0.3870147895694798
118,38,0.1832944805234939,0.04273358367319896,0.14056089685029494,0.766858317003596
119,0,0.12572244449636624,0.05212565973604379,0.07359678476032244,0.5853909781594296
119,1,0.12830067043983345,0.011867560599842536,0.11643310983999092,0.907501959583229
119,2,0.05759424322445086,0.017322922638601086,0.04027132058584977,0.6992247546149392
119,3,0.08655466798005765,0.02867307639615905,0.0578815915838986,0.6687287113993046
119,4,0.1265280276723167,0.004566126204929357,0.12196190146738733,0.9639121363943588
119,5,0.09811314564833809,0.04098514691386655,0.05712799873447154,0.5822665082947446
119,6,0.15247280932974672,0.008361939099634653,0.14411087023011207,0.9451578341319165
119,7,0.10211230839587418,0.02159634538161975,0.08051596301425443,0.7885039940739177
119,8,0.10737716742893441,0.008629464756450982,0.09874770267248342,0.9196340808471947
119,9,0.09797759265522077,0.015719558338678153,0.08225803431654262,0.8395596593805418
119,10,0.08802251424145013,0.027516998751240057,0.06050551549021008,0.687386812472096
119,11,0.11634343378025844,0.00042336672001094117,0.11592006706024749,0.9963610604719595
119,12,0.11060939088178806,0.004493412337732849,0.10611597854405522,0.9593758513457948
119,13,0.09281672716412218,0.021205327637282764,0.07161139952683941,0.7715354948921365
119,14,0.09383459298257045,0.006361055874794104,0.08747353710777635,0.9322099060420537
119,15,0.11315388809539048,0.008721482709686493,0.10443240538570399,0.9229237027866497
119,16,0.12327679306954537,0.0010149985412568133,0.12226179452828856,0.9917665075803505
119,17,0.08343401524728508,0.03103901641035988,0.0523949988369252,0.627981269769108
119,18,0.0752380029307089,0.014023131065397952,0.061214871865310945,0.8136163837533982
119,19,0.12107089814022637,0.0047320121587259845,0.11633888598150038,0.9609153625568608
119,20,0.09537754004158439,0.0016338762189220188,0.09374366382266236,0.9828693818459812
119,21,0.07747140105214309,0.03887435838678198,0.03859704266536111,0.49821020584593395
119,22,0.10200287546993728,0.030829308701328214,0.07117356676860906,0.6977603958781107
119,23,0.09555382631652651,0.005944717063061671,0.08960910925346484,0.9377867188345811
119,24,0.08461261404401471,0.0013696059194897485,0.08324300812452497,0.9838132182185355
119,25,0.07163571904829004,0.008161637239559592,0.06347408180873045,0.8860674905202279
119,26,0.09773087589315725,0.02954510275626982,0.06818577313688742,0.6976891643888514
119,27,0.13976877268870536,0.056121545968815405,0.08364722671988994,0.5984686358103039
119,28,0.09864469560197514,0.009055592730455184,0.08958910287151996,0.9081999019288994
119,29,0.10024081071031415,0.005689535850340129,0.09455127485997403,0.9432413224711209
119,30,0.1244779798293445,0.09157101032319842,0.03290696950614608,0.2643597650866485
119,31,0.12291839254100279,0.006098836483555338,0.11681955605744745,0.9503830439246844
119,32,0.09294180191465334,0.01101542277690284,0.0819263791377505,0.8814804259226855
119,33,0.11510198993151899,0.0755872396677884,0.039514750263730594,0.3433020600881033
119,34,0.09237354395165245,0.04111592653931957,0.05125761741233288,0.5548949971992055
119,35,0.09814258947882544,0.031055619666526077,0.06708696981229936,0.6835663310755987
119,36,0.11289176717569085,0.03239598095687106,0.0804957862188198,0.7130350443849999
119,37,0.09555625713287728,0.06268194048279759,0.0328743166500797,0.3440310204319304
119,38,0.07115503593551747,0.0023496145500244616,0.06880542138549302,0.9669789422613216
120,0,0.1021759748944196,0.028858279741643133,0.07331769515277646,0.7175629616310198
120,1,0.12721775086696552,0.046938222577745194,0.08027952828922033,0.6310403048484204
120,2,0.08777069922006353,0.00032050616281517966,0.08745019305724835,0.9963483694938833
120,3,0.06245386793054716,0.022380099845515818,0.040073768085031346,0.6416539025188325
120,4,0.0688850250162758,0.017866140838253802,0.051018884178022,0.7406382470786288
120,5,0.12108093825671135,0.045865056184639805,0.07521588207207154,0.6212033302269396
120,6,0.11328639200834925,0.05894256944854508,0.05434382255980417,0.47970300400951077
120,7,0.12323485291625874,0.03209806322653632,0.09113678968972241,0.7395374565964079
120,8,0.11490244273649901,0.014016497324604402,0.1008859454118946,0.8780139308548222
120,9,0.12260682977684462,0.011996098216970584,0.11061073155987403,0.9021579936549655
120,10,0.09767874434662413,0.024303054106575548,0.07337569024004859,0.7511940364391521
120,11,0.0911773216903988,0.00591779409745892,0.08525952759293988,0.935095767371262
120,12,0.11501594447841186,0.03257697167689261,0.08243897280151925,0.7167612558013015
120,13,0.11439698671261758,0.01268033732911702,0.10171664938350056,0.8891549708300277
120,14,0.1098735203816651,0.007262772958371272,0.10261074742329383,0.933898787140498
120,15,0.10919410376812012,0.0011959047932970195,0.1079981989748231,0.989047899547428
120,16,0.11329177916201467,0.004936358277384275,0.1083554208846304,0.9564279216559486
120,17,0.10764570876863237,0.0068064184459458305,0.10083929032268654,0.9367701831888611
120,18,0.0858770781414682,0.010142879383032351,0.07573419875843584,0.8818907256448147
120,19,0.10597758745181105,0.06902323189447095,0.0369543555573401,0.3486997245917074
120,20,0.08734868630071543,0.033346230344941885,0.05400245595577355,0.6182400473644128
120,21,0.09416778093922959,0.028109568974964232,0.06605821196426535,0.701494835127266
120,22,0.10052453264647451,0.019851768252595513,0.08067276439387899,0.8025181741216308
120,23,0.09051669257529557,0.05265392817394952,0.037862764401346054,0.4182959333147333
120,24,0.07365280229168955,0.007467867637562205,0.06618493465412735,0.8986071486053312
120,25,0.13139894782728884,0.05924899890104905,0.07214994892623978,0.5490907660925405
120,26,0.09713117844178981,0.04095415291669246,0.05617702552509735,0.5783624416619627
120,27,0.09049210685009813,0.02870151355231452,0.061790593297783615,0.6828285410587344
120,28,0.09578593407093894,0.03366259572586848,0.06212333834507046,0.6485643111133833
120,29,0.09739722560562372,0.03130453905194245,0.06609268655368128,0.6785890064394717
120,30,0.08937148656039157,0.023437828310631514,0.06593365824976005,0.7377482549225169
120,31,0.07809199287630414,0.030355970707309058,0.047736022168995085,0.6112793438964711
120,32,0.10613036255350619,0.002749444733858384,0.10338091781964781,0.9740937026152885
120,33,0.10290052066691119,0.007659662637309406,0.09524085802960178,0.9255624501444096
120,34,0.06022047391806608,0.009266525347528518,0.05095394857053756,0.8461233407074107
120,35,0.1225112183640113,0.014455592044236635,0.10805562631977467,0.8820059726996962
120,36,0.09332837758922294,0.01584987570655736,0.07747850188266558,0.8301708856836743
120,37,0.07915043255216085,0.01823765411149283,0.06091277844066802,0.7695823822633685
120,38,0.0941175670427106,0.034949551078453434,0.059168015964257165,0.6286607040894575
121,0,0.13391566169580904,0.03685490164242242,0.09706076005338662,0.7247902061960554
121,1,0.10340258152633841,0.013723248947413147,0.08967933257892527,0.8672833042962511
121,2,0.06866990754921536,0.023566279046845856,0.0451036285023695,0.656817958725865
121,3,0.09067408264903443,0.03437254930809006,0.056301533340944364,0.6209220065546912
121,4,0.10984097222141134,0.018647179530581693,0.09119379269082965,0.8302347552697027
121,5,0.1004847808350234,0.02504783314150741,0.07543694769351598,0.7507300813778843
121,6,0.09428719402198582,0.026904844051838822,0.067382349970147,0.7146500717206075
121,7,0.08167973071488926,0.038875266511775794,0.04280446420311347,0.5240524647727655
121,8,0.06671879968038735,0.007537500885433229,0.059181298794954124,0.8870258319762765
121,9,0.07061986305206142,0.017742924908534956,0.05287693814352646,0.748754470177112
121,10,0.08987495797301437,0.04107582790473886,0.048799130068275506,0.5429669305984857
121,11,0.11382661368671179,0.025006284474338857,0.08882032921237293,0.7803124975397725
121,12,0.12383262852573107,0.036513776607319554,0.08731885191841152,0.7051360611332547
121,13,0.13002600944748008,0.06726742980445224,0.06275857964302783,0.48266173752242386
121,14,0.10810691869515418,0.04598014959468847,0.06212676910046571,0.5746789368370971
121,15,0.10227552514494936,0.013746742593132938,0.08852878255181643,0.8655910827771311
121,16,0.07783387984567142,0.004981985364756764,0.07285189448091466,0.935992072158872
121,17,0.08288891290029361,0.0018825079013348352,0.08100640499895878,0.9772887852492493
121,18,0.11774585271869824,0.04337261254716162,0.07437324017153663,0.6316421211812756
121,19,0.10484808521303284,0.030075877631191687,0.07477220758184115,0.7131480506288427
121,20,0.09216947449856881,0.03991272730737549,0.052256747191193324,0.5669637097909759
121,21,0.05422418892080088,0.026258132484665103,0.027966056436135776,0.515748727509463
121,22,0.08963897206968716,0.01888467358828838,0.07075429848139878,0.7893251880040854
121,23,0.12817190039577067,0.03257776825443662,0.09559413214133405,0.7458275319797661
121,24,0.12802660771478452,0.004911181818684617,0.1231154258960999,0.9616393661728063
121,25,0.10082817499397422,0.006123107466288989,0.09470506752768523,0.9392718606019109
121,26,0.09357230542387895,0.0018069734793406712,0.09176533194453829,0.9806890140073481
121,27,0.09822052563912734,0.0671975400448635,0.031022985594263836,0.3158503316124125
121,28,0.10139612826933611,0.013118761088785694,0.08827736718055042,0.8706187177686051
121,29,0.08681741609389335,0.03776593517983373,0.049051480914059614,0.5649958628233103
121,30,0.1082436604773556,0.00569394423334613,0.10254971624400948,0.9473969726426862
121,31,0.11964229592957638,0.03423712081228417,0.0854051751172922,0.7138376479131029
121,32,0.103441421518658,0.0030400798017099356,0.10040134171694806,0.9706106146157167
121,33,0.07516504636173651,0.018735890816325665,0.05642915554541085,0.7507366558897867
121,34,0.1045830327044791,0.08143479528993271,0.0231482374145464,0.22133836451230585
121,35,0.09195891058873695,0.01887945557693719,0.07307945501179977,0.7946968330087033
121,36,0.07882882241959657,0.020034277811415542,0.05879454460818103,0.7458508550999857
121,37,0.1287053655061291,0.09961292342176292,0.029092442084366177,0.22603907746939084
121,38,0.08387047662733461,0.04925262540550221,0.034617851221832405,0.41275371994905224
122,0,0.10076604552298614,0.025661483102368057,0.07510456242061808,0.7453360110622351
122,1,0.07269935462996657,0.003540430665668462,0.06915892396429811,0.9513003838384956
122,2,0.08858234631772352,0.005604386738613156,0.08297795957911036,0.9367324645193797
122,3,0.10356441157954344,0.007865225596652321,0.09569918598289112,0.9240547454797118
122,4,0.08074840756516294,0.0029366378420175735,0.07781176972314537,0.9636322507085017
122,5,0.11999744252541251,0.024177235618023096,0.09582020690738942,0.7985187424898413
122,6,0.11587491480677801,0.019014361401857097,0.09686055340492092,0.835906145574617
122,7,0.10647072707952569,0.020846426294022637,0.08562430078550305,0.8042050912411642
122,8,0.11003896005099384,0.007044954396011934,0.1029940056549819,0.9359776356233538
122,9,0.09711337853762012,0.0033781370668809567,0.09373524147073915,0.9652145037300671
122,10,0.12029886697916037,0.023032765842004987,0.09726610113715538,0.8085371340530164
122,11,0.0881452225619857,0.018595105671139818,0.06955011689084589,0.7890401189007911
122,12,0.11124628850000984,0.005723947848338674,0.10552234065167117,0.948547066823374
122,13,0.1056805497532267,0.0106575896610459,0.09502296009218081,0.8991527799019564
122,14,0.07305769251056124,0.028954891229338066,0.044102801281223174,0.6036708766136798
122,15,0.10890875487310445,0.011188496506604077,0.09772025836650036,0.8972672443125402
122,16,0.09276418919778603,0.017567386405134385,0.07519680279265165,0.8106231881391396
122,17,0.08135063629865191,0.00547166646105414,0.07587896983759777,0.9327397214083646
122,18,0.08878193289565577,0.04815842298175567,0.0406235099139001,0.45756505393551605
122,19,0.10811895683217704,0.009840002954716336,0.0982789538774607,0.908989105675612
122,20,0.10050658889801867,0.00405802928486685,0.09644855961315182,0.9596242462373843
122,21,0.10126328159803817,0.02601138042766184,0.07525190117037633,0.7431311723541283
122,22,0.0954436774574293,0.03879946615109198,0.056644211306337316,0.5934831181625657
122,23,0.11537806042225715,0.02697742421576838,0.08840063620648878,0.7661823736936016
122,24,0.0687105078595725,0.02327194734691465,0.04543856051265785,0.661304390378298
122,25,0.08180835705784409,0.010776873783626763,0.07103148327421732,0.8682668351840047
122,26,0.1127171318643414,0.04286964742911532,0.06984748443522608,0.6196705263871486
122,27,0.07935881634314261,0.019912736996567204,0.059446079346575406,0.7490797127005302
122,28,0.08882103489407184,0.004495133746143996,0.08432590114792785,0.9493911126851325
122,29,0.12651420168000058,0.05000529145027417,0.0765089102297264,0.604745627081809
122,30,0.0647064708701722,0.019928587592309102,0.0447778832778631,0.6920155384104621
122,31,0.1474122558155019,0.02335648329476797,0.12405577252073394,0.8415567066282436
122,32,0.1207494407431042,0.06346691712576023,0.05728252361734397,0.47439162670089036
122,33,0.10481452271473682,0.025721376565991647,0.07909314614874517,0.7546010237913792
122,34,0.08747104190287738,0.029891078669352956,0.05757996323352443,0.6582745784308569
122,35,0.08566710281156109,0.00887300432621634,0.07679409848534476,0.8964246013346107
122,36,0.09112236199448334,0.002637022743747823,0.08848533925073551,0.9710606410322477
122,37,0.07575772896647623,0.032258818730344835,0.043498910236131394,0.5741844539107056
122,38,0.09061066941120659,0.011731123561725235,0.07887954584948136,0.8705326465640884
123,0,0.11035382246588228,0.022974076956710388,0.0873797455091719,0.7918143980575462
123,1,0.13265373861356552,0.07675595818910887,0.05589778042445666,0.42138111604447764
123,2,0.09826397878717369,0.03393909247878569,0.06432488630838801,0.6546130851032085
123,3,0.08242787154070699,0.028274868214464913,0.05415300332624208,0.6569744227775993
123,4,0.07895010669063449,0.0137629134967749,0.06518719319385959,0.8256758087648343
123,5,0.1022750393835207,0.017472210780216674,0.08480282860330403,0.8291644678356201
123,6,0.11596480443638982,0.033189540026131656,0.08277526441025816,0.713796438605326
123,7,0.10501543348603111,0.06671969991495896,0.038295733571072146,0.36466767121583277
123,8,0.09263475520382916,0.016591682867356995,0.07604307233647217,0.8208913832518969
123,9,0.09206463081259153,0.003532870028770366,0.08853176078382116,0.9616261967534313
123,10,0.06515348939573032,0.008950391104273902,0.056203098291456415,0.8626260667343406
123,11,0.10356709670463812,0.023322254318884978,0.08024484238575315,0.7748101949270871
123,12,0.1315371049072459,0.0027030333252010715,0.12883407158204482,0.9794504119038719
123,13,0.121073249321834,0.01939582066560548,0.10167742865622852,0.8398009405525413
123,14,0.08039768374680195,0.014260340536502186,0.06613734321029976,0.8226274704453854
123,15,0.09960189716942788,0.023832986935047887,0.07576891023438,0.7607175404048101
123,16,0.07757040962620507,0.05250627472446064,0.025064134901744424,0.32311463897796905
123,17,0.13379079973102587,0.021965235272664342,0.11182556445836153,0.8358240229012501
123,18,0.07899480969803921,0.016500455780629766,0.06249435391740944,0.7911197476935078
123,19,0.11454562538294816,0.04160350266499742,0.07294212271795074,0.6367953597013516
123,20,0.07540607972955629,0.004746090810059684,0.07065998891949661,0.9370595736168552
123,21,0.0929927482703791,0.04489515622794158,0.04809759204243751,0.5172187394934536
123,22,0.09573539610145532,0.014151363054224344,0.08158403304723097,0.8521825403090464
123,23,0.10231743991824674,0.009604239109815754,0.09271320080843098,0.9061329220366567
123,24,0.10812609154517483,0.013771851973563908,0.09435423957161092,0.8726315565766097
123,25,0.10429077299041073,0.0011207437387468107,0.10317002925166392,0.9892536635158524
123,26,0.0932300665754085,0.020248022617706193,0.0729820439577023,0.7828166023958728
123,27,0.08256942790058838,0.039094107413282175,0.04347532048730621,0.5265304797757525
123,28,0.07060630530361456,0.02589891161398753,0.04470739368962703,0.6331926518089358
123,29,0.06962458780209568,0.014487418209665665,0.05513716959243002,0.7919209482310272
123,30,0.10133529389449555,0.003671785418027665,0.09766350847646789,0.9637659765229426
123,31,0.13077066878392235,0.0051142610281221645,0.1256564077558002,0.9608913751403027
123,32,0.10716470576495672,0.00034120895431442,0.10682349681064231,0.9968160323692505
123,33,0.13067707269542664,0.04403130969381322,0.08664576300161342,0.6630525249334407
123,34,0.08777341850943134,0.010158747215991266,0.07761467129344007,0.8842616889200949
123,35,0.0955704119703788,0.017824808963760923,0.07774560300661787,0.8134902989715523
123,36,0.1313396835502847,0.015145232575664375,0.11619445097462032,0.884686545861321
123,37,0.13222809695987092,0.09121230618034615,0.041015790779524774,0.31018967770497674
123,38,0.09834353003538987,0.0316491873094109,0.06669434272597896,0.6781772293711478
124,0,0.08122677903417921,0.002488080582619838,0.07873869845155937,0.9693687154383791
124,1,0.08921827780704245,0.0036527933529618833,0.08556548445408056,0.9590577912649021
124,2,0.08929445821955634,0.0632542314292803,0.02604022679027604,0.29162198091004243
124,3,0.08136354481151448,0.0008405243594415863,0.0805230204520729,0.989669521388372
124,4,0.0700641702490978,0.019989496561149976,0.05007467368794783,0.7146973054832206
124,5,0.10496586192678432,0.01988114645781227,0.08508471546897206,0.81059416754297
124,6,0.10296695709500096,0.026426866142044425,0.07654009095295654,0.7433461482438287
124,7,0.12392067400662106,0.02986163097291506,0.09405904303370599,0.7590262382585204
124,8,0.0696089388041571,0.04264834656884889,0.02696059223530821,0.3873150876665585
124,9,0.07188022788434002,0.005947672738385021,0.065932555145955,0.917255789061281
124,10,0.08239397869419486,0.02933481055142073,0.05305916814277413,0.6439690009351674
124,11,0.08626282543607283,0.061655764242377994,0.024607061193694837,0.2852568423223107
124,12,0.09120246588673794,0.0035019881537762046,0.08770047773296175,0.9616020452985863
124,13,0.09481046726606855,0.016986479496391024,0.07782398776967753,0.8208375089142688
124,14,0.10658461365260688,0.023286742528139292,0.08329787112446758,0.7815187227301101
124,15,0.06850837699245332,0.012107556423077297,0.05640082056937602,0.8232689642551153
124,16,0.10223428815717803,0.034098031161537444,0.06813625699564058,0.6664716723110145
124,17,0.13663854959101734,0.0036783621054890143,0.13296018748552832,0.9730796168687461
124,18,0.11438202770762272,0.021250923608420118,0.09313110409920261,0.8142109907096542
124,19,0.09883636665407824,0.06326832949300688,0.03556803716107136,0.3598679146670527
124,20,0.08267593809446624,0.014139566117038531,0.0685363719774277,0.8289760425713882
124,21,0.0954455426339768,0.028309378422435603,0.0671361642115412,0.7033975852492247
124,22,0.0937230833569147,0.029570339242746168,0.06415274411416853,0.6844924624370616
124,23,0.10561519205633865,0.009525015644047882,0.09609017641229077,0.9098139627586255
124,24,0.10693312773095626,0.008561824380888646,0.09837130335006761,0.9199329098235095
124,25,0.08346230228474921,0.011113904831790165,0.07234839745295904,0.8668392252843355
124,26,0.10260055699722678,0.0013848646413314077,0.10121569235589538,0.986502367220396
124,27,0.12407618471111637,0.03089328522105954,0.09318289949005683,0.7510135785284853
124,28,0.09913788606394419,0.04154332308042624,0.05759456298351795,0.5809541162333168
124,29,0.10335142022253314,0.006962924109281642,0.09638849611325151,0.9326286557621629
124,30,0.08014198088660973,0.03425832594165995,0.04588365494494978,0.5725295835882702
124,31,0.08224006596741126,0.03710794668888824,0.04513211927852302,0.5487850568651931
124,32,0.14938348756697448,0.008229510947297366,0.1411539766196771,0.9449101699168205
124,33,0.14687909770982654,0.048501996157534324,0.09837710155229222,0.6697828560102229
124,34,0.08425983764408757,0.009512208697305635,0.07474762894678193,0.8871086277487849
124,35,0.12208505719834657,0.009926102549952968,0.11215895464839361,0.918695188602595
124,36,0.09068047888902317,0.003625565922961954,0.08705491296606122,0.960018231405692
124,37,0.13827610728797643,0.006676577333485459,0.13159952995449098,0.9517156111461781
124,38,0.143158091084248,0.035197153458206246,0.10796093762604177,0.754137868201296
125,0,0.10462667165849657,0.033102114377355774,0.0715245572811408,0.6836168650628427
125,1,0.10555511015622346,0.026083980646572462,0.07947112950965099,0.7528875616920137
125,2,0.11579974920529196,0.021213799974572126,0.09458594923071983,0.8168061665059058
125,3,0.08988491850257357,0.011569852992565622,0.07831506551000796,0.8712814876476264
125,4,0.07960623597801401,0.008012220941219783,0.07159401503679423,0.8993518429456628
125,5,0.06990667412849122,0.05549768530880654,0.014408988819684679,0.2061174987841703
125,6,0.08199885592841444,0.018220776997645308,0.06377807893076913,0.7777923022053848
125,7,0.11208887679511068,0.06753882169022848,0.04455005510488219,0.39745295321600965
125,8,0.11544700866391436,0.025962162313356685,0.08948484635055767,0.7751161973461184
125,9,0.12662821114233486,0.02480003126226024,0.10182817988007462,0.8041508204330228
125,10,0.08140686015674198,0.0030175973163625684,0.0783892628403794,0.9629319038892736
125,11,0.11250437804649455,0.03875845117529775,0.0737459268711968,0.6554938407883105
125,12,0.0954541499952574,0.03371726121861514,0.06173688877664227,0.6467700857396943
125,13,0.09289400521219499,0.03160471094557249,0.061289294266622496,0.6597766360339529
125,14,0.07276553985701499,0.0042411007316796555,0.06852443912533533,0.9417155326544204
125,15,0.11336372933614262,0.014261550368771855,0.09910217896737077,0.8741965313571861
125,16,0.06551066470860384,0.006545996187182764,0.05896466852142107,0.9000773963094432
125,17,0.1025304202950158,0.003909175211352745,0.09862124508366306,0.9618730207083451
125,18,0.0876071853830706,0.0034289742482856104,0.08417821113478498,0.9608596688354716
125,19,0.08631219356036074,0.021193500703902263,0.06511869285645848,0.754455311240804
125,20,0.1268550704120231,0.02500574312576411,0.10184932728625898,0.8028794352125942
125,21,0.10190045035876663,0.0013101841470874991,0.10059026621167913,0.9871425087673836
125,22,0.09216637658349122,0.02642282284777836,0.06574355373571286,0.7133138588361171
125,23,0.10675786744148127,0.0022974514646083785,0.10446041597687289,0.9784797924530694
125,24,0.1311838535949579,0.0009904790599963645,0.13019337453496155,0.9924496877256361
125,25,0.11217464046198544,0.00409398017200242,0.10808066028998302,0.9635035142065838
125,26,0.10833101958067684,0.010267222912030001,0.09806379666864684,0.9052236104508945
125,27,0.10904065690306922,0.01708082896820437,0.09195982793486485,0.8433535760575229
125,28,0.07506488471662484,0.014458983783521725,0.06060590093310311,0.8073801906429964
125,29,0.1014935454454984,0.008545299394262039,0.09294824605123636,0.9158045040524194
125,30,0.11345766627036537,0.011926340409654904,0.10153132586071047,0.8948829038909114
125,31,0.1266439182860044,0.018747346797081735,0.10789657148892268,0.8519680451236202
125,32,0.08532431321210918,0.003379104795654453,0.08194520841645472,0.9603969294513478
125,33,0.08637719225919542,0.011842744432120824,0.07453444782707459,0.8628950059341609
125,34,0.12759409591479468,0.06690418648147328,0.06068990943332139,0.47564825784610876
125,35,0.09605015114602991,0.020261417458750344,0.07578873368727956,0.7890537680888613
125,36,0.08394766518611349,0.014943216532336913,0.06900444865377658,0.82199366117917
125,37,0.10895006861869475,0.014251261238852099,0.09469880737984265,0.8691945638994603
125,38,0.08652520462515885,0.002082251263955573,0.08444295336120328,0.9759347432580342
126,0,0.08285013936644589,0.030140230154446883,0.05270990921199901,0.6362078520938058
126,1,0.1002741368578412,0.03387281186890919,0.066401324988932,0.662197921315137
126,2,0.09740261542462861,0.05066405714736617,0.046738558277262435,0.47984910952857657
126,3,0.10583303936123117,0.010649938149195752,0.09518310121203542,0.8993703836394116
126,4,0.08372432167321511,0.048333048630987765,0.03539127304222735,0.4227119710848567
126,5,0.10285366482477598,0.03998588617292113,0.06286777865185486,0.6112351831017198
126,6,0.13310745528884418,0.03865573999956366,0.09445171528928052,0.7095899706317695
126,7,0.1125315381775216,0.08758605435092903,0.024945483826592563,0.22167548965020256
126,8,0.08337419026138103,0.0034042659692350707,0.07996992429214596,0.9591688272046471
126,9,0.1426164005603215,0.0010364353353969138,0.14157996522492458,0.9927327058366017
126,10,0.07596040202311212,0.01518009296519957,0.06078030905791255,0.8001578116900856
126,11,0.11608213004005011,0.006945477528264325,0.10913665251178578,0.9401675561443606
126,12,0.08248500611310591,0.010216349352066037,0.07226865676103987,0.8761429521135383
126,13,0.13233309839623886,0.017652273782226023,0.11468082461401283,0.8666072660871988
126,14,0.08626255439580054,0.05069390005309021,0.035568654342710324,0.4123301772343747
126,15,0.10429567304540338,0.016756048220706823,0.08753962482469656,0.8393409071399122
126,16,0.07159777746215945,0.004579593042134464,0.06701818442002498,0.936037217851422
126,17,0.10216029376558743,0.00875716091082012,0.09340313285476731,0.9142801905903489
126,18,0.12355946702485439,0.06812420416800573,0.05543526285684866,0.44865249253379896
126,19,0.09662382682010676,0.05743282929745103,0.03919099752265573,0.4056038641030139
126,20,0.10260299075403889,0.00983192919151218,0.09277106156252671,0.9041750233667029
126,21,0.09532982303356355,0.003804440061320481,0.09152538297224307,0.9600918165978235
126,22,0.08992720560352215,0.0007934932389280147,0.08913371236459414,0.9911762715898632
126,23,0.11300593696173854,0.03687706506971095,0.07612887189202758,0.6736714365529595
126,24,0.0855768634366062,0.004082139497970382,0.08149472393863581,0.9522985613863453
126,25,0.09957656655557247,0.011404155005484381,0.08817241155008809,0.8854735064688151
126,26,0.09164810699201288,0.012270787047735467,0.07937731994427741,0.8661097599233024
126,27,0.09027813726003572,0.019891975722461624,0.0703861615375741,0.7796589924627588
126,28,0.09550614347652146,0.00227772926591315,0.09322841421060832,0.976150965969293
126,29,0.10807453979177006,0.023237176719035434,0.08483736307273462,0.7849893530538544
126,30,0.09428393654670922,0.03651197783335903,0.05777195871335019,0.6127444486233281
126,31,0.08316067644287459,0.03656276723277771,0.04659790921009688,0.5603358606889915
126,32,0.08586544258471279,0.03003109066293195,0.05583435192178084,0.6502540514677486
126,33,0.12098380213611254,0.07150328483139903,0.049480517304713506,0.40898464448195776
126,34,0.0933779193872758,0.011112086859733052,0.08226583252754274,0.8809987743071597
126,35,0.08842008455574335,0.003205524522166485,0.08521456003357686,0.9637466471755565
126,36,0.10961122813397604,0.06753634581351692,0.042074882320459125,0.383855587030114
126,37,0.10271593045054363,0.012207252324601136,0.09050867812594249,0.881155218367235
126,38,0.09117220942523054,0.014558459361724407,0.07661375006350613,0.8403191120023952
127,0,0.11744806524007315,0.051501575370795055,0.06594648986927809,0.5614949018911316
127,1,0.0615050665246651,0.016036253830824826,0.045468812693840274,0.7392693848336238
127,2,0.0802956812182112,0.038689227126692385,0.04160645409151882,0.5181655284603576
127,3,0.09318681398380861,0.004079036986277952,0.08910777699753065,0.9562273157338902
127,4,0.0836741167056083,0.04033298733682099,0.04334112936878731,0.5179753438124116
127,5,0.12293065342851833,0.012891561739013499,0.11003909168950483,0.895131430774427
127,6,0.13347600094825962,0.060151129603276184,0.07332487134498344,0.5493487280414324
127,7,0.11591231970235005,0.017482711705662096,0.09842960799668796,0.8491729632315551
127,8,0.07781924416024866,0.021629578037195653,0.056189666123053005,0.7220536093532968
127,9,0.1442296291222543,0.006733701046806526,0.13749592807544775,0.9533126370234315
127,10,0.11740916587676062,0.009669356261278574,0.10773980961548205,0.9176439404106824
127,11,0.08724065114707112,0.013848448344367907,0.07339220280270321,0.8412615201481926
127,12,0.09467404495890788,0.005579198191277699,0.08909484676763019,0.9410694008722319
127,13,0.08939938669735142,0.0045076982988092075,0.08489168839854222,0.9495779728996424
127,14,0.09565255391330175,0.022280808405223833,0.07337174550807793,0.7670652011506263
127,15,0.12855193734860437,0.0055959811529572405,0.12295595619564713,0.9564691029293305
127,16,0.1253924568646244,0.026434623973998716,0.0989578328906257,0.7891848948893477
127,17,0.09372250299022522,0.00910591275560765,0.08461659023461757,0.902841767290857
127,18,0.09728043241166512,0.02026703621925267,0.07701339619241244,0.7916637938708174
127,19,0.09083892364848781,0.022561787025834255,0.06827713662265356,0.7516286397982894
127,20,0.1199111605508417,0.04732458980298822,0.07258657074785348,0.6053362373811498
127,21,0.0986886460575819,0.015641741380518444,0.08304690467706347,0.841504144545747
127,22,0.127510977266209,0.01711918443236395,0.11039179283384505,0.8657434457848783
127,23,0.11733230020079555,0.05766942940937849,0.05966287079141706,0.5084948534147337
127,24,0.11014475914196839,0.05477264874202892,0.05537211039993947,0.502721244581133
127,25,0.10072254829260621,0.017131065990959697,0.08359148230164651,0.8299182627787303
127,26,0.08935252996814316,0.01557731451837253,0.07377521544977063,0.8256645388336926
127,27,0.09517181409071304,0.04225058587726911,0.05292122821344393,0.5560598872582385
127,28,0.17871874385247638,0.0005965416272242421,0.17812220222525213,0.9966621205232022
127,29,0.08909399294211079,0.008090170076180278,0.08100382286593051,0.9091951117126729
127,30,0.10016163264790323,0.008986605991357708,0.09117502665654552,0.9102789585813941
127,31,0.059991461526153554,0.016791882181881306,0.04319957934427225,0.7200954643426914
127,32,0.1408537697779423,0.05265212995014747,0.08820163982779484,0.6261929657036926
127,33,0.11463811257869352,0.02065906265378623,0.0939790499249073,0.8197888800759453
127,34,0.10464154279674741,0.007588225658864835,0.09705331713788257,0.9274836221250676
127,35,0.10054735829688073,0.028143175337281178,0.07240418295959955,0.7201003008534113
127,36,0.04996994104380188,0.012410096760628823,0.03755984428317306,0.7516487612072512
127,37,0.1073721534595756,0.05364639021682339,0.05372576324275221,0.5003696164385801
127,38,0.10200074635786516,0.03153610244788188,0.07046464390998328,0.6908247873281353
128,0,0.0774236299158496,0.026730338628043103,0.050693291287806495,0.6547521905509229
128,1,0.09533923636379948,0.02923531767868216,0.06610391868511732,0.6933548159844201
128,2,0.0743876889191704,0.0013698899579087966,0.0730177989612616,0.9815844533173048
128,3,0.10129225465809635,0.042877973653004726,0.05841428100509163,0.5766905001992918
128,4,0.11179935894669309,0.04531003977662932,0.06648931917006376,0.5947200395108387
128,5,0.0693995235158138,0.03297517392216226,0.03642434959365154,0.5248501394300159
128,6,0.08754377648776791,0.024826785607648352,0.06271699088011956,0.7164071895948276
128,7,0.0856855371673156,0.008747087288288408,0.07693844987902719,0.8979164094961763
128,8,0.10769120854993351,0.0046901641085047505,0.10300104444142877,0.9564480316298982
128,9,0.11281052738890143,0.022038091951885726,0.09077243543701571,0.8046450764660296
128,10,0.10610603810955793,0.01479707661403653,0.0913089614955214,0.860544443297769
128,11,0.09308902647775577,0.019978575190727852,0.07311045128702792,0.7853820590174304
128,12,0.10683277208616074,0.028674831846040354,0.07815794024012038,0.7315914275545141
128,13,0.08762102617495618,0.024827270395961144,0.06279375577899504,0.7166516819103717
128,14,0.11143999177023284,0.0505665524077483,0.06087343936248454,0.5462441121495548
128,15,0.11109010596974189,0.019536344173410963,0.09155376179633093,0.8241396566969504
128,16,0.09423028041271048,0.01443195004510411,0.07979833036760636,0.8468438172751376
128,17,0.09240791494108638,0.03597682519666984,0.056431089744416546,0.6106737694535532
128,18,0.08973445821124923,0.015249821500977265,0.07448463671027196,0.8300561255401269
128,19,0.12499082100711008,0.01268253549124098,0.1123082855158691,0.8985322650971344
128,20,0.1210349106026272,0.037178107182673684,0.08385680341995351,0.6928315392842808
128,21,0.08639170981525345,0.0042222588561141375,0.0821694509591393,0.9511265737749219
128,22,0.11227177556331018,0.0012847382831416912,0.11098703728016848,0.9885568899512306
128,23,0.12500577079903985,0.06662073729155163,0.05838503350748822,0.46705870564446506
128,24,0.1220002348365621,0.029738528791259627,0.09226170604530247,0.7562420364919877
128,25,0.12123586737424123,0.08715896192053092,0.03407690545371031,0.2810794048968925
128,26,0.10699730611602042,0.006064413161733704,0.10093289295428672,0.9433218145215929
128,27,0.08421740924507444,0.019377705811532878,0.06483970343354156,0.7699085499633057
128,28,0.1235118026296869,0.018908506859591414,0.10460329577009549,0.8469093118470394
128,29,0.12646104383082218,0.00997625440163498,0.1164847894291872,0.9211120349838242
128,30,0.11438519264406248,0.038480101449617055,0.07590509119444543,0.6635919338846828
128,31,0.09707594682098607,0.054382762132243155,0.04269318468874291,0.4397915867611545
128,32,0.11416894677035447,0.022245627028547856,0.09192331974180662,0.8051516839049597
128,33,0.09591088615088694,0.04427853455492406,0.05163235159596288,0.5383367172182614
128,34,0.11312891795952162,0.00802467201980192,0.1051042459397197,0.92906612946945
128,35,0.13454593199052403,0.01882511965093025,0.11572081233959378,0.8600840666646384
128,36,0.10235274194536587,0.03952417917851488,0.06282856276685098,0.6138434747589643
128,37,0.11051188968884625,0.01058761604852021,0.09992427364032604,0.9041947786945788
128,38,0.09152257050328187,0.02767602420610766,0.0638465462971742,0.6976043826794043
129,0,0.0863810222319116,0.016038669811310746,0.07034235242060086,0.8143264643447852
129,1,0.08208440565386324,0.019433955014812435,0.06265045063905081,0.7632442501105228
129,2,0.09281905143578942,0.006261102001554343,0.08655794943423507,0.932545076633479
129,3,0.09113126016567905,0.055501898631625066,0.03562936153405398,0.39096750631209154
129,4,0.08840370306627343,0.02517844219933539,0.06322526086693804,0.7151879239667153
129,5,0.12692997770735953,0.009775994487801268,0.11715398321955826,0.922981200624331
129,6,0.09138543243161734,0.0013073476477927764,0.09007808478382456,0.9856941351262845
129,7,0.09062266750807502,0.01284591733881917,0.07777675016925585,0.8582482982232396
129,8,0.08417334320060854,0.03281868584567468,0.05135465735493386,0.6101059480617443
129,9,0.0802694204008283,0.020795902844377073,0.05947351755645122,0.7409237198857053
129,10,0.09769035293707898,0.05081805609101406,0.04687229684606492,0.47980476512614023
129,11,0.10664758778138808,0.031191664646323124,0.07545592313506495,0.7075258306801888
129,12,0.11139657033691402,0.001607448989451735,0.10978912134746228,0.9855700316033961
129,13,0.10794999294970106,0.0010063306983357778,0.10694366225136528,0.9906778067247798
129,14,0.07751017213373024,0.03472421357689799,0.042785958556832246,0.5520044321797217
129,15,0.08410822662825648,0.010650950336686036,0.07345727629157045,0.8733661288120916
129,16,0.08480953326462655,0.00491438847578418,0.07989514478884237,0.9420538200528698
129,17,0.09179850902409104,0.0027434935708569447,0.08905501545323409,0.9701139637231259
129,18,0.09093684077170822,0.0003225169631911112,0.09061432380851711,0.996453396000409
129,19,0.09409006346221793,0.04005161040729195,0.05403845305492598,0.574326884970433
129,20,0.11682442056559789,0.006006890735858844,0.11081752982973904,0.9485818914677524
129,21,0.12348556435260923,0.0030048681907333744,0.12048069616187584,0.9756662391552662
129,22,0.1115880705877845,0.055196370205587965,0.056391700382196534,0.5053559944638895
129,23,0.11992028148735204,0.0255618457804767,0.09435843570687534,0.7868430138468888
129,24,0.1044995305444797,0.021532892124416596,0.0829666384200631,0.7939426903429846
129,25,0.11219861668643395,0.002884602806065322,0.10931401388036863,0.9742902105992355
129,26,0.11143012827163351,0.011863028693893461,0.09956709957774004,0.8935384094239313
129,27,0.10766631565531612,0.01968317198683505,0.08798314366848106,0.8171835651008164
129,28,0.11646727648509002,0.047958363948402916,0.0685089125366871,0.588224560616883
129,29,0.12830849008112305,0.015227233496038437,0.11308125658508461,0.8813232586057944
129,30,0.07301810304459462,0.014429904903652304,0.058588198140942314,0.8023790772154205
129,31,0.08459293763454032,0.0019099212957171333,0.08268301633882319,0.9774222133770978
129,32,0.07845994363192851,0.020131398757371785,0.05832854487455673,0.7434181338210966
129,33,0.14226598608827368,0.011058380689356103,0.13120760539891757,0.9222696795388986
129,34,0.10060119816892886,0.06657870579644593,0.034022492372482935,0.33819172128897107
129,35,0.09221228974666595,0.02440061876238416,0.06781167098428179,0.7353864779909512
129,36,0.10844647673450779,0.05157224802375765,0.05687422871075014,0.5244451495642983
129,37,0.15091047804240654,0.016504277681316157,0.13440620036109038,0.8906353097849284
129,38,0.10179470376319198,0.014968775337230695,0.08682592842596129,0.8529513345600671
130,0,0.10991968473970087,0.015474498046008735,0.09444518669369215,0.8592199560738037
130,1,0.09223870425455641,0.02733269969174451,0.0649060045628119,0.703674288221646
130,2,0.08367209412429821,0.012848890427224726,0.07082320369707348,0.8464375660523424
130,3,0.1083616747931592,0.025629714410109333,0.08273196038304986,0.7634798976757111
130,4,0.1157677820358693,0.05377215598187902,0.061995626053990276,0.5355170926120159
130,5,0.11496740603675532,0.042250169530769495,0.07271723650598583,0.6325030633703085
130,6,0.14346670301120634,0.031171209195348923,0.11229549381585742,0.7827286154828964
130,7,0.11565503207815153,0.00040731703599159504,0.11524771504215994,0.9964781728155473
130,8,0.09008306938837202,0.0006153428317607571,0.08946772655661125,0.9931691622417098
130,9,0.1131741455068466,0.03398563528744708,0.07918851021939952,0.6997049535011415
130,10,0.08515795533764364,0.004565780250868407,0.08059217508677524,0.946384571673128
130,11,0.12804000873103388,0.0004040508865421656,0.12763595784449172,0.9968443388082632
130,12,0.0938178764653945,0.022580326527058818,0.07123754993833567,0.7593174416456999
130,13,0.11367601708014488,0.01928729815962485,0.09438871892052003,0.8303309822508406
130,14,0.11180077632303279,0.015547864817548069,0.09625291150548472,0.8609324073687585
130,15,0.07263141667498137,0.04529513701528547,0.0273362796596959,0.37636990865844094
130,16,0.11633975682475588,0.049746376150164355,0.06659338067459153,0.5724043310052815
130,17,0.12172019988837392,0.04708105783272067,0.07463914205565325,0.6132025918795948
130,18,0.0744559504454689,0.00803334901552882,0.06642260142994008,0.892106017484628
130,19,0.08057447279707323,0.030267978621169932,0.0503064941759033,0.6243477919191625
130,20,0.07913377375914896,0.0007601881554161454,0.07837358560373281,0.9903936319563142
130,21,0.09671440394213804,0.026210048991200503,0.07050435495093754,0.728995393417496
130,22,0.07288102659530703,0.016618093376494364,0.056262933218812664,0.7719832698190281
130,23,0.09216212669284951,0.010105751624321074,0.08205637506852843,0.8903481073304579
130,24,0.10040498398281908,0.00813747425656741,0.09226750972625167,0.9189534828474265
130,25,0.07788666835713642,0.01710053066305711,0.06078613769407931,0.780443418318454
130,26,0.08257871593529999,0.015558824300511248,0.06701989163478873,0.8115879603564977
130,27,0.09363734922889218,0.027360174037282334,0.06627717519160985,0.7078070421408272
130,28,0.11629594114383848,0.0030519067495648373,0.11324403439427365,0.9737574095918778
130,29,0.07167258233427759,0.02214424087390568,0.04952834146037191,0.6910360956352044
130,30,0.12881823982567733,0.040192112196055854,0.08862612762962148,0.6879936238032313
130,31,0.0975013497688581,0.040333578468497465,0.05716777130036064,0.5863279989034573
130,32,0.10787737821851234,0.01819854532679813,0.08967883289171422,0.8313034147906724
130,33,0.09167000611750381,0.007133882369808248,0.08453612374769556,0.9221786637532897
130,34,0.10640488057731368,0.0357343733182296,0.07067050725908408,0.6641660314419033
130,35,0.0848208146552513,0.03141586922031815,0.053404945434933154,0.6296207558485979
130,36,0.10615468232795676,0.010987258766424451,0.09516742356153231,0.8964976529958409
130,37,0.09372993686432222,0.0010301428030870478,0.09269979406123517,0.9890094580499054
130,38,0.0872262536304811,0.04819161648924643,0.039034637141234674,0.4475101877767002
131,0,0.09530759582048853,0.009139062025045256,0.08616853379544327,0.9041098251784816
131,1,0.1272201946969955,0.012172019517224873,0.11504817517977062,0.9043232126297607
131,2,0.07893859988672133,0.02193541628375962,0.057003183602961714,0.7221205301938793
131,3,0.09432099831921581,0.007418489879955054,0.08690250843926076,0.9213484800611604
131,4,0.07573530097077512,0.002319324447333548,0.07341597652344158,0.9693759129810743
131,5,0.10764213216018108,0.005854333730472214,0.10178779842970886,0.9456129898861494
131,6,0.05732700364799831,0.011243976525005583,0.046083027122992726,0.8038624765032841
131,7,0.07805324761360452,0.007955047658464822,0.0700981999551397,0.8980817851699707
131,8,0.08850645074340338,0.008444511704015617,0.08006193903938777,0.9045887431584189
131,9,0.08534821157480973,0.023014707769556178,0.06233350380525356,0.7303434091365436
131,10,0.07895541762519825,0.015134621476985315,0.06382079614821294,0.808314338240481
131,11,0.09093294886366293,0.002744071683700608,0.08818887717996232,0.9698231310213546
131,12,0.10105727073332826,0.05022721602129894,0.050830054712029324,0.5029826586763914
131,13,0.08673741097363835,0.00140587321442057,0.08533153775921778,0.9837916165742157
131,14,0.0964135256030469,0.023922739962961324,0.07249078564008558,0.7518736109552112
131,15,0.08450375974676944,0.02683902660531583,0.05766473314145361,0.6823925150106487
131,16,0.11490438089188405,0.015910216213042637,0.09899416467884142,0.8615351643727763
131,17,0.11639096976712046,0.00020825723720814884,0.11618271252991232,0.9982107096656654
131,18,0.08782803729799164,0.0018682821560749817,0.08595975514191666,0.9787279527864651
131,19,0.08380162449925138,0.007102093518599543,0.07669953098065184,0.915251123578601
131,20,0.08394923005147333,0.037472027774044854,0.04647720227742847,0.5536346461895011
131,21,0.07622963170231159,0.018052629224699256,0.05817700247761233,0.763180946548482
131,22,0.0775057927627398,0.056799181869166965,0.02070661089357284,0.2671621069274109
131,23,0.11007196600017924,0.0243898874152677,0.08568207858491153,0.778418717303296
131,24,0.0907254228720207,0.0314037647769322,0.059321658095088506,0.6538592625660059
131,25,0.05800690244657193,0.02903203153575653,0.028974870910815402,0.4995072946276197
131,26,0.10017859168129492,0.029648083444026398,0.07053050823726853,0.7040477117271933
131,27,0.09378269051398685,0.041492595149300426,0.05229009536468643,0.5575665944120874
131,28,0.09439475854333693,0.020598130818560996,0.07379662772477594,0.7817873456490243
131,29,0.07669457940458306,0.020494479082842028,0.05620010032174103,0.7327779975853504
131,30,0.0983822024823396,0.03236755992855471,0.06601464255378489,0.671001877251478
131,31,0.09994063125428569,0.06015682382367075,0.039783807430614944,0.3980744060880536
131,32,0.07371134162346582,0.020186692212972666,0.053524649410493154,0.726138586432318
131,33,0.10271519222351394,0.05788657625610566,0.04482861596740828,0.4364360811384039
131,34,0.08777917448289174,0.028419246898732684,0.05935992758415906,0.6762415793250411
131,35,0.11018190284501511,0.010985034856674618,0.09919686798834049,0.9003009153678669
131,36,0.07236890743809504,0.0053269795560441785,0.06704192788205086,0.9263913226740238
131,37,0.11262416377556132,0.018925552336081383,0.09369861143947994,0.8319583320165961
131,38,0.14969170366940898,0.0006003672434736675,0.1490913364259353,0.995989308500359
132,0,0.11484608409644313,0.0028138629069594297,0.11203222118948371,0.9754988345567233
132,1,0.08248152336479343,0.02526198792191818,0.05721953544287525,0.6937254927968383
132,2,0.11968919444461747,0.0070774510371122284,0.11261174340750524,0.9408680869651345
132,3,0.10268200790295276,0.012956509171322832,0.08972549873162992,0.8738190902580679
132,4,0.08925818933998086,0.00756114230843475,0.08169704703154612,0.9152890915181502
132,5,0.08847346782625924,0.026310867145047337,0.062162600681211905,0.7026129099323246
132,6,0.08225739040418703,0.0056546451407472,0.07660274526343983,0.9312566917943537
132,7,0.08112976418709948,0.018291277014307324,0.06283848717279215,0.7745429535315247
132,8,0.08814702907588103,0.03418999329776819,0.05395703577811284,0.6121254039278412
132,9,0.08864236435794354,0.025070571348097606,0.06357179300984593,0.7171716759848481
132,10,0.09662130867881388,0.0034817104896759654,0.09313959818913792,0.9639653971025193
132,11,0.09475343789207176,0.0324289189418519,0.06232451895021986,0.6577546982644594
132,12,0.07343099882050043,0.030645266436980186,0.04278573238352024,0.5826658096822094
132,13,0.09105117673656185,0.007633796590866968,0.08341738014569489,0.9161592758657715
132,14,0.09551884124528778,0.01640026107666484,0.07911858016862294,0.8283033916361091
132,15,0.09258446745846595,0.05304283700369994,0.03954163045476601,0.427087086421971
132,16,0.10626460206573018,0.02880150146702869,0.0774631005987015,0.7289642937804118
132,17,0.07885679214064667,0.0006825394059930701,0.0781742527346536,0.9913445704870202
132,18,0.1328193089085105,0.01582419439295022,0.1169951145155603,0.8808592325694877
132,19,0.09727432271769788,0.02064396389652203,0.07663035882117586,0.7877758146265036
132,20,0.07153063866644037,0.02512782932596707,0.0464028093404733,0.6487123588656541
132,21,0.11302361137810277,0.01586045001738826,0.09716316136071451,0.8596713569492165
132,22,0.06312411368441054,0.03279769614267366,0.03032641754173688,0.48042524118998364
132,23,0.08762293323580617,0.01694517383867063,0.07067775939713554,0.8066125703294059
132,24,0.06609093042578365,0.013095319342189268,0.05299561108359438,0.8018590560334966
132,25,0.10083795493689382,0.026183743354580638,0.07465421158231318,0.7403384135371757
132,26,0.10335701599068103,0.002964444094962042,0.10039257189571898,0.9713184047880278
132,27,0.12239959402509741,0.006988668218373729,0.11541092580672369,0.9429028480524149
132,28,0.10674578575194354,0.008607972867447751,0.0981378128844958,0.919360068345452
132,29,0.09263801389106638,0.0010966194165861719,0.0915413944744802,0.9881623172764078
132,30,0.0746362439234809,0.02484818924721461,0.049788054676266284,0.6670761021590308
132,31,0.12392161746685484,0.00714352360478674,0.11677809386206811,0.9423544999588357
132,32,0.05632908117363889,0.0137786086804708,0.04255047249316809,0.7553908497460283
132,33,0.0945288885009514,0.02498200337960327,0.06954688512134813,0.7357209655612121
132,34,0.09511048433038702,0.04243608131045212,0.052674403019934896,0.5538233076067499
132,35,0.1240427824835614,0.014666744139037877,0.10937603834452353,0.8817606002914231
132,36,0.1256094485153264,0.026874955991151958,0.09873449252417445,0.7860435157640806
132,37,0.11227577765274427,0.014100919938395936,0.09817485771434833,0.8744081739339324
132,38,0.0981874522055109,0.012197024141510143,0.08599042806400076,0.8757781787027002
133,0,0.08279582443106978,0.005220933980516672,0.0775748904505531,0.936942061796084
133,1,0.11617749680722403,0.014140117504526642,0.10203737930269739,0.8782886712734941
133,2,0.07561161385714944,0.01849669848159779,0.057114915375551654,0.7553722564824102
133,3,0.10418024874305232,0.009331655905200725,0.09484859283785159,0.9104277824464011
133,4,0.12604175810527668,0.0009767577169377878,0.1250650003883389,0.9922505229090668
133,5,0.07449001525776397,0.004214075720457542,0.07027593953730643,0.9434276432099628
133,6,0.07119831428165255,0.03944412819695971,0.03175418608469284,0.44599631894481157
133,7,0.11665251992598169,0.04441631480715224,0.07223620511882944,0.6192425604235959
133,8,0.11908107320499245,0.029638351240805993,0.08944272196418646,0.7511077920016309
133,9,0.08208609965945203,0.01812740845352561,0.06395869120592643,0.7791659181185341
133,10,0.07393322999118658,0.007762683316577659,0.06617054667460892,0.8950041366040273
133,11,0.09811353483925739,0.008607978632113787,0.0895055562071436,0.9122651258440895
133,12,0.09730778840163051,0.02811688590488626,0.06919090249674426,0.7110520507481277
133,13,0.13526336306327,0.008997359705628198,0.1262660033576418,0.9334826555996567
133,14,0.09727852441987422,0.014904281500056913,0.0823742429198173,0.8467875454635089
133,15,0.0836506876456603,0.023569707393014245,0.06008098025264606,0.7182365374824625
133,16,0.11256671367127138,0.04599134175369114,0.06657537191758024,0.5914303593511695
133,17,0.10969815624014764,0.0017255866284472607,0.10797256961170038,0.98426968430837
133,18,0.11832385698571982,0.024223503284634712,0.0941003537010851,0.7952779439267418
133,19,0.140475843437034,0.03135106423128203,0.10912477920575198,0.7768223812421199
133,20,0.11446150933918915,0.02265556816379284,0.09180594117539631,0.8020682385319895
133,21,0.10767702162640498,0.04041946411359603,0.06725755751280896,0.6246231228995639
133,22,0.13453120397885032,0.012177339640051889,0.12235386433879844,0.9094831587029706
133,23,0.10012005335239522,0.012636541994403118,0.08748351135799211,0.8737861040692223
133,24,0.07477406702682246,0.014630776297204117,0.06014329072961834,0.8043335493312693
133,25,0.09011534730220165,0.026711144451451348,0.0634042028507503,0.7035893967996862
133,26,0.05902130722906902,0.0037394482474080917,0.05528185898166093,0.9366424021600398
133,27,0.0797322573596142,0.024212107322439856,0.055520150037174344,0.6963323487351342
133,28,0.10635291770766556,0.0006448674886900992,0.10570805021897546,0.9939365322307127
133,29,0.12011853068415254,0.033112587360090574,0.08700594332406197,0.7243340626005579
133,30,0.07608203692180784,0.008094090227541024,0.06798794669426682,0.8936136497520485
133,31,0.08323747671263583,0.017691621607055466,0.06554585510558036,0.7874560557844277
133,32,0.09475642407459241,0.004079948444514216,0.09067647563007819,0.9569427773962589
133,33,0.0966115413781573,0.034951827178062486,0.06165971420009482,0.6382230665252105
133,34,0.09221069950741151,0.021586604337699787,0.07062409516971171,0.7658991369438125
133,35,0.08304102081686596,0.022314893237197785,0.06072612757966817,0.7312786738687882
133,36,0.08340824417591863,0.003877990258037225,0.0795302539178814,0.9535059118393854
133,37,0.12464131983769478,0.042473952647353305,0.08216736719034147,0.6592305609194289
133,38,0.10803627978650554,0.007769656135591413,0.10026662365091413,0.9280828981621237
134,0,0.08259394565622546,0.0016079634782266393,0.08098598217799882,0.980531702833046
134,1,0.11707400316681765,0.016476257680999362,0.10059774548581829,0.8592662996453406
134,2,0.1207445186829342,0.013286020708942295,0.10745849797399191,0.8899658481075207
134,3,0.10441275600227994,0.023301819377353983,0.08111093662492595,0.7768297642019413
134,4,0.1204279133557504,0.057425356433197405,0.063002556922553,0.5231557632028392
134,5,0.12069636586807903,0.015002860323400941,0.10569350554467809,0.8756974974723013
134,6,0.1012348083508201,0.019599635528430637,0.08163517282238947,0.8063943040173508
134,7,0.07955191610938472,0.022153153074563194,0.057398763034821526,0.7215258392506552
134,8,0.09613444177387767,0.02330476713919722,0.07282967463468046,0.7575815003532922
134,9,0.08863665008066386,0.008979440799986933,0.07965720928067693,0.8986938157995008
134,10,0.11096073143772314,0.0060327994726095315,0.10492793196511362,0.9456312211136113
134,11,0.08311804746484541,0.03568773865939973,0.04743030880544568,0.5706379089993208
134,12,0.11398762813491667,0.019111916185014878,0.0948757119499018,0.8323334163739783
134,13,0.11102609168027615,0.023803845543142174,0.08722224613713397,0.785601337641511
134,14,0.12243466416903222,0.013086012148635036,0.10934865202039717,0.893118405335203
134,15,0.07673955796813746,0.010581577533406453,0.066157980434731,0.8621105227397848
134,16,0.11469761919700566,0.03625677422807571,0.07844084496892995,0.6838925299242633
134,17,0.06721468260000829,0.026954180444865257,0.040260502155143034,0.5989837428041067
134,18,0.10639351964107727,0.025287749825136062,0.0811057698159412,0.7623187022062501
134,19,0.10215000900787607,0.002433570388410227,0.09971643861946584,0.9761765034379724
134,20,0.09416016504199634,0.018514697876766937,0.07564546716522941,0.8033701632902917
134,21,0.10680994389399104,0.004017942199528175,0.10279200169446287,0.9623823208491151
134,22,0.09351580135720103,0.026768571520364246,0.06674722983683679,0.713753492651828
134,23,0.13109534290771285,0.06052690229415354,0.07056844061355931,0.5382986080843265
134,24,0.08493784940435521,0.02189729819771753,0.06304055120663768,0.7421962252249497
134,25,0.10681931643005207,0.008520689936163143,0.09829862649388893,0.9202326861757938
134,26,0.09741155087841516,0.009431077105630084,0.08798047377278508,0.9031831746791349
134,27,0.09459971908472159,0.01658145113899287,0.07801826794572872,0.824719869155818
134,28,0.08498356280863811,0.006668559661758132,0.07831500314687997,0.9215311827208977
134,29,0.07485815042286365,0.0067357590535377454,0.0681223913693259,0.9100196970471706
134,30,0.11683802354672512,0.07321587720011385,0.04362214634661127,0.37335573662084565
134,31,0.0880008481579932,0.030615134406042487,0.05738571375195071,0.6521040984619
134,32,0.09611134513347883,0.01488180113023857,0.08122954400324026,0.8451608276882316
134,33,0.06183872190281815,0.019006103823917653,0.0428326180789005,0.6926504423266308
134,34,0.10967523761063908,0.01361854840161054,0.09605668920902853,0.8758284121529957
134,35,0.10803475498334639,0.029157642067654404,0.07887711291569198,0.7301086851897884
134,36,0.07073549558292402,0.012910660414647229,0.05782483516827679,0.817479748911748
134,37,0.09580737194344882,0.0014634995725502243,0.0943438723708986,0.9847245619740612
134,38,0.08925090207160599,0.02559018158140489,0.0636607204902011,0.7132781743665304
135,0,0.11751643653779734,0.05009674106577059,0.06741969547202675,0.5737043894310244
135,1,0.07633255344275447,0.022241927800509608,0.05409062564224486,0.7086180561588323
135,2,0.09746164750844236,0.013455767618984541,0.08400587988945782,0.8619378189988122
135,3,0.059240948149794914,0.003112613545225875,0.056128334604569036,0.9474584110747954
135,4,0.0630996246678371,0.044191409838165524,0.018908214829671574,0.2996565340793445
135,5,0.04682236866753424,0.006347810188289813,0.04047455847924443,0.8644278286439775
135,6,0.11256004112240185,0.09089499544941979,0.021665045672982067,0.19247545982523864
135,7,0.08615621598993024,0.0054383393455756344,0.0807178766443546,0.9368781546045237
135,8,0.057382848755987065,0.019633097706453027,0.03774975104953404,0.6578577374235957
135,9,0.10595635263066322,0.021061332735173487,0.08489501989548973,0.8012263331809097
135,10,0.09810982345022276,0.0017065339385761331,0.09640328951164663,0.9826058810569366
135,11,0.08276259961869536,0.018017661887018484,0.06474493773167689,0.7822970524122053
135,12,0.07595717825721525,0.014817077012726443,0.061140101244488806,0.8049285485230758
135,13,0.08123914487309528,0.03662547395674355,0.044613670916351725,0.5491647036172441
135,14,0.10246358857799201,0.00023345981012653193,0.10223012876786548,0.9977215339286226
135,15,0.09786015582244507,0.05510122864278501,0.04275892717966007,0.4369390874181802
135,16,0.09199005338717672,0.0067432992810654395,0.08524675410611128,0.9266953433249616
135,17,0.061954091893185056,0.009682476483805998,0.05227161540937906,0.8437153029294734
135,18,0.11469255167502367,0.005066757868752089,0.10962579380627158,0.9558231306675561
135,19,0.139454319599833,0.002766401567594415,0.1366879180322386,0.9801626684958009
135,20,0.08928286820694306,0.030420278734102295,0.058862589472840766,0.6592820174236218
135,21,0.09773650225533417,0.016584544447261935,0.08115195780807224,0.8303137101843975
135,22,0.06695673954881287,0.002297651934601977,0.0646590876142109,0.9656845307868234
135,23,0.1035949103895347,0.02763426616743036,0.07596064422210433,0.7332468741608948
135,24,0.091659805596113,0.07530500835469284,0.016354797241420166,0.17842932499208486
135,25,0.09394397837936924,0.05286276456321991,0.041081213816149334,0.43729480616898225
135,26,0.10264418507488983,0.059662608471119455,0.042981576603770374,0.41874341515216623
135,27,0.08519235985249154,0.04708024368812709,0.038112116164364454,0.44736542373464755
135,28,0.1221922800663082,0.010161829619898421,0.11203045044640977,0.9168373843717127
135,29,0.1144518075784342,0.04210190924676459,0.07234989833166962,0.632142906804578
135,30,0.09770004297750992,0.0010659317961553838,0.09663411118135454,0.989089751000409
135,31,0.07975092409967675,0.03864949193597601,0.04110143216370074,0.5153724878765051
135,32,0.11456344089231385,0.022318050828536492,0.09224539006377735,0.8051904634261572
135,33,0.10696979548604287,0.07434359778952833,0.032626197696514536,0.3050038335426332
135,34,0.08793151277985145,0.06155864256367096,0.02637287021618049,0.2999251278913917
135,35,0.1312969093971958,0.012901606768695211,0.11839530262850058,0.90173716328946
135,36,0.09739044662672977,0.023474312564875574,0.0739161340618542,0.7589669892895551
135,37,0.11568735379540614,0.006047429363874743,0.1096399244315314,0.947726098268531
135,38,0.10321574302016667,0.029319184382737062,0.07389655863742961,0.7159427086911677
136,0,0.11776610229113803,0.005729979342167445,0.11203612294897058,0.9513444086991862
136,1,0.12654800732105134,0.08405916236174088,0.04248884495931046,0.33575277761202976
136,2,0.10940100561255003,0.048159473434677455,0.06124153217787258,0.5597894812298435
136,3,0.09064962507564969,0.008133440940722207,0.08251618413492748,0.9102760664047466
136,4,0.1183499086864432,0.002866772355786116,0.11548313633065709,0.9757771477172715
136,5,0.08154668420565689,0.034931834024075833,0.046614850181581055,0.5716339129623051
136,6,0.13726279539832015,0.03367433355357098,0.10358846184474917,0.7546725355851007
136,7,0.11174305210457594,0.041660065306200686,0.07008298679837525,0.6271798154643864
136,8,0.1070168497566393,0.04180550295974281,0.0652113467968965,0.6093558812952331
136,9,0.0892948728497075,0.015619976439515017,0.07367489641019248,0.8250742070510022
136,10,0.0882222798068792,0.03724301758328407,0.05097926222359513,0.5778502021846411
136,11,0.10521711119710349,0.03708242108819052,0.06813469010891296,0.6475628282673155
136,12,0.08100068374655123,0.024267418530616293,0.056733265215934935,0.7004047693406104
136,13,0.09686570985411425,0.03236406533115256,0.06450164452296168,0.6658872847791562
136,14,0.09305752920386348,0.018905297459156825,0.07415223174470666,0.7968429032997372
136,15,0.11729042781551244,0.03984351749737364,0.0774469103181388,0.6603003481235145
136,16,0.07213417168532991,0.04085079522445124,0.03128337646087868,0.4336831730368486
136,17,0.06582652759651741,0.013169651088775113,0.0526568765077423,0.7999339845252317
136,18,0.08676497137131062,0.012261267173756456,0.07450370419755416,0.8586841327788333
136,19,0.0877434782646967,0.03739526113545665,0.05034821712924004,0.5738115028601218
136,20,0.09086392934160548,0.03379026514009648,0.05707366420150899,0.6281223431020572
136,21,0.08114659257434925,0.0037824052956454395,0.07736418727870381,0.95338799602485
136,22,0.09907208401460825,0.022401330175890556,0.07667075383871769,0.7738885741760769
136,23,0.12490641174137593,0.020752420640631358,0.10415399110074457,0.8338562420350355
136,24,0.13164288687135348,0.04916492972817413,0.08247795714317935,0.6265280191232816
136,25,0.08277525186830048,0.02071534553786391,0.06205990633043657,0.7497398670459735
136,26,0.12678891955767602,0.009415619358409094,0.11737330019926692,0.9257378374131033
136,27,0.0975836406512631,0.014973804880006861,0.08260983577125623,0.846554148010125
136,28,0.07870270526659234,0.0008967287463174534,0.07780597652027489,0.9886061255038193
136,29,0.07859778073396247,0.003422284036096755,0.07517549669786572,0.9564582612366564
136,30,0.11462285538644633,0.013343349099369885,0.10127950628707644,0.8835891057295394
136,31,0.07930610352927525,0.049219469095699464,0.030086634433575787,0.3793735046189671
136,32,0.08544304689680798,0.0077777467545301696,0.07766530014227782,0.908971566007898
136,33,0.06726498742256548,0.010706967126419525,0.056558020296145955,0.8408240670713685
136,34,0.1158922468487556,0.03218268555027652,0.08370956129847908,0.7223051030128329
136,35,0.0927096035914725,0.011681834443257258,0.08102776914821525,0.8739954223649409
136,36,0.09935840464144846,0.03203088814018527,0.0673275165012632,0.6776227611969605
136,37,0.11293966079590367,0.007386052593876008,0.10555360820202767,0.9346017816785943
136,38,0.08199477038784725,0.006823621986951609,0.07517114840089564,0.9167797902881504
137,0,0.1032205654582722,0.03725775271671641,0.0659628127415558,0.6390471942165618
137,1,0.10387503729764179,0.03997971746893543,0.06389531982870636,0.6151171782073279
137,2,0.09336370363160656,0.006923489560143294,0.08644021407146327,0.9258438848199304
137,3,0.11438264506675766,0.011370868586330624,0.10301177648042703,0.9005892145640259
137,4,0.07267071771060396,0.0020682029263570587,0.0706025147842469,0.9715400784316834
137,5,0.09173602690394178,0.05709475611085485,0.03464127079308693,0.3776190441445687
137,6,0.08554896560157846,0.012263163715245887,0.07328580188633257,0.8566532788677036
137,7,0.11978881888677666,0.01583876532386444,0.10395005356291222,0.8677775983513528
137,8,0.10636673091700324,0.002160251226951031,0.10420647969005221,0.9796905366149059
137,9,0.08550112720672863,0.022030348412074532,0.0634707787946541,0.742338503224542
137,10,0.09476543013932404,0.06293534357338594,0.031830086565938095,0.33588289019678946
137,11,0.0958592917406293,0.018480074326161312,0.07737921741446799,0.8072166611019446
137,12,0.09983898175406855,0.04374398595155702,0.05609499580251153,0.5618546465216288
137,13,0.10122402453239203,0.027313642455982973,0.07391038207640906,0.7301664048415452
137,14,0.07290515177157297,0.019146974113326803,0.05375817765824617,0.737371452523434
137,15,0.07146506396434739,0.006636899326992999,0.06482816463735439,0.9071308558500132
137,16,0.09914338440222686,0.04714308839349246,0.052000296008734403,0.5244958735498485
137,17,0.08058751421643895,0.01764557776107787,0.06294193645536109,0.7810383167585239
137,18,0.1001176293720396,0.031114804516600866,0.06900282485543872,0.6892175263062065
137,19,0.12449094315062724,0.006170309481965494,0.11832063366866175,0.9504356756740147
137,20,0.10798439741542687,0.018621319928456948,0.08936307748696992,0.827555458249965
137,21,0.09303512628292032,0.006178850677329307,0.08685627560559102,0.933585830167636
137,22,0.07631259315819475,0.019366659652494574,0.05694593350570017,0.746219347934517
137,23,0.10094280731715174,0.01995899637086914,0.0809838109462826,0.8022742095119262
137,24,0.07476431302723299,0.004657783147506223,0.07010652987972676,0.9377004487982171
137,25,0.07787515802632325,0.000511441406731046,0.07736371661959221,0.9934325474298471
137,26,0.09565108118185595,0.013527996056243045,0.0821230851256129,0.858569334616061
137,27,0.08833437202413039,0.005458797417927399,0.08287557460620298,0.9382030200380411
137,28,0.09491855824715001,0.023068126343066347,0.07185043190408366,0.7569692716675984
137,29,0.08963451887971316,0.012013251608180422,0.07762126727153273,0.8659751649439671
137,30,0.09359318097935924,0.010429973491888164,0.08316320748747108,0.8885605405997649
137,31,0.05911305735007164,0.00835412399166021,0.05075893335841143,0.858675487850569
137,32,0.10769927291418768,0.008774111523655134,0.09892516139053255,0.9185313764314255
137,33,0.08041861289793517,0.00676401104661117,0.073654601851324,0.9158899811515544
137,34,0.10764146871275959,0.04317940974761674,0.06446205896514284,0.5988589689087144
137,35,0.09283405399854162,0.014553982960674032,0.07828007103786759,0.8432258171026047
137,36,0.09025899643275777,0.0014860508338913423,0.08877294559886642,0.983535704000449
137,37,0.12034745611607456,0.021158378774289353,0.0991890773417852,0.8241892312714761
137,38,0.08219255321643217,0.00817692567032928,0.07401562754610289,0.900515005917902
138,0,0.12100871139413974,0.006519218511869526,0.11448949288227021,0.9461260397143173
138,1,0.08968310893026768,0.008318681405114887,0.0813644275251528,0.9072436102590623
138,2,0.07116658982634957,0.008573865856868165,0.06259272396948141,0.8795240030780052
138,3,0.07636840093575355,0.019665433769884097,0.05670296716586945,0.7424925292539772
138,4,0.14264550119619682,0.005981645175393218,0.1366638560208036,0.9580663594348765
138,5,0.10459800885718247,0.0673962367509177,0.03720177210626477,0.355664247462491
138,6,0.07782335390427456,0.004195361211020124,0.07362799269325443,0.946091230966728
138,7,0.11140253678723105,0.018073000342335485,0.09332953644489557,0.8377685027329915
138,8,0.11449138934509726,0.007616907896768032,0.10687448144832923,0.9334717838578295
138,9,0.06947787770863516,0.0142100356900469,0.05526784201858826,0.7954739528798132
138,10,0.0894731781241481,0.014786928606504702,0.0746862495176434,0.8347333925482432
138,11,0.11171365070000618,0.014089218938737443,0.09762443176126873,0.8738809550090492
138,12,0.09374014659129756,0.009376181019124921,0.08436396557217264,0.8999768897310924
138,13,0.08749032458556413,0.020674998770230518,0.06681532581533361,0.763688169312817
138,14,0.07385805464572907,0.025933154424753194,0.04792490022097588,0.6488784527409319
138,15,0.09367305992157585,0.015671743613637858,0.078001316307938,0.8326974305445086
138,16,0.09270407011895777,0.021386936603571577,0.0713171335153862,0.769298839024782
138,17,0.07853344775908443,0.03323704291792631,0.045296404841158114,0.5767785081856209
138,18,0.11511511026411614,0.026086199278602402,0.08902891098551374,0.7733903114999315
138,19,0.08062159490515673,0.016041465568230988,0.06458012933692575,0.8010276826314071
138,20,0.1566235317707746,0.006362209491701862,0.15026132227907274,0.9593789680275296
138,21,0.09459809096048935,0.02243352034281673,0.07216457061767262,0.7628544073665661
138,22,0.0846989107218097,0.019733697086569427,0.06496521363524027,0.7670135670175973
138,23,0.10530133291391414,0.010346344391261473,0.09495498852265266,0.9017453615737248
138,24,0.08373176880361849,0.01911970160352446,0.06461206720009403,0.7716553480630856
138,25,0.09862723571003501,0.004727159643387789,0.09390007606664721,0.9520704437333548
138,26,0.10037614933622947,0.002738264470870229,0.09763788486535924,0.9727199689470266
138,27,0.1190936480472461,0.042822964216502016,0.07627068383074409,0.6404261275167795
138,28,0.10105696143405463,0.010179436788316606,0.09087752464573802,0.8992703061336427
138,29,0.10627287814156652,0.00160544774952057,0.10466743039204596,0.9848931563951628
138,30,0.11611425075576767,0.06279912017235889,0.05331513058340878,0.45916095773249
138,31,0.09857440220716407,0.016526366149349807,0.08204803605781426,0.8323462706411551
138,32,0.13248885485321413,0.027665444308739805,0.10482341054447432,0.7911866297026217
138,33,0.08934412388650019,0.02230124022292463,0.06704288366357555,0.7503894016437456
138,34,0.10556474012731062,0.01010446991579165,0.09546027021151897,0.904281771511911
138,35,0.07870681572817226,0.055700523351988926,0.023006292376183332,0.292303686324188
138,36,0.11820862571990925,0.03210597797086863,0.08610264774904063,0.7283956413896352
138,37,0.10802990357664038,0.001528021463943225,0.10650188211269716,0.9858555694918381
138,38,0.07856031604365882,0.0049606260219049875,0.07359969002175383,0.9368558291039946
139,0,0.08297576404220139,0.03588329918580418,0.04709246485639721,0.567544817453516
139,1,0.11447095335345786,0.009385771019352139,0.10508518233410571,0.9180074006165457
139,2,0.10289226459793493,0.029384790103649673,0.07350747449428527,0.7144120579085843
139,3,0.13334266363888753,0.02464688989162852,0.108695773747259,0.8151612603271815
139,4,0.11837240728262358,0.039968423784124726,0.07840398349849885,0.662350165028773
139,5,0.10789552755469817,0.03106904734011496,0.07682648021458321,0.7120450861657417
139,6,0.08981754507589743,0.0269256820076806,0.06289186306821683,0.7002180143653679
139,7,0.11498711954176406,0.01933432287370279,0.09565279666806127,0.8318566205436563
139,8,0.08574469432621097,0.02649912832721839,0.05924556599899258,0.690953142518604
139,9,0.09464150810710797,0.007492798395411235,0.08714870971169673,0.9208296809162058
139,10,0.11687408332095782,0.0499080332973007,0.06696605002365712,0.5729760449949881
139,11,0.10328322317794636,0.01324727890802249,0.09003594426992387,0.871738327867646
139,12,0.09644670854680382,0.017514321856236782,0.07893238669056704,0.8184041516799155
139,13,0.08297910002390815,0.02370357113603699,0.05927552888787116,0.7143428751431691
139,14,0.10072391090193561,0.03190485029993291,0.0688190606020027,0.6832445244208663
139,15,0.07396848609564918,0.01949571698970654,0.05447276910594265,0.7364321210454884
139,16,0.11822217038335686,0.012827412501273873,0.105394757882083,0.8914974030701801
139,17,0.1074629945460163,0.051213167291423764,0.05624982725459253,0.523434392389894
139,18,0.09080923833342885,0.023153806230058138,0.06765543210337072,0.7450280758325145
139,19,0.08257072311921076,0.014966412565974507,0.06760431055323626,0.818744320013198
139,20,0.09800404852089205,0.016501176092362395,0.08150287242852966,0.8316276078243365
139,21,0.07726225587973523,0.02546101020217182,0.05180124567756341,0.6704599171708903
139,22,0.09420015252081668,0.021460503064752175,0.07273964945606451,0.7721818649921002
139,23,0.07744329128371975,0.02495552222625707,0.052487769057462684,0.6777574685606982
139,24,0.07969778346484634,0.006892750241054685,0.07280503322379166,0.9135139028791813
139,25,0.09865640274584611,0.003090220475544697,0.09556618227030142,0.9686769394632645
139,26,0.09136153571626063,0.03572454017002513,0.055636995546235496,0.6089761419841497
139,27,0.11727248996253857,0.05035040790096036,0.06692208206157821,0.5706545676906472
139,28,0.08614320432774128,0.01226325275070047,0.0738799515770408,0.8576410890864521
139,29,0.07384159568736093,0.013460881849979773,0.06038071383738115,0.8177059728371525
139,30,0.07111459556969901,0.0036537720648367605,0.06746082350486225,0.9486213479024047
139,31,0.08542119416017341,0.016480850192814277,0.06894034396735912,0.8070636877083336
139,32,0.08006425787217747,0.05767150033413187,0.0223927575380456,0.2796848198330349
139,33,0.10381945062876051,0.019740404347023073,0.08407904628173743,0.8098583239704169
139,34,0.07322257911246959,0.03342040155051209,0.039802177561957496,0.5435779242468571
139,35,0.06545158922018263,0.035966998806759506,0.02948459041342312,0.450479365966736
139,36,0.1253341087572647,0.03606732988722661,0.08926677887003809,0.7122305312987192
139,37,0.07940569131166841,0.0005710484010309543,0.07883464291063746,0.9928084701285507
139,38,0.11488035915204885,0.006651945175274558,0.1082284139767743,0.9420967585375457
140,0,0.09192635387792165,0.006294415496973509,0.08563193838094815,0.9315276280256639
140,1,0.1079625870792385,0.033608276913235945,0.07435431016600255,0.6887044130521868
140,2,0.10501756665548515,0.018376230452917766,0.08664133620256738,0.825017556222743
140,3,0.14104039418420503,0.07726256239946402,0.063777831784741,0.452195501534435
140,4,0.1136872542099085,0.018140952548585845,0.09554630166132265,0.8404310784470969
140,5,0.10507899817279598,0.011766278392398617,0.09331271978039736,0.8880244521074545
140,6,0.08220374237565381,0.020543470772461138,0.06166027160319267,0.7500908087787318
140,7,0.0848295530755512,0.011346181866025425,0.07348337120952578,0.8662472987931429
140,8,0.09316495275184818,0.026501391110398082,0.0666635616414501,0.7155433419154248
140,9,0.12958151588583366,0.030731796753218864,0.0988497191326148,0.7628381135755907
140,10,0.09366797742440819,0.02751544756568556,0.06615252985872264,0.7062448840865488
140,11,0.08669783704389844,0.011496901454799868,0.07520093558909857,0.867391138616543
140,12,0.09531283232867634,0.03200806027843193,0.0633047720502444,0.6641788991428197
140,13,0.08642366317339253,0.02232587100957934,0.0640977921638132,0.7416694665581722
140,14,0.08420075090787983,0.02339146615456093,0.0608092847533189,0.7221940908798727
140,15,0.0748528198320321,0.009244415456895683,0.06560840437513642,0.8764987681474136
140,16,0.07904045886008967,0.02737858767962589,0.05166187118046378,0.6536129967553831
140,17,0.05576631210444365,0.02623225645921322,0.029534055645230428,0.5296038868397226
140,18,0.1001248816210012,0.0009339069970963395,0.09919097462390486,0.9906725782644976
140,19,0.12989428416908616,0.030341453910878946,0.09955283025820721,0.7664142490566958
140,20,0.08446531720373995,0.007428887044656626,0.07703643015908333,0.912048077357748
140,21,0.06730388369837823,0.000337094692158999,0.06696678900621923,0.9949914525932905
140,22,0.10960693859403704,0.009313014573067362,0.10029392402096968,0.9150326184406904
140,23,0.076394676840645,0.00486793548765734,0.07152674135298767,0.936279127172544
140,24,0.11121367219577726,0.033151606203481634,0.07806206599229562,0.7019106954303017
140,25,0.07758251348013046,0.000848131447845268,0.07673438203228519,0.9890680075986134
140,26,0.0895979691017375,0.038100817103696165,0.05149715199804134,0.5747580276017964
140,27,0.09708101144770756,0.012117165773839676,0.08496384567386789,0.8751850069015139
140,28,0.08836150194957607,0.02416444241465061,0.06419705953492545,0.7265274822010136
140,29,0.12061695233998257,0.0439287992072885,0.07668815313269406,0.6357991281070793
140,30,0.12462184886645469,0.06688673328887426,0.05773511557758043,0.463282450892296
140,31,0.0999451097524957,0.04158136111987268,0.058363748632623016,0.5839580223300084
140,32,0.09173697388448245,0.04153186886304288,0.050205105021439565,0.5472723035824042
140,33,0.1143115735941377,0.007678479897538573,0.10663309369659912,0.9328284997212885
140,34,0.09592146700084808,0.008702187738409825,0.08721927926243826,0.9092779957344389
140,35,0.07565523427337062,0.005561552698146451,0.07009368157522416,0.9264881967313657
140,36,0.09616591307696482,0.006632696229473226,0.08953321684749159,0.9310286148464596
140,37,0.08779038104687309,0.017339547068564998,0.07045083397830809,0.8024892150848844
140,38,0.10463386618382135,0.003832250622186957,0.10080161556163439,0.9633746628892175
141,0,0.10315440107828389,0.04017872727613802,0.06297567380214586,0.6104991463655886
141,1,0.10236809168046056,0.014800741125038751,0.08756735055542181,0.8554164595425019
141,2,0.10544509042594985,0.008567962258252917,0.09687712816769693,0.9187447967122767
141,3,0.07012199411366886,0.029281184659097806,0.04084080945457105,0.5824251002954574
141,4,0.08325114663122295,0.009083550610306504,0.07416759602091644,0.8908897837702602
141,5,0.0916457443459479,0.020943622884364178,0.07070212146158372,0.771471953947961
141,6,0.08115262956621025,0.013657937500532014,0.06749469206567824,0.8317006168063985
141,7,0.07400891600757804,0.029865204323211228,0.044143711684366815,0.5964647783767942
141,8,0.08527346333602509,0.025400883830288837,0.059872579505736254,0.7021244026386596
141,9,0.10885930350563265,0.00854330687226116,0.10031599663337148,0.9215197360525175
141,10,0.06846355392105546,0.014405728106649352,0.054057825814406116,0.7895854468311647
141,11,0.09204389075366123,0.04797753515484468,0.04406635559881655,0.478753725402071
141,12,0.09989529555892132,0.013243305855716044,0.08665198970320528,0.8674281328102711
141,13,0.07934878390320457,0.04777122698511273,0.031577556918091845,0.39795892721698733
141,14,0.11414109489138421,0.06338993207954931,0.05075116281183491,0.44463532490317637
141,15,0.08877154309790736,0.004618999500369637,0.08415254359753772,0.9479675655150517
141,16,0.07438328232090366,0.024813294304799595,0.049569988016104065,0.6664130227844705
141,17,0.08003848162884711,0.014074610569501498,0.0659638710593456,0.8241519543715483
141,18,0.10256801240905292,0.033637481226976906,0.06893053118207601,0.6720470599271554
141,19,0.081448964290139,0.014964818770578127,0.06648414551956086,0.8162675375800952
141,20,0.10985561717597482,0.03417506585464454,0.07568055132133028,0.6889092544088993
141,21,0.059257984679907054,0.015201594210986791,0.044056390468920265,0.7434675800552278
141,22,0.12710538995242926,0.019569971689659776,0.10753541826276948,0.8460335026155533
141,23,0.08331402500382502,0.004668125025018208,0.07864589997880682,0.943969517439544
141,24,0.13310154750628772,0.07316837184992281,0.05993317565636491,0.45028158409302993
141,25,0.11502259773098227,0.06574548557569453,0.04927711215528774,0.4284124435316466
141,26,0.09794665917013776,0.01895232617470064,0.07899433299543712,0.8065035976185815
141,27,0.09744757672095508,0.018882308427920966,0.07856526829303412,0.8062311135556384
141,28,0.07647366534033165,0.024935764989713664,0.051537900350617984,0.6739300401158786
141,29,0.11186405745808906,0.053231666683253756,0.0586323907748353,0.5241396754878348
141,30,0.09485567497947804,0.0039746479256533105,0.09088102705382473,0.9580979427270616
141,31,0.08506424828425216,0.008837272468868283,0.07622697581538387,0.8961106146575527
141,32,0.10148108600020674,0.008759705856452546,0.0927213801437542,0.9136813942212375
141,33,0.129209988297332,0.04607576990544737,0.08313421839188462,0.6434039619335004
141,34,0.1339744912685776,0.07251729140454635,0.06145719986403125,0.45872314410083104
141,35,0.09690799531601721,0.014560614650755886,0.08234738066526132,0.8497480563572315
141,36,0.10216047664965171,0.029423787093120938,0.07273668955653077,0.7119846338028881
141,37,0.10391408452433899,0.003930070332116559,0.09998401419222243,0.9621796183827607
141,38,0.12290530286697966,0.06821117991211074,0.05469412295486892,0.4450102776612034
142,0,0.0922281738192237,0.02317812511485608,0.06905004870436762,0.7486871510620228
142,1,0.08413408657051971,0.06256563568514967,0.021568450885370044,0.25635805610478396
142,2,0.08568589798637172,0.0009674347984776899,0.08471846318789403,0.9887095213890207
142,3,0.0852682508159685,0.03653637109352581,0.048731879722442695,0.5715126000135621
142,4,0.11994783513767684,0.022820519432833933,0.09712731570484291,0.8097463000758588
142,5,0.07943766662348872,0.008827688086746298,0.07060997853674242,0.8888727670138278
142,6,0.09431223712947648,0.004518737878995471,0.08979349925048101,0.9520874701255159
142,7,0.09066500165488812,0.002784320862630616,0.08788068079225751,0.9692900147597306
142,8,0.10934656191357711,0.04243371881632505,0.06691284309725207,0.6119336714961111
142,9,0.0731792688617481,0.008744352992462914,0.06443491586928518,0.8805077841241767
142,10,0.09201197638658568,0.029341725020543618,0.06267025136604205,0.6811097188341526
142,11,0.09254694195023963,0.05406715719801619,0.03847978475222344,0.4157866693522206
142,12,0.10382030075759771,0.02258497455484608,0.08123532620275163,0.7824609022509186
142,13,0.0651438194993082,0.0005858711201601145,0.06455794837914808,0.9910064972446643
142,14,0.11562143310327133,0.009134970855064227,0.1064864622482071,0.9209924093666525
142,15,0.10793133177658247,0.011687560635800186,0.09624377114078228,0.8917129952589355
142,16,0.07071390945449782,0.013340118811149857,0.057373790643347966,0.8113508514228901
142,17,0.07453273585324476,0.02008004652990199,0.05445268932334277,0.7305875559238872
142,18,0.133023150772313,0.032204801440287305,0.10081834933202569,0.7579007770203086
142,19,0.12228491878480098,0.014484082912097492,0.10780083587270349,0.8815546262283838
142,20,0.11721792024537486,0.05351701188832178,0.06370090835705308,0.5434400151760632
142,21,0.12532613604389542,0.028633939378516944,0.09669219666537848,0.7715245974830988
142,22,0.10649361603110466,0.005622080013038357,0.10087153601806631,0.9472073517402559
142,23,0.10753595121615878,0.03446107538021195,0.07307487583594682,0.6795390286645486
142,24,0.08286311550394435,0.026908918084747897,0.05595419741919645,0.6752606039358126
142,25,0.09736833412061767,0.009330773429050835,0.08803756069156683,0.9041703494948153
142,26,0.07098326590318554,0.02355493838905688,0.04742832751412866,0.6681620930039541
142,27,0.08889921645915502,0.019760274769069115,0.06913894169008591,0.7777227341688887
142,28,0.10183039181140882,0.06049760151573893,0.04133279029566989,0.40589837238590565
142,29,0.1272127711945265,0.015511076234844216,0.1117016949596823,0.8780698188617748
142,30,0.05985416389419542,0.003813665609821215,0.056040498284374206,0.936284038374295
142,31,0.09674308388863576,0.010723240637170775,0.08601984325146499,0.8891575479492192
142,32,0.11048162896356475,0.017060854172534532,0.09342077479103023,0.8455774563374608
142,33,0.08213328177291698,0.009069595564062553,0.07306368620885442,0.8895746600125114
142,34,0.09818705177549891,0.030684871773803454,0.06750218000169546,0.687485557220281
142,35,0.08056889477565607,0.023600705285359423,0.056968189490296646,0.7070742331631141
142,36,0.08929922889961993,0.01769253354115026,0.07160669535846967,0.8018736134772428
142,37,0.08623484541572413,0.04276254799448369,0.04347229742124044,0.5041152124952226
142,38,0.09920363370652928,0.026435809324203426,0.07276782438232585,0.733519747851096
143,0,0.08151733652892013,0.004889348353787645,0.07662798817513249,0.9400207543329997
143,1,0.13908674017065525,0.03339143521207672,0.10569530495857854,0.7599236622333199
143,2,0.10152647648894741,0.016060466469525487,0.08546601001942193,0.8418100674332583
143,3,0.09347513926787243,0.0013839910322133182,0.09209114823565911,0.9851940201100188
143,4,0.07817190383001126,0.029937423507917026,0.04823448032209423,0.6170309018823763
143,5,0.08031710502766579,0.03648684134998353,0.04383026367768226,0.5457151831180247
143,6,0.09879446884350523,0.02883061058960549,0.06996385825389975,0.7081758632128036
143,7,0.10372644807989972,0.0018699414732642004,0.10185650660663552,0.9819723753403394
143,8,0.11329399393097808,0.0765691762932561,0.03672481763772198,0.324155026788938
143,9,0.10748737933366068,0.04538986454429626,0.062097514789364414,0.5777191254854419
143,10,0.11287515535755824,0.018735942951444845,0.09413921240611339,0.8340118080715424
143,11,0.11822086559704019,0.015937869143725143,0.10228299645331504,0.8651856500691687
143,12,0.10367776145999755,0.08535365043370102,0.018324111026296525,0.17674099795612
143,13,0.10220901441693804,0.0030970116909163434,0.09911200272602169,0.9696992314368398
143,14,0.09868038680655639,0.034422358020880256,0.06425802878567613,0.6511732560558506
143,15,0.10154032704699198,0.05502763930099875,0.04651268774599323,0.45807108464863977
143,16,0.10422368222125826,0.05205135265151722,0.05217232956974104,0.5005803715415034
143,17,0.11780572765783119,0.02607157819189373,0.09173414946593746,0.7786900627818446
143,18,0.11127664181911949,0.010529892173910475,0.10074674964520902,0.9053719450751683
143,19,0.08631857180586246,0.013254608432537153,0.0730639633733253,0.8464454617906809
143,20,0.11684138061062735,0.014180552780796298,0.10266082782983105,0.8786341559241512
143,21,0.09336267843110173,0.03862937535176484,0.05473330307933689,0.586243925293211
143,22,0.10040229882768573,0.010188630671355487,0.09021366815633024,0.8985219383388661
143,23,0.0943565092618791,0.04219991712791893,0.05215659213396018,0.5527609334211765
143,24,0.10303462508602815,0.003920666842306967,0.09911395824372118,0.9619480651379725
143,25,0.07337804208131252,0.011484795127002425,0.06189324695431009,0.8434845792931384
143,26,0.1156550366660678,0.04885626628861637,0.06679877037745144,0.5775690562471598
143,27,0.11658717070856905,0.040855161158359576,0.07573200955020948,0.6495741262948689
143,28,0.11719619550108899,0.017892357134588463,0.09930383836650053,0.8473298808200459
143,29,0.0619092478570759,0.011145314273936804,0.05076393358313909,0.8199733535825382
143,30,0.1005203277540458,0.006479379567642291,0.09404094818640352,0.935541599272377
143,31,0.10910445970032107,0.0375487646644891,0.07155569503583196,0.6558457393251854
143,32,0.09019994172087542,0.030241766253833575,0.059958175467041845,0.6647252129339838
143,33,0.10584494230153486,0.00908775911034825,0.09675718319118662,0.9141408279626748
143,34,0.10885485005531131,0.0601786147324128,0.04867623532289851,0.44716643583786253
143,35,0.12114567054899468,0.04077314782407889,0.0803725227249158,0.663437020577726
143,36,0.0807922322796274,0.02699954850435484,0.053792683775272555,0.6658150450539901
143,37,0.07574705732013418,0.0107252346715203,0.06502182264861388,0.8584072431198004
143,38,0.08115749609449838,0.03577439977227412,0.04538309632222426,0.559197837614174
144,0,0.08985904392705645,0.04789510192934529,0.041963941997711154,0.46699742356234736
144,1,0.10598154353063022,0.020486265972197465,0.08549527755843275,0.8066996828907608
144,2,0.10150183757560119,0.044924725634487586,0.0565771119411136,0.5573998785881439
144,3,0.10108167018245548,0.033996769820246,0.06708490036220949,0.6636702800925154
144,4,0.10170584793473586,0.0017555022246271632,0.09995034571010869,0.982739417051479
144,5,0.07493319641470653,0.02949864355966616,0.04543455285504037,0.6063341086317693
144,6,0.06448502095462816,0.043470905494715356,0.021014115459912802,0.32587591891609047
144,7,0.10463480003756337,0.032785373992469474,0.0718494260450939,0.6866685464042586
144,8,0.08877671273292433,0.060076020106169976,0.02870069262675435,0.32329077911566123
144,9,0.052514455420810874,0.020151829590308926,0.03236262583050195,0.6162612859863537
144,10,0.10624543119159971,0.021099319788886087,0.08514611140271362,0.8014096271976512
144,11,0.08595543092542962,0.020626065507097436,0.06532936541833219,0.7600376696966186
144,12,0.09512352983739084,0.024280895665027214,0.07084263417236362,0.7447435381494542
144,13,0.11564268395556224,0.05359591035167746,0.062046773603884775,0.5365386852118319
144,14,0.08221599907953975,0.04325630587261682,0.03895969320692293,0.4738699723058942
144,15,0.10778854363189377,0.035550834053960666,0.0722377095779331,0.6701798460570214
144,16,0.09812945854823615,0.004361351513363539,0.09376810703487262,0.9555551250573784
144,17,0.08359594158896475,0.008277882930658016,0.07531805865830674,0.9009774544874467
144,18,0.09547685944420205,0.008104466750422121,0.08737239269377993,0.9151159055963872
144,19,0.1124961873418914,0.030400752803540203,0.08209543453835119,0.7297619277429542
144,20,0.09466606221836599,0.006391355049585053,0.08827470716878094,0.9324852550131205
144,21,0.11057246648640133,0.007083779723105022,0.10348868676329631,0.9359354100690499
144,22,0.10616731391194756,0.018884268037926023,0.08728304587402154,0.8221272881257207
144,23,0.09588332576967257,0.008921192323079547,0.08696213344659302,0.9069578338937709
144,24,0.09120447814424708,0.07239327880668192,0.018811199337565157,0.2062530231006175
144,25,0.1240791655681278,0.030471956433948382,0.09360720913417941,0.7544152050473193
144,26,0.05588891869972902,0.013966754174450265,0.041922164525278756,0.7500979711293291
144,27,0.08719710325184388,0.013592147232005098,0.07360495601983878,0.8441215737093001
144,28,0.08706762649331061,0.04520722165463904,0.04186040483867157,0.4807803603316061
144,29,0.07084301134681492,0.021898254255853195,0.04894475709096173,0.6908904090955511
144,30,0.11470108540794192,0.030555621281046448,0.08414546412689547,0.7336065201791824
144,31,0.0966311253899076,0.022797784792381173,0.07383334059752643,0.7640741044834998
144,32,0.07562154244478526,0.02419124054230383,0.051430301902481435,0.6801012018504257
144,33,0.13020534216220608,0.043636267544052657,0.08656907461815343,0.6648657664929613
144,34,0.0891653348486331,0.01883128266341959,0.0703340521852135,0.7888048904275687
144,35,0.1337016030243237,0.05318668569164586,0.08051491733267785,0.6021985938196279
144,36,0.07891189439299393,0.021588362847644326,0.057323531545349596,0.7264244761362487
144,37,0.09104482627867258,0.008382323537558928,0.08266250274111366,0.907931906949857
144,38,0.07492647622058161,0.034237259412251635,0.04068921680832998,0.54305525711021
145,0,0.09190992360101921,0.02231754553883674,0.06959237806218246,0.7571802405612134
145,1,0.1196723194318445,0.04159903872705023,0.07807328070479427,0.6523921411020899
145,2,0.15117808416479755,0.03103488139327107,0.12014320277152649,0.7947130924119908
145,3,0.11166248507630572,0.012335679074849979,0.09932680600145574,0.8895270952780582
145,4,0.14539262972416606,0.04507461193548095,0.1003180177886851,0.6899800765623747
145,5,0.09617826416705251,0.013187901972004689,0.08299036219504782,0.8628806405873727
145,6,0.09577803562203485,0.04230508348230397,0.053472952139730884,0.5583007815147631
145,7,0.0755610761942998,0.007580067314301337,0.06798100887999847,0.8996829095603437
145,8,0.08285383064881549,0.00495236944922664,0.07790146119958885,0.9402276344926311
145,9,0.07139107856254101,0.023599557663841433,0.04779152089869958,0.6694326778777068
145,10,0.11620395302729242,0.01577763202898693,0.10042632099830548,0.8642246531382517
145,11,0.09005182410995521,0.00615394329503648,0.08389788081491874,0.9316622027831176
145,12,0.0769674450326226,0.04579329425272362,0.031174150779898976,0.40503034453964054
145,13,0.06663721838793413,0.009103176019189486,0.05753404236874464,0.8633920166626016
145,14,0.11690670415061234,0.08313023623801055,0.03377646791260179,0.2889181433862608
145,15,0.07714265397558658,0.038446780050186154,0.03869587392540042,0.5016145015913835
145,16,0.07970690391283151,0.019808765405554173,0.05989813850727734,0.7514799291763071
145,17,0.11033336300852262,0.00872198559843635,0.10161137741008627,0.9209487922727179
145,18,0.06709729456930182,0.034941327562264646,0.03215596700703717,0.47924386837720706
145,19,0.1553394408488917,0.08729950048967812,0.06803994035921358,0.43800814517801856
145,20,0.08752710982470085,0.028678797017735475,0.05884831280696538,0.6723438363819699
145,21,0.0937005175446505,0.06202571306108077,0.031674804483569734,0.3380430046021458
145,22,0.1005606708554856,0.004835129955524226,0.09572554089996138,0.9519182806320702
145,23,0.09987709700366332,0.030836386454967103,0.06904071054869622,0.6912566806598707
145,24,0.06427117235063654,0.03438556129748229,0.029885611053154244,0.46499246800899935
145,25,0.1137038763013497,0.00025875054415366167,0.11344512575719604,0.997724347202835
145,26,0.08970428781692696,0.011127064930412139,0.07857722288651482,0.8759583828019367
145,27,0.09044403005976132,0.013770673336570033,0.07667335672319128,0.8477437004137145
145,28,0.09638007862323689,0.018415834588225606,0.07796424403501129,0.8089248851911021
145,29,0.10198445951012516,0.038646737608065564,0.06333772190205961,0.6210526800484867
145,30,0.08554517831481823,0.013852099198282187,0.07169307911653604,0.8380727064790896
145,31,0.08957735736110685,0.025543655563773485,0.06403370179733336,0.7148424968510607
145,32,0.15269186235695592,0.02785698128334296,0.12483488107361296,0.8175607995518438
145,33,0.11710435932965321,0.06067305338996497,0.056431305939688245,0.4818890284078322
145,34,0.07973105106361583,0.002597482165674547,0.07713356889794129,0.9674219500304585
145,35,0.1255099757542033,0.01647913784601112,0.10903083790819218,0.868702565298207
145,36,0.10158131801004355,0.03334964510808249,0.06823167290196105,0.6716950935329944
145,37,0.11434297290167937,0.037649213489939125,0.07669375941174025,0.6707343482986687
145,38,0.0762972669158963,0.012990204112197071,0.06330706280369923,0.8297422091604357
146,0,0.08277313736932762,0.009339996689625233,0.07343314067970239,0.8871614996547629
146,1,0.08462750128342426,0.03449057197733703,0.050136929306087236,0.5924425103628507
146,2,0.11612680397666507,0.030880339355516997,0.08524646462114807,0.7340808642101078
146,3,0.076862915196549,0.0292462925489547,0.0476166226475943,0.619500607358335
146,4,0.10120151807469016,0.05003196150473081,0.05116955656995935,0.5056204446675837
146,5,0.11148317958374017,0.022695280780966106,0.08878789880277406,0.7964241703034795
146,6,0.0740543036302384,0.015568191875047831,0.05848611175519057,0.7897732999721179
146,7,0.1296063748196021,0.01713023609484854,0.11247613872475357,0.8678287536497186
146,8,0.11519246330208263,0.019428729842660208,0.09576373345942242,0.8313367968205525
146,9,0.10006104788762324,7.748790497194482e-05,0.0999835599826513,0.9992255937089628
146,10,0.12038301277173699,0.06650216533415892,0.05388084743757807,0.44757849298674457
146,11,0.0907474519429032,0.023748545515191864,0.06699890642771134,0.7383006904685978
146,12,0.08253943385105815,0.010027964400581318,0.07251146945047683,0.8785069883241905
146,13,0.11494856664962491,0.0348181495555048,0.08013041709412011,0.6970980102637199
146,14,0.08506905516744517,0.009658743312465665,0.07541031185497951,0.8864599672177629
146,15,0.0810557825903216,0.00044545919103456885,0.08061032339928703,0.9945042885677133
146,16,0.11604972367624801,0.0448772469231382,0.07117247675310981,0.6132929445973058
146,17,0.06345354543703499,0.008690120756486489,0.054763424680548504,0.8630475145772635
146,18,0.10304504795438578,0.002589726126979823,0.10045532182740596,0.974868019585704
146,19,0.10675296284701397,0.03779070739778535,0.06896225544922861,0.6459985147958597
146,20,0.10021972652183707,0.04438650982827694,0.05583321669356013,0.5571080527883353
146,21,0.1054161708605303,0.0012640910488322596,0.10415207981169805,0.9880085660623673
146,22,0.09876596432680959,0.03818405604461042,0.06058190828219917,0.613388515923744
146,23,0.12928396913235604,0.03584920830128541,0.09343476083107063,0.7227095629730834
146,24,0.09823804565202751,0.03397706878073983,0.06426097687128768,0.6541353346839653
146,25,0.10318606765829164,0.007717612194158396,0.09546845546413324,0.9252068387787017
146,26,0.08546608908460673,0.026197869975137903,0.059268219109468834,0.6934705886775344
146,27,0.09818424852433656,0.0034880175170200894,0.09469623100731647,0.9644747750332323
146,28,0.11014187370549305,0.0497934214695865,0.060348452235906555,0.5479156128873521
146,29,0.12980398082974728,0.05549584087748564,0.07430813995226165,0.5724642609360744
146,30,0.13114113272339353,0.04283434193536974,0.0883067907880238,0.6733721827329561
146,31,0.116216702400131,0.028047169291948826,0.08816953310818218,0.7586649017506695
146,32,0.07219952269828593,0.02795594768935735,0.04424357500892858,0.6127959487186326
146,33,0.07777442008208255,0.007325162430969732,0.07044925765111282,0.9058152741834808
146,34,0.09857783269773784,0.014799915156388708,0.08377791754134914,0.8498656873318708
146,35,0.1220357059695608,0.015906247683990273,0.10612945828557052,0.8696590677489279
146,36,0.08623197738303746,0.05265081477664183,0.03358116260639563,0.3894281869152791
146,37,0.1373948012163886,0.03501200400528511,0.1023827972111035,0.7451722794798961
146,38,0.08984159933455405,0.005834659801904105,0.08400693953264994,0.9350561449804908
147,0,0.13485925235534965,0.031723647493456866,0.10313560486189279,0.7647647681609111
147,1,0.10894049129026256,0.03143095698374145,0.0775095343065211,0.7114850813367788
147,2,0.09288180021487794,0.017437337935280222,0.07544446227959771,0.8122631355664972
147,3,0.09631328556584187,0.0023554076954151416,0.09395787787042673,0.9755443116536094
147,4,0.07531584648054859,0.04322638715791859,0.03208945932263,0.4260651751543092
147,5,0.0889028080449134,0.07028935439345224,0.018613453651461165,0.2093685684490158
147,6,0.1244481013447719,0.013944560967299967,0.11050354037747193,0.8879487849423443
147,7,0.09585633231457907,0.0019469627238062753,0.0939093695907728,0.9796887417159174
147,8,0.11388296647743576,0.006588976710237726,0.10729398976719803,0.9421425616662064
147,9,0.08167437539470224,0.009351725121341154,0.07232265027336109,0.8854998881087526
147,10,0.09427774340975512,0.005155302436908808,0.0891224409728463,0.9453179271113591
147,11,0.09939894138030078,0.004921132009604364,0.09447780937069641,0.9504911024074583
147,12,0.09650068863729563,0.027100588628808597,0.06940010000848704,0.7191668887393333
147,13,0.09390246839788277,0.008678315969932874,0.0852241524279499,0.9075815990995978
147,14,0.09400102796817406,0.051343494704966096,0.04265753326320796,0.4537985826883779
147,15,0.0661315601818589,0.010443340216193276,0.05568821996566562,0.8420823554219113
147,16,0.09703276156583793,0.0017381745999789505,0.09529458696585898,0.9820867244018446
147,17,0.10074484715224286,0.00599975164424079,0.09474509550800206,0.9404460693143527
147,18,0.07640169534495839,0.0007498560513628377,0.07565183929359555,0.9901853480086117
147,19,0.09101300848726178,0.0040761098824607,0.08693689860480108,0.9552139858882789
147,20,0.11580477676966247,0.05446147351078983,0.06134330325887264,0.5297130651258491
147,21,0.07599770854089677,0.0033281523298139964,0.07266955621108277,0.956207201589203
147,22,0.07965166417859534,0.025123690984423932,0.05452797319417141,0.6845804636536975
147,23,0.09818026357563553,0.03591828844911131,0.06226197512652422,0.6341597879145966
147,24,0.11051639304043341,0.005748542388304228,0.10476785065212918,0.9479847086015458
147,25,0.10782952765604224,0.021762652916025874,0.08606687474001637,0.798175384896009
147,26,0.10608968992523671,0.03274737634242196,0.07334231358281475,0.6913236680633187
147,27,0.11148247344526974,0.0007214206277942527,0.11076105281747549,0.9935288426467465
147,28,0.09683819953922745,0.00025889492736275513,0.0965793046118647,0.9973265206437685
147,29,0.1110844455617703,0.013011287427686608,0.0980731581340837,0.8828703032014372
147,30,0.07350395121715915,0.0022465311807228303,0.07125742003643631,0.9694365929515039
147,31,0.10655943516054242,0.014845664564560886,0.09171377059598154,0.8606818388048473
147,32,0.09027605830170218,0.028062773273888925,0.06221328502781326,0.6891448984169949
147,33,0.10767599641957576,0.015993906433090475,0.09168208998648528,0.8514626568138007
147,34,0.09166330391596526,0.01547131187943384,0.07619199203653143,0.8312158604536275
147,35,0.11444956332492333,0.010026711966348863,0.10442285135857446,0.912391872235607
147,36,0.11126777819545702,0.005248415060933395,0.10601936313452363,0.9528307732386475
147,37,0.07933903617943827,0.024812987197513816,0.05452604898192445,0.6872537354575978
147,38,0.08506265468764887,0.02677239509211972,0.05829025959552915,0.6852626432783189
148,0,0.09543911887376835,0.02954687052558269,0.06589224834818566,0.6904113232157709
148,1,0.1435858379757889,0.012664439673032261,0.13092139830275662,0.9117988246503271
148,2,0.11104561312369474,0.02684907149068213,0.0841965416330126,0.7582158291946688
148,3,0.07802265633138422,0.0044431728233415325,0.07357948350804269,0.9430527870716152
148,4,0.11921783437510441,0.015081201460904761,0.10413663291419965,0.8734987802793532
148,5,0.09426126823225195,0.012733748889893485,0.08152751934235847,0.8649100619087939
148,6,0.08842839770851121,0.016649350126210084,0.07177904758230114,0.8117194186748498
148,7,0.0770036575394465,0.002532088461760099,0.0744715690776864,0.9671172962081315
148,8,0.11807484685981222,0.05271891898623436,0.06535592787357786,0.5535127049639419
148,9,0.08827928202390775,0.029212576820578685,0.059066705203329066,0.66908909824768
148,10,0.10812770369861943,0.03127722068509895,0.07685048301352049,0.7107381400396993
148,11,0.10435981592236537,0.07205845387738365,0.03230136204498173,0.3095191550453781
148,12,0.09117381328272112,0.06611266883018303,0.025061144452538084,0.27487217601424563
148,13,0.07608238723254543,0.00899450608317594,0.06708788114936949,0.8817793919151843
148,14,0.11980378526757435,0.044205726256780584,0.07559805901079376,0.6310156130872674
148,15,0.10082713269542877,0.008423286944967332,0.09240384575046144,0.916458132649554
148,16,0.0937492627149106,0.01378658873667608,0.07996267397823452,0.8529418969554908
148,17,0.12543849057814527,0.008358448484227,0.11708004209391827,0.9333661586192328
148,18,0.10333685639631057,0.008903429654428155,0.09443342674188242,0.9138407150660524
148,19,0.08512261512382557,0.01499703153647944,0.07012558358734614,0.8238184821429222
148,20,0.12045252552068259,0.04759310109984259,0.07285942442084,0.6048808367104722
148,21,0.05526697513670541,0.008167834926947072,0.04709914020975833,0.8522112906171623
148,22,0.10995186028703055,0.024615990767410407,0.08533586951962015,0.7761202884321367
148,23,0.0879646103284103,0.0036204894370843567,0.08434412089132594,0.9588415224762834
148,24,0.10317908732310863,0.06242295706024875,0.040756130262859874,0.3950037873007225
148,25,0.09289386513074355,0.012122341869444532,0.08077152326129902,0.8695033105535772
148,26,0.08431734070142735,0.005313952969442967,0.07900338773198438,0.9369767484928161
148,27,0.09909319954549431,0.07220079321701595,0.026892406328478363,0.27138498354906676
148,28,0.0942922080974482,0.013905158249106224,0.08038704984834198,0.8525312056035886
148,29,0.08330717187181963,0.018992461270816288,0.06431471060100334,0.7720188929227007
148,30,0.09642269800916654,0.04974194478704636,0.04668075322212018,0.48412618798202905
148,31,0.07696226407985887,0.026814451179216048,0.050147812900642824,0.6515896264253298
148,32,0.10197343196789853,0.04343793703693059,0.058535494930967935,0.5740269185938063
148,33,0.10538281106859063,0.003986962990612606,0.10139584807797802,0.9621668567180505
148,34,0.07323735896874323,0.023031456010960197,0.05020590295778303,0.685523121870223
148,35,0.10915587387531143,0.009646207660644243,0.0995096662146672,0.9116290556048035
148,36,0.09442980765741055,0.008606490491039839,0.0858233171663707,0.9088583286935835
148,37,0.12308310172533297,0.0026890673648302388,0.12039403436050274,0.9781524244422192
148,38,0.12528607271591874,0.02879419699654486,0.09649187571937387,0.7701724032659673
149,0,0.09384071368005048,0.024149752903540777,0.0696909607765097,0.7426516491990964
149,1,0.126893550490433,0.024779012976561023,0.10211453751387198,0.8047259858299165
149,2,0.08459221360005756,0.00932615024923477,0.07526606335082278,0.8897516703685311
149,3,0.13538877803571317,0.09319092662866053,0.042197851407052636,0.31167909201397465
149,4,0.08458523757784148,0.013954451791039857,0.07063078578680163,0.8350249737349504
149,5,0.08041114085057226,0.028175497918262748,0.052235642932309506,0.6496070367833584
149,6,0.10080144621437817,0.007967691254717742,0.09283375495966043,0.9209565779664256
149,7,0.10590815207240764,0.0590676269072702,0.04684052516513744,0.4422749736310511
149,8,0.13118822446529468,0.014665074829006888,0.11652314963628779,0.8882134818976342
149,9,0.07752324242196135,0.007773188739126161,0.06975005368283518,0.8997308614000371
149,10,0.10245251877172859,0.012321365829580802,0.09013115294214778,0.8797358427367347
149,11,0.11776461473930908,0.009869880960566717,0.10789473377874235,0.9161897571489085
149,12,0.08935947719018586,0.02939672262561006,0.059962754564575796,0.6710284846111585
149,13,0.06826641145541945,0.02619318801396561,0.04207322344145384,0.6163092880446667
149,14,0.09149031767704308,0.02750649963637883,0.06398381804066425,0.6993507036069587
149,15,0.10148403825117429,0.034293049332188616,0.06719098891898567,0.6620843048508488
149,16,0.09907187480334428,0.001527032592566039,0.09754484221077825,0.98458661859789
149,17,0.10433876696559333,0.021184600225186673,0.08315416674040665,0.7969632875556936
149,18,0.11875608341889672,0.05370165350747409,0.06505442991142263,0.5477987151357252
149,19,0.08396384436077334,0.038278940208143326,0.04568490415263001,0.544102101332241
149,20,0.109111508876304,0.07627612227307981,0.03283538660322419,0.300934218043383
149,21,0.10908026667808116,0.001676191700008045,0.10740407497807311,0.9846334103220077
149,22,0.09838726510168122,0.005335909111855093,0.09305135598982613,0.9457662624696342
149,23,0.10576188269476942,0.024276685101560082,0.08148519759320934,0.7704590303897766
149,24,0.11390293762956125,0.02815229375203121,0.08575064387753004,0.7528396164496741
149,25,0.11769206829872605,0.013186729339511455,0.1045053389592146,0.8879556665956376
149,26,0.07749752924875736,0.044150098086023284,0.03334743116273407,0.43030315270688174
149,27,0.09872462779894009,0.0427548439869027,0.05596978381203739,0.5669282838525757
149,28,0.08474602434243786,0.016342140596580578,0.06840388374585728,0.8071633362935586
149,29,0.11424127504480992,0.025496578204819122,0.0887446968399908,0.7768181579309372
149,30,0.10554681590741918,0.03420972439049085,0.07133709151692832,0.6758810382257475
149,31,0.08721150558926954,0.029109773761198075,0.05810173182807147,0.6662163602782736
149,32,0.08890529433742071,0.01909150740087555,0.06981378693654516,0.7852601744006619
149,33,0.0918980534901322,0.05275985513430278,0.03913819835582943,0.4258871311135224
149,34,0.12633515062270934,0.03844652881940148,0.08788862180330786,0.6956782919884331
149,35,0.0630401562846781,0.026970462830702018,0.03606969345397608,0.5721701147295983
149,36,0.08978953299366951,0.035614262216616246,0.05417527077705327,0.6033584201943986
149,37,0.09420336545551028,0.009003358833290925,0.08520000662221935,0.9044263568530047
149,38,0.07852495043106059,0.01059357394745778,0.06793137648360281,0.8650928922679398
150,0,0.08307837025347092,0.02108039901392116,0.06199797123954977,0.7462588764126552
150,1,0.09953989595695298,0.007531950285663766,0.09200794567128921,0.9243323472136133
150,2,0.10486375588388537,0.02570996537583208,0.0791537905080533,0.7548250569596184
150,3,0.10695646648334156,0.020493607895199453,0.08646285858814211,0.8083929979269526
150,4,0.09219468905042061,0.02562356909841921,0.0665711199520014,0.7220710936569691
150,5,0.09600836540167217,0.010432293199893467,0.0855760722017787,0.8913397477787725
150,6,0.07888367906564978,0.016838736204893533,0.06204494286075624,0.7865371341151604
150,7,0.10500977826787754,0.005812928222139208,0.09919685004573833,0.9446439339457459
150,8,0.11718173906597237,0.0037179146448849476,0.11346382442108742,0.9682722352943423
150,9,0.09106484304713675,0.012409161606836208,0.07865568144030054,0.8637326855061617
150,10,0.10109776583623051,0.035942885331056815,0.06515488050517369,0.6444739897686649
150,11,0.08142126273970665,0.016492571464686467,0.06492869127502018,0.7974414678704861
150,12,0.07002331705927896,0.018380916820949906,0.051642400238329056,0.7375029119887402
150,13,0.07925460352578959,0.01882076320459608,0.060433840321193505,0.7625278234030687
150,14,0.08840196719003332,0.036389416227921544,0.05201255096211178,0.588364180293669
150,15,0.0976968441152089,0.018260527806412498,0.07943631630879641,0.8130898907555418
150,16,0.060675262215505094,0.02214622623460099,0.038529035980904104,0.6350040292212912
150,17,0.11206551550955017,0.01416550193766105,0.09790001357188913,0.8735962452566074
150,18,0.10095108924028176,0.009076440881516032,0.09187464835876573,0.91009070877965
150,19,0.10276782371318413,0.017314090457214354,0.08545373325596978,0.8315222622059562
150,20,0.08616126082277192,0.023157346549002075,0.06300391427376985,0.7312325013832467
150,21,0.1283453071359032,0.028393551040740643,0.09995175609516255,0.7787721914080187
150,22,0.08771455858729389,0.03244217179128156,0.05527238679601233,0.6301392572249568
150,23,0.0866607279908597,0.04361450973654833,0.043046218254311375,0.4967211706189631
150,24,0.12003377562805992,0.003334153121696437,0.11669962250636348,0.9722232088072632
150,25,0.08063840347979649,0.01408284190030841,0.06655556157948808,0.8253581259971647
150,26,0.14770923265329866,0.01333182183768291,0.13437741081561574,0.9097427994296389
150,27,0.14283038048912816,0.056651193505429874,0.08617918698369828,0.6033673416578065
150,28,0.09018402419837103,0.026988402179650248,0.06319562201872078,0.7007407640150778
150,29,0.10018731656720381,0.03256956460811839,0.06761775195908543,0.6749132951747309
150,30,0.09276513269097866,0.015628315406176305,0.07713681728480236,0.8315281296665881
150,31,0.09109042741348522,0.04946773116435105,0.04162269624913417,0.4569382033986621
150,32,0.06915687807348717,0.007413657572622613,0.06174322050086455,0.8927994180890475
150,33,0.1160040759863786,0.03168489768484326,0.08431917830153535,0.7268639277074734
150,34,0.10161064061970383,0.0007114912409152286,0.1008991493787886,0.992997866792533
150,35,0.06385346341511272,0.011829020475388394,0.05202444293972433,0.8147473943819198
150,36,0.08099898614902623,0.0026559287964462927,0.07834305735257993,0.9672103451818548
150,37,0.04204271052284647,0.0023968518836187435,0.039645858639227725,0.9429900723856453
150,38,0.08339128916468305,0.027502112136417862,0.055889177028265194,0.6702040175670381
151,0,0.11374645698348194,0.012826286073900054,0.10092017090958189,0.8872379288634663
151,1,0.08808934736105549,0.013735975676667149,0.07435337168438834,0.8440676870908473
151,2,0.10203274591843534,0.01699817771083582,0.08503456820759951,0.8334046824102518
151,3,0.1217211922205811,0.037031631277646186,0.08468956094293492,0.695766771569752
151,4,0.08992602280765588,0.03970988088663961,0.05021614192101627,0.5584161330966936
151,5,0.10382255273191955,0.04231681110370794,0.06150574162821161,0.5924121494780207
151,6,0.11345344005527996,0.03644088392902063,0.07701255612625933,0.6788031820695355
151,7,0.07631743230051323,0.014158770524718665,0.062158661775794564,0.814475276513942
151,8,0.08940237071449005,0.0075057377635717355,0.08189663295091831,0.9160454280620633
151,9,0.07713520707700328,0.006313035774708528,0.07082217130229475,0.9181562348253465
151,10,0.10157275663934812,0.028558117039619465,0.07301463959972865,0.718840779904989
151,11,0.09633972910538591,0.041834299074232,0.054505430031153906,0.5657627495664898
151,12,0.10692852856808524,0.051080928107856624,0.055847600460228616,0.5222890580100749
151,13,0.11787864914652024,0.021298088676658177,0.09658056046986206,0.819321914266381
151,14,0.11553371376994005,0.020155201485477236,0.09537851228446281,0.8255470128346096
151,15,0.08906904582835902,0.014507577768060286,0.07456146806029873,0.8371198699487902
151,16,0.10639497166077191,0.04083078798433512,0.0655641836764368,0.616233856290508
151,17,0.1102120088931069,0.017508301946106797,0.0927037069470001,0.8411397984489344
151,18,0.10566874202255357,0.02605655028278404,0.07961219173976952,0.7534128846047715
151,19,0.13538226566562733,0.0012163614872998697,0.13416590417832747,0.9910153558051386
151,20,0.10591739764510108,0.03530202148857275,0.07061537615652833,0.6667023333894613
151,21,0.097655571669274,0.008158074850296428,0.08949749681897756,0.9164607332603096
151,22,0.11213648226895366,0.02588016681069171,0.08625631545826196,0.7692083228665989
151,23,0.09896839401157136,0.03661857239740956,0.0623498216141618,0.6299973060780584
151,24,0.09741611524272081,0.032933577812611865,0.06448253743010895,0.6619288530387918
151,25,0.07423599833533703,0.0052186634155541416,0.06901733491978289,0.9297017143626125
151,26,0.08469947814888266,0.07931083930259526,0.005388638846287402,0.06362068532246899
151,27,0.09002509540672639,0.05874476911140415,0.031280326295322236,0.34746229541885126
151,28,0.10159780626757559,0.042859160849113245,0.05873864541846234,0.578148757107647
151,29,0.06804959754355681,0.01943053871804135,0.04861905882551547,0.7144650457983333
151,30,0.09824149852394494,0.024131488816549168,0.07411000970739577,0.7543656277732015
151,31,0.13923866645863947,0.03183666393736574,0.10740200252127373,0.7713518468174733
151,32,0.10116400279010776,0.015001399091912709,0.08616260369819505,0.8517120845540563
151,33,0.09123828034874809,0.049462869763170964,0.04177541058557713,0.4578715252621521
151,34,0.10454790636306296,0.013198736073348557,0.09134917028971441,0.8737541809061832
151,35,0.1149045804288722,0.008825501613155104,0.10607907881571708,0.923192778040574
151,36,0.05596515720063468,0.022335941557987068,0.033629215642647606,0.6008955808358961
151,37,0.10600468984134774,0.012711111541622942,0.0932935782997248,0.8800891586905536
151,38,0.1204279446250193,0.0002828538101018914,0.12014509081491741,0.9976512610010689
152,0,0.11268742794917105,0.05317030748005431,0.059517120469116745,0.5281611405308019
152,1,0.09219348946159764,0.06265743082736872,0.029536058634228923,0.3203703299085116
152,2,0.11728960157479773,0.006899777142396944,0.11038982443240078,0.941173155593023
152,3,0.07625051079697925,0.01986099379234192,0.05638951700463733,0.7395296951488916
152,4,0.17304682437511476,0.033952632413863225,0.13909419196125153,0.8037951142040961
152,5,0.08839509456553618,0.027802090400636692,0.06059300416489949,0.685479261747673
152,6,0.11701585205833143,0.002626507240706656,0.11438934481762478,0.9775542612859208
152,7,0.10734878715699475,0.031216304377659744,0.07613248277933501,0.7092067343806435
152,8,0.10166983565197343,0.054549646989114325,0.04712018866285911,0.46346281923929217
152,9,0.10314372547516515,0.0061647256843468685,0.09697899979081828,0.940231694599482
152,10,0.12355307776290025,0.05233656697949389,0.07121651078340636,0.5764041825009948
152,11,0.11752014939891144,0.02491788106375953,0.09260226833515191,0.7879692870438919
152,12,0.09789429429684791,0.03680512650422639,0.061089167792621524,0.6240319543790667
152,13,0.07774012623120446,0.030558869117020254,0.04718125711418421,0.6069099627374404
152,14,0.10246885435980473,0.02482921663802909,0.07763963772177564,0.7576901118573567
152,15,0.10543819838413626,0.025981428006199216,0.07945677037793705,0.7535861916803365
152,16,0.09957436710679679,0.019953503934686152,0.07962086317211065,0.7996120435966683
152,17,0.0976491544106058,0.010782847582037037,0.08686630682856876,0.8895756174529055
152,18,0.08533462865876967,0.027365650269123628,0.05796897838964604,0.679313653797551
152,19,0.1016045145923215,0.008230516533332849,0.09337399805898866,0.9189945784756021
152,20,0.111850437860432,0.04736165879044742,0.06448877906998458,0.5765625982658581
152,21,0.09572079619809634,0.04637983900262792,0.049340957195468424,0.5154674757756528
152,22,0.10323644047228542,0.02181260583243203,0.08142383463985339,0.7887121472549435
152,23,0.07963272923396045,0.03218754061405227,0.04744518861990818,0.5958001072714024
152,24,0.10263359848393681,0.039152600256223906,0.06348099822771291,0.6185206322825008
152,25,0.06843856184637895,0.016093842355410844,0.052344719490968104,0.7648424817643599
152,26,0.10533155289848435,0.009563099507384251,0.0957684533911001,0.9092095460075396
152,27,0.07546932256932123,0.018569286084874063,0.05690003648444717,0.753949214691605
152,28,0.10931604671200085,0.01613665676622513,0.09317938994577571,0.8523852878732612
152,29,0.11308845907729403,0.015728498254967204,0.09735996082232683,0.8609186261507282
152,30,0.11239020396977695,0.042051296304534455,0.07033890766524249,0.6258455379630546
152,31,0.09003510633917618,0.010991205011214243,0.07904390132796194,0.8779231184577194
152,32,0.10693495174004441,0.01724292688590232,0.0896920248541421,0.8387531241626279
152,33,0.0650795354691186,0.040749692334845704,0.024329843134272895,0.373847830333974
152,34,0.09792957702525926,0.03781633108974863,0.06011324593551063,0.6138415763810094
152,35,0.11286611268847783,0.032002944051390134,0.0808631686370877,0.7164521459180438
152,36,0.08082142645330939,0.022330890109747543,0.05849053634356185,0.7237008663457812
152,37,0.09002091636635862,0.005552457457377837,0.08446845890898078,0.9383203628501072
152,38,0.08241770324420204,0.019376395360427776,0.06304130788377427,0.7649000809569287
153,0,0.08510489249389006,0.0028923747280885153,0.08221251776580155,0.9660140017414843
153,1,0.1051849230035716,0.01302618886564042,0.09215873413793119,0.8761591633698481
153,2,0.09008158920533485,0.0389341734731433,0.05114741573219155,0.5677898911797005
153,3,0.08119262194323695,0.04371373661160532,0.037478885331631635,0.4616045699057941
153,4,0.09092452726109804,0.017804031939241575,0.07312049532185647,0.8041888973685211
153,5,0.0830030773859498,0.03772881440195058,0.04527426298399921,0.5454528242788133
153,6,0.10658692060569722,0.05274700590366749,0.05383991470202973,0.5051268429191481
153,7,0.11557041264898057,0.014486052619658973,0.1010843600293216,0.8746560448507081
153,8,0.0879995092076788,0.022297715967368494,0.06570179324031031,0.7466154508345508
153,9,0.10813897232090475,0.002449859914296096,0.10568911240660865,0.977345263583363
153,10,0.10793948376124948,0.01877360238539736,0.08916588137585213,0.8260728907419778
153,11,0.08457421074399138,0.018479951593447994,0.06609425915054339,0.7814942471129013
153,12,0.103506178853653,0.0117761678656852,0.0917300109879678,0.8862273924503051
153,13,0.10035811938378787,0.009635081391840203,0.09072303799194767,0.9039930057378429
153,14,0.1084598942367495,0.01691717330538771,0.09154272093136179,0.8440236971975983
153,15,0.0894784036320202,0.028594597245092196,0.060883806386928,0.6804301810894231
153,16,0.05271040054780551,0.004373613551997011,0.0483367869958085,0.917025605828391
153,17,0.07815558105796758,0.012207787080651513,0.06594779397731607,0.8438014673373478
153,18,0.08149331035858653,0.02917399872093105,0.052319311637655484,0.6420074409474871
153,19,0.098547343421499,0.014392920062705096,0.0841544233587939,0.8539491825655328
153,20,0.0842456919949793,0.004832570322287469,0.07941312167269184,0.9426371817021163
153,21,0.11540957314634959,0.042150608564729325,0.07325896458162026,0.6347737244355058
153,22,0.1200485493475531,0.0215812560626698,0.0984672932848833,0.820228930878708
153,23,0.1012419521300741,0.008470092327797458,0.09277185980227665,0.9163381172568146
153,24,0.1129979772473054,0.005266534286416932,0.10773144296088846,0.9533926675971315
153,25,0.07466537597841708,0.021829906906397904,0.05283546907201917,0.7076301214540445
153,26,0.08932488658697038,0.010031044825016489,0.07929384176195389,0.8877015666261177
153,27,0.07333945630600222,0.012726998977883685,0.060612457328118534,0.8264645032984504
153,28,0.11078705203385275,0.07123392822940999,0.03955312380444276,0.3570193725558892
153,29,0.10826399994104244,0.04096588654788458,0.06729811339315786,0.621611185895649
153,30,0.1022689195764617,0.02246218177788835,0.07980673779857335,0.7803616008567058
153,31,0.11093694712213469,0.004299084288405922,0.10663786283372877,0.9612474977910389
153,32,0.08407918701772676,0.022808775695037163,0.0612704113226896,0.7287226898349017
153,33,0.11059122825528389,0.02388070359319951,0.08671052466208438,0.7840633116211139
153,34,0.08017890521149348,0.013018172118160991,0.0671607330933325,0.8376359457163696
153,35,0.112211783730686,0.00020959725600814758,0.11200218647467784,0.9981321279366595
153,36,0.10330772944375313,0.009143778919227893,0.09416395052452524,0.9114898859121058
153,37,0.07597256719911422,0.0030270211023517585,0.07294554609676246,0.9601563931041276
153,38,0.11814623803164959,0.02579245944099153,0.09235377859065805,0.7816903875171876
154,0,0.10653225722275089,0.031108494331958312,0.07542376289079258,0.7079899070671825
154,1,0.08521340993328048,0.0008166036916665781,0.0843968062416139,0.9904169579376537
154,2,0.07771899642172621,0.004842215526006584,0.07287678089571963,0.9376958562391711
154,3,0.08918979583287664,0.03617216936116128,0.053017626471715366,0.5944360111672361
154,4,0.09702544266333706,0.057958504631868815,0.03906693803146824,0.40264632614998047
154,5,0.08279460819204039,0.03960430996078128,0.04319029823125911,0.5216559287421242
154,6,0.0981610775387106,0.0281056656203125,0.0700554119183981,0.7136781061798266
154,7,0.0796337848666881,0.05008398587239767,0.029549798994290423,0.37107113574670125
154,8,0.11302370895603425,0.007611791690423914,0.10541191726561033,0.9326531418873816
154,9,0.11269000660513401,0.0060339267514368765,0.10665607985369713,0.946455529348048
154,10,0.09205400977646433,0.02880216122306492,0.06325184855339941,0.6871167123191537
154,11,0.09603260854051893,0.017212877305726074,0.07881973123479286,0.8207600775681996
154,12,0.07218057236314565,0.04285082022863375,0.029329752134511902,0.40633859187139454
154,13,0.10506436688541759,0.024024507673532015,0.08103985921188558,0.7713353405562045
154,14,0.09621478834330113,0.021579100006504686,0.07463568833679644,0.7757195086319897
154,15,0.10695430440722668,0.0584580619603367,0.048496242446889985,0.45342955307568894
154,16,0.10979562810346283,0.08111287120084243,0.0286827569026204,0.2612376958724805
154,17,0.13261652167400034,0.01646191752229836,0.11615460415170198,0.875868275577569
154,18,0.09875207197880564,0.01556242833668009,0.08318964364212555,0.8424090955780642
154,19,0.07756117320068492,0.007926710890799757,0.06963446230988517,0.897800528747936
154,20,0.11435533954724227,0.006581534328408724,0.10777380521883353,0.9424466373457815
154,21,0.07200352337038884,0.005771645020022182,0.06623187835036666,0.9198421861895199
154,22,0.06578739523323246,0.0016378746036701565,0.0641495206295623,0.9751035194832766
154,23,0.11392238283086085,0.0197380986603055,0.09418428417055535,0.8267408197596217
154,24,0.12854588934655514,0.008541359810265645,0.1200045295362895,0.9335540027480891
154,25,0.10019947878815594,0.03466718802094602,0.06553229076720993,0.6540182799329707
154,26,0.05968314422558724,0.009286466236964896,0.05039667798862234,0.8444038705155278
154,27,0.10162785792471213,0.007690755776300637,0.09393710214841149,0.9243243345540344
154,28,0.08990523100556047,0.02878211916355066,0.06112311184200981,0.6798615737746057
154,29,0.11803465663464095,0.024623427555897658,0.0934112290787433,0.7913881544797824
154,30,0.08706885141124629,0.03173777986946666,0.05533107154177963,0.6354864069635903
154,31,0.08533537293460657,0.0002736409718861396,0.08506173196272043,0.9967933465047861
154,32,0.07724029053808865,0.01618248387357207,0.06105780666451657,0.7904916752534458
154,33,0.09046683253102661,0.012294341566105715,0.07817249096492089,0.8641011161533788
154,34,0.1008760774884046,0.047053289630153226,0.05382278785825138,0.5335535361635978
154,35,0.09275124280510391,0.009189767231270768,0.08356147557383314,0.9009202793047095
154,36,0.11177248732359289,0.03180781843798698,0.07996466888560591,0.715423542952032
154,37,0.12214589519013094,0.019458496053874338,0.1026873991362566,0.8406946379689185
154,38,0.11608241757591503,0.05715677055742931,0.058925647018485725,0.5076190541944029
155,0,0.12168195223036485,0.01666490920834575,0.1050170430220191,0.8630453497590488
155,1,0.11122688406261755,0.027275352111350914,0.08395153195126663,0.7547773423555075
155,2,0.13274845788997586,0.028982773611790955,0.1037656842781849,0.781671485511249
155,3,0.13355985509596277,0.03137517210831871,0.10218468298764406,0.7650853088618909
155,4,0.0972468875015981,0.011669681080045135,0.08557720642155296,0.8799994387496117
155,5,0.11767888150278119,0.08946347159558135,0.02821540990719984,0.23976612920588478
155,6,0.09568979954595605,0.006200417072591894,0.08948938247336416,0.9352029463745081
155,7,0.08674854247697888,0.02963833851958437,0.057110203957394516,0.6583419424314856
155,8,0.14313879652188916,0.02308451111669286,0.1200542854051963,0.8387263853153697
155,9,0.09627888589629588,0.008594616775262773,0.08768426912103311,0.9107320707416554
155,10,0.09696012891656339,0.00831989797003368,0.0886402309465297,0.9141925855194235
155,11,0.11358585772748873,0.03790493081195537,0.07568092691553337,0.6662882900185024
155,12,0.10796588586518666,0.0073704603182920755,0.10059542554689457,0.9317334335820175
155,13,0.13406939004342114,0.014696927063268455,0.11937246298015268,0.8903782059535845
155,14,0.09165497554969924,0.022193667705589164,0.06946130784411009,0.7578563785273741
155,15,0.08014240054866045,0.014621912668834825,0.06552048787982563,0.8175508523736226
155,16,0.11584443115755186,0.011531587969033984,0.10431284318851787,0.9004562597113478
155,17,0.10977144720855089,0.05927275374346479,0.050498693465086106,0.46003487017116046
155,18,0.09164450583886123,0.001301030364572485,0.09034347547428875,0.9858035094121181
155,19,0.13219286368731537,0.008647562644292395,0.12354530104302297,0.9345837407324267
155,20,0.07987951273874447,0.04706493085733256,0.03281458188141191,0.41080097707576085
155,21,0.10340737903509961,0.007701137351165359,0.09570624168393425,0.9255262301102192
155,22,0.10666219254603368,0.04088840630734274,0.06577378623869094,0.6166551115129575
155,23,0.06299657713309727,0.01690238321614798,0.046094193916949286,0.7316936255054439
155,24,0.11963078382413567,0.061292248522401276,0.05833853530173439,0.487654878091374
155,25,0.08219525808483412,0.031482859357776824,0.050712398727057295,0.616974749014314
155,26,0.08601980818453141,0.034274929877239436,0.05174487830729197,0.6015460787390716
155,27,0.09914037143262097,0.019650129026087627,0.07949024240653335,0.801794881922119
155,28,0.11790045765580809,0.04059595786055389,0.0773044997952542,0.6556759942436574
155,29,0.08224348220361494,0.029453525473603477,0.05278995673001146,0.6418740466182635
155,30,0.0900773365706158,0.01791331351050567,0.07216402306011013,0.8011340677633981
155,31,0.11932538356231553,0.043027557600517685,0.07629782596179785,0.6394098529920307
155,32,0.09548903558741807,0.009518969894954191,0.08597006569246388,0.9003134774961697
155,33,0.07738191660303234,0.029311414373415043,0.0480705022296173,0.6212110573096554
155,34,0.10830645163865764,0.010066132450976447,0.0982403191876812,0.9070587919862795
155,35,0.0960236358872555,0.01191186406567681,0.0841117718215787,0.8759486249858013
155,36,0.143007175862759,0.004854107050409761,0.13815306881234923,0.9660568987456396
155,37,0.07532039609966332,0.014928680915226108,0.06039171518443721,0.8017976313418134
155,38,0.09010617174810814,0.016380430458814585,0.07372574128929356,0.8182096726447764
156,0,0.0992324713946546,0.08325922182714249,0.015973249567512116,0.16096797089720122
156,1,0.09346151299982881,0.05139549324008969,0.04206601975973912,0.4500892229276897
156,2,0.09704059118782511,0.017158463257849452,0.07988212792997566,0.8231826182443726
156,3,0.07832985764116673,0.05613443219041119,0.022195425450755542,0.2833584295842075
156,4,0.13422296801791578,0.04536773853724527,0.08885522948067051,0.6619972035546876
156,5,0.12053963209597335,0.07303939048884166,0.04750024160713169,0.3940632701559278
156,6,0.10787994034076803,0.01932254588142386,0.08855739445934417,0.8208884263340491
156,7,0.08422639907542981,0.008071960989393563,0.07615443808603625,0.904163527373827
156,8,0.10069952231112407,0.0376681802490374,0.06303134206208667,0.6259348665760625
156,9,0.08952244874398016,0.021952671819287017,0.06756977692469314,0.7547802576081432
156,10,0.0762154778742878,0.019848723889073206,0.056366753985214596,0.7395709579908124
156,11,0.09654602291961943,0.019658984502152116,0.07688703841746732,0.7963770654901089
156,12,0.10526953656398119,0.03619432602925507,0.06907521053472612,0.656174737624529
156,13,0.07350553343384891,0.005199395722644466,0.06830613771120445,0.929265247393604
156,14,0.0903271566493534,0.03889247923643025,0.051434677412923145,0.5694265082713786
156,15,0.09656442339135096,0.06817078262603957,0.028393640765311395,0.29403831937399155
156,16,0.0875593339997506,0.0038284230407857355,0.08373091095896487,0.9562762430239975
156,17,0.09220648270026852,0.0024967363346227907,0.08970974636564573,0.9729223340755897
156,18,0.103857537726875,0.0011817677467715684,0.10267576998010344,0.9886212616567188
156,19,0.12069798518732008,0.006338885733366627,0.11435909945395345,0.947481428761807
156,20,0.112871566568613,0.028460541430186195,0.0844110251384268,0.7478502133406163
156,21,0.08279318087982332,0.05770020313848309,0.025092977741340228,0.30308024736678985
156,22,0.1375478309639726,0.012702795018471304,0.12484503594550131,0.9076481618834216
156,23,0.060053534365975825,0.007263914937656667,0.052789619428319154,0.8790426739350724
156,24,0.07876461233420184,0.012974532937520697,0.06579007939668115,0.8352745915580825
156,25,0.08961590218093568,0.004966841318028424,0.08464906086290726,0.9445763397214894
156,26,0.09262230937825841,0.017975692850308464,0.07464661652794995,0.8059248039595095
156,27,0.12100997975620321,0.0022777635275545507,0.11873221622864866,0.9811770605024186
156,28,0.07745868522498123,0.031020300516001135,0.046438384708980096,0.5995245668590723
156,29,0.10017105571263342,0.014500515291166787,0.08567054042146663,0.8552424631246248
156,30,0.08418038440444164,0.019994052262822,0.06418633214161965,0.7624856146206069
156,31,0.09721546800703333,0.044660206265594804,0.05255526174143853,0.5406059634217496
156,32,0.08899854440822885,0.011642773269662725,0.07735577113856612,0.8691801832594216
156,33,0.09164918009835407,0.0008273760743320209,0.09082180402402205,0.9909723570527951
156,34,0.09355865785647771,0.018313116170627804,0.0752455416858499,0.8042605934052541
156,35,0.06043433943978759,0.008194594854673401,0.05223974458511419,0.8644049900994135
156,36,0.07260288994247828,0.0354023260144237,0.03720056392805458,0.5123840656691185
156,37,0.09049687932355771,0.005539496369043485,0.08495738295451423,0.9387879846194711
156,38,0.10217687994097922,0.002713725114195438,0.09946315482678378,0.9734409083956862
157,0,0.08838119616602133,0.043408441662466844,0.044972754503554487,0.5088498057785342
157,1,0.13342546323385063,0.004287022728877616,0.129138440504973,0.9678695308603583
157,2,0.10995532733940075,0.028720159250356966,0.08123516808904378,0.7388015665516049
157,3,0.09625887671787468,0.029757156733835638,0.06650171998403905,0.6908632455679807
157,4,0.1338809747619938,0.07180967873583483,0.06207129602615896,0.4636304458979768
157,5,0.07561721050152609,0.009403752879530842,0.06621345762199525,0.8756400452071549
157,6,0.08005414729058458,0.035029094793680285,0.04502505249690429,0.5624324787755228
157,7,0.1047235469636349,0.024580907150042842,0.08014263981359206,0.7652781264315033
157,8,0.09279324835943911,0.0036359538413417505,0.08915729451809737,0.960816612139089
157,9,0.11036743769476307,0.06736515365403214,0.04300228404073092,0.3896283626667123
157,10,0.08691756235367107,0.05312500806127467,0.0337925542923964,0.38878856444331855
157,11,0.06159138512412747,0.016217798908212074,0.0453735862159154,0.7366872189101167
157,12,0.10075502102519951,0.013954835893829221,0.08680018513137029,0.8614973650758405
157,13,0.10383875588997332,0.06982841321797482,0.0340103426719985,0.3275303366311088
157,14,0.10643338446215259,0.01805068737678763,0.08838269708536495,0.8304038956573215
157,15,0.11813457055438573,0.0026293651456908533,0.11550520540869487,0.9777426274683889
157,16,0.09191687537544985,0.004049343908144694,0.08786753146730515,0.955945587884657
157,17,0.09205630653751319,0.033733173969011404,0.05832313256850179,0.6335593373468112
157,18,0.10416232571475054,0.0024936913319778455,0.1016686343827727,0.9760595655399742
157,19,0.07101326123657109,0.018444673450880397,0.05256858778569069,0.7402643797834539
157,20,0.1142440403688999,0.00391870167828795,0.11032533869061195,0.9656988525122688
157,21,0.10847923267141343,0.010969336706418493,0.09750989596499494,0.8988807679010331
157,22,0.08392850776517041,0.017350244679100863,0.06657826308606955,0.7932735236083744
157,23,0.0682021420069866,0.008925781107623926,0.059276360899362675,0.8691275545757848
157,24,0.08437870730814591,0.02151917795163518,0.06285952935651073,0.7449690966104938
157,25,0.0896764828137821,0.03614236932948357,0.053534113484298526,0.5969693703918441
157,26,0.07631532062908283,0.0038998647753572136,0.07241545585372562,0.9488980096891446
157,27,0.08226525539552138,0.01981534700615268,0.062449908389368695,0.7591286028240855
157,28,0.10553883623257478,0.014787082282568583,0.09075175395000619,0.8598896594805873
157,29,0.13379251464021066,0.016975806832062006,0.11681670780814865,0.8731184111628916
157,30,0.11137013708689579,0.0169489651457881,0.09442117194110769,0.847814094611702
157,31,0.0800715984033429,0.022317923154400447,0.05775367524894245,0.7212754135120563
157,32,0.1318532054699427,0.03908130785458462,0.09277189761535808,0.7035998653556161
157,33,0.11875773332168574,0.018008428571241103,0.10074930475044463,0.8483599504003612
157,34,0.07395121659865696,0.020754181003618245,0.053197035595038716,0.7193530822318458
157,35,0.11283791797821449,0.023344258614246226,0.08949365936396826,0.7931168969392604
157,36,0.12905747776887178,0.051990104438026395,0.07706737333084537,0.5971554276681654
157,37,0.09971413697271661,0.02520902697612168,0.07450510999659493,0.747187031433474
157,38,0.09464979239824206,0.016285814536807563,0.0783639778614345,0.8279360775744286
158,0,0.09710561604257878,0.05563033876286233,0.04147527727971645,0.4271151244386361
158,1,0.09646803083355965,0.0010640071906280815,0.09540402364293157,0.988970364778526
158,2,0.08401713186795504,0.05492368792179013,0.029093443946164907,0.34627989910307133
158,3,0.1336657500073365,0.08407015626186648,0.04959559374547001,0.3710418992355773
158,4,0.05699215854766615,0.03312331940184467,0.023868839145821483,0.41880917926381855
158,5,0.06561421251728777,0.028836410091009578,0.03677780242627819,0.5605157939918599
158,6,0.10662757149073535,0.03757370128984898,0.06905387020088637,0.6476173960961524
158,7,0.09340780912892913,0.024927520496634565,0.06848028863229456,0.7331323715961741
158,8,0.11490983602118127,0.02915647800077436,0.0857533580204069,0.7462664728248332
158,9,0.0767386983158601,0.012608098326925755,0.06413059998893433,0.8357009096632023
158,10,0.10714507472126934,0.0601715343633496,0.046973540357919744,0.43841063604760394
158,11,0.07292831750779077,0.002422952552649687,0.07050536495514109,0.9667762450108514
158,12,0.10167382638673376,0.022674282629028396,0.07899954375770538,0.7769899743638753
158,13,0.09689046031437724,0.024048843212688437,0.07284161710168881,0.75179348787633
158,14,0.0902880161291938,0.008607675640835663,0.08168034048835814,0.9046642510284103
158,15,0.07558862037838335,0.01136158354201092,0.06422703683637243,0.8496918784185129
158,16,0.09512110387165577,0.02326497363018427,0.0718561302414715,0.755417329244044
158,17,0.09510932450955706,0.00019079427580671188,0.09491853023375035,0.997993947735508
158,18,0.12443655046404685,0.015612326315827256,0.1088242241482196,0.8745358477263633
158,19,0.12797808460170623,0.018709137447225757,0.10926894715448048,0.853809833883259
158,20,0.10493013979933845,0.012919420498095906,0.09201071930124255,0.876875981269041
158,21,0.08133651812412303,0.019079047744004464,0.062257470380118564,0.7654307292219097
158,22,0.08745895808532815,0.001963948470626366,0.08549500961470179,0.9775443417847459
158,23,0.1107363834026677,0.010432958534902895,0.1003034248677648,0.9057856305730537
158,24,0.0731068753487519,0.005245440541811376,0.06786143480694053,0.9282496958488744
158,25,0.06483946308992761,0.0013829024220980979,0.06345656066782951,0.978671902014671
158,26,0.12519158966094435,0.02585279569002058,0.09933879397092377,0.7934941495667756
158,27,0.0949459996592012,0.034450375166433636,0.06049562449276756,0.6371582237262267
158,28,0.08230235489599982,0.014019921652507041,0.06828243324349278,0.8296534568151408
158,29,0.09676286487016769,0.004670277247637321,0.09209258762253036,0.9517348183737252
158,30,0.12043412938939152,0.015543327403746594,0.10489080198564493,0.870939180757546
158,31,0.08602061672177708,0.0034156575074470044,0.08260495921433007,0.9602925712739945
158,32,0.10408926342266411,0.03357529591723542,0.0705139675054287,0.6774374722885701
158,33,0.11057945286413783,0.001994208326733306,0.10858524453740452,0.9819658329365812
158,34,0.06086781625318807,0.008020530498477872,0.052847285754710205,0.8682303556757258
158,35,0.0893314876696105,0.0018893455550655896,0.0874421421145449,0.9788501724940116
158,36,0.07624184092858168,0.0172419101773562,0.05899993075122548,0.7738523890902991
158,37,0.11698976567857353,0.04616876267275477,0.07082100300581876,0.6053606706111174
158,38,0.07994360179257645,0.011660551789982387,0.06828305000259406,0.854140274787254
159,0,0.09249030182672806,0.03344535397288091,0.059044947853847146,0.6383906927286532
159,1,0.10154758189897611,0.0333588217716107,0.06818876012736541,0.6714956560482407
159,2,0.1178131014240649,0.005107287915042995,0.1127058135090219,0.9566492363471575
159,3,0.10791914477571068,0.01389017961075383,0.09402896516495686,0.8712908665128702
159,4,0.11868865478327609,0.006567067774083819,0.11212158700919227,0.944669793536078
159,5,0.10440465361686188,0.0026601847590607373,0.10174446885780114,0.9745204388223638
159,6,0.08246676725434952,0.012322375403949532,0.07014439185039999,0.8505776834207162
159,7,0.07902207110779444,0.004339348505503537,0.0746827226022909,0.9450868795936238
159,8,0.08019131388699711,0.039130857647305305,0.04106045623969181,0.5120312194604121
159,9,0.06539795021769604,0.0341014631292778,0.031296487088418236,0.4785545568972545
159,10,0.11463210415645864,0.031548055184232864,0.08308404897222577,0.7247886583223345
159,11,0.12280808928743212,0.021333609816679075,0.10147447947075304,0.8262849789418366
159,12,0.119397376150192,0.02323713060717965,0.09616024554301235,0.8053798889353375
159,13,0.12114245230068907,0.03957368942345796,0.08156876287723111,0.673329302223207
159,14,0.09966769052470224,0.03272022278732083,0.06694746773738142,0.6717068227921741
159,15,0.11286354566150608,0.024404745218637253,0.08845880044286883,0.7837676897744239
159,16,0.10806814915542653,0.022528070512852015,0.08554007864257451,0.7915382960760109
159,17,0.08862524494963975,0.03914111567897614,0.049484129270663604,0.558352524709888
159,18,0.09161408697536139,0.05706451235969392,0.03454957461566747,0.37712076555387386
159,19,0.07603070491021809,0.029670156782649344,0.04636054812756874,0.6097608615139665
159,20,0.1292313788323226,0.0010466741645587599,0.12818470466776385,0.9919007738366948
159,21,0.12095050847611605,0.004496976870475906,0.11645353160564015,0.9628196943763663
159,22,0.10113657741372382,0.04325538373444987,0.057881193679273954,0.5723072221684625
159,23,0.12089450095532742,0.0037645048832315193,0.1171299960720959,0.9688612397298156
159,24,0.09457954932346178,0.023937467674247787,0.070642081649214,0.7469065157798361
159,25,0.11193960889184941,0.016932735836940986,0.09500687305490843,0.8487332946347833
159,26,0.11285626096397786,0.0080460942341842,0.10481016672979365,0.9287049370105182
159,27,0.09638471742873761,0.048523534099449206,0.047861183329288404,0.49656402597927146
159,28,0.09633291151880717,0.00549206857778561,0.09084084294102156,0.9429886578616137
159,29,0.07569015949252492,0.00016507898454281786,0.0755250805079821,0.9978190165584322
159,30,0.06445375266715447,0.04129139312218609,0.023162359544968383,0.3593640181756536
159,31,0.12819765216596318,0.0727093646813905,0.055488287484572685,0.432833882267502
159,32,0.06452150635232726,0.020008479137729428,0.04451302721459783,0.6898944201880411
159,33,0.0787206983340378,0.020141020921553513,0.05857967741248429,0.7441458047527915
159,34,0.09116946443543292,0.054134544537022405,0.03703491989841051,0.40622065872328333
159,35,0.11377706783502367,0.030491272234149474,0.0832857956008742,0.7320086304354256
159,36,0.11298645671195567,0.01095544592979903,0.10203101078215665,0.903037529907425
159,37,0.07784254212276241,0.030921396863052862,0.04692114525970955,0.6027699504688845
159,38,0.11192071333926487,0.032066145781498356,0.07985456755776651,0.7134923033925243
160,0,0.11992009888257177,0.0168479561105164,0.10307214277205537,0.8595068193946849
160,1,0.10748056271718034,0.0577286513042949,0.049751911412885444,0.46289217468837085
160,2,0.11398401378689489,0.02068831809288383,0.09329569569401105,0.8184980734968429
160,3,0.11281598277777163,0.040082527044361764,0.07273345573340986,0.6447087898589905
160,4,0.08642185394790683,0.018568344946856635,0.0678535090010502,0.7851429459260476
160,5,0.10209618329349016,0.025879609321135894,0.07621657397235426,0.7465173673854072
160,6,0.060689686729068354,0.03452755760085183,0.026162129128216527,0.4310803126239525
160,7,0.08719027313369815,0.018313666261983327,0.06887660687171482,0.7899574619533416
160,8,0.07466020079403494,0.0017833514699143772,0.07287684932412057,0.9761137600629537
160,9,0.09851566377275757,0.026857561191459454,0.07165810258129812,0.7273777573745959
160,10,0.11044651071165515,0.02944987477196966,0.0809966359396855,0.7333562230059488
160,11,0.10939720210142659,0.01963564557859384,0.08976155652283274,0.8205105322493638
160,12,0.09421796137959086,0.04583090223336734,0.04838705914622352,0.5135651253509815
160,13,0.10460050425154004,0.04999578707993331,0.054604717171606726,0.5220311083806537
160,14,0.08311236845775097,0.014137824194909845,0.06897454426284112,0.8298950630663761
160,15,0.07062129047481232,0.021673383787057052,0.04894790668775527,0.6931041100872116
160,16,0.07919026387619116,0.016277745040178378,0.06291251883601279,0.7944476474326747
160,17,0.14270185079060616,0.08741102866933878,0.055290822121267375,0.3874569377687923
160,18,0.106023519434535,0.01700825546596753,0.08901526396856747,0.8395803538999722
160,19,0.10729662538008318,0.009090182184884728,0.09820644319519845,0.9152798873898965
160,20,0.10472178685955501,0.017286366790214433,0.08743542006934057,0.8349305592598644
160,21,0.09553901986567515,0.03943627156251522,0.05610274830315993,0.5872234023547512
160,22,0.11057381030415468,0.029560623042663107,0.08101318726149158,0.7326616224822959
160,23,0.09746221663928528,0.03398894847210069,0.0634732681671846,0.6512602560857379
160,24,0.10109506918060963,0.006743818872938205,0.09435125030767143,0.9332923066614638
160,25,0.12496318778403787,0.04721670897509265,0.07774647880894522,0.622155053721158
160,26,0.05600344756168461,0.019524086327073233,0.03647936123461138,0.6513770637857864
160,27,0.11334246842759252,0.04160814307382967,0.07173432535376284,0.632898915551583
160,28,0.11784891736999178,0.0453572319339182,0.0724916854360736,0.6151238980709751
160,29,0.11506552659382019,0.052897076931115034,0.062168449662705155,0.5402873606285137
160,30,0.0942225034075728,0.043740131268210074,0.05048237213936272,0.5357782940768838
160,31,0.08321026509292692,0.018876331741701814,0.06433393335122511,0.7731490012605867
160,32,0.08049934587918,0.015134601302327763,0.06536474457685225,0.811991002696556
160,33,0.07987500067229125,0.019319083649619366,0.060555917022671886,0.7581335400686741
160,34,0.11051741687755008,0.020288829233697646,0.09022858764385244,0.8164196213871245
160,35,0.11407379444858501,0.0017867452207385101,0.11228704922784649,0.9843369353200236
160,36,0.10403764113492517,0.028588481599639802,0.07544915953528536,0.7252102096147706
160,37,0.10493650787579481,0.02645038977007423,0.07848611810572058,0.7479391080806548
160,38,0.10081541332134027,0.060209391821465966,0.0406060214998743,0.4027759264394044
161,0,0.10878230287548805,0.0070484311275120955,0.10173387174797596,0.9352060864570986
161,1,0.1355436862635332,0.05621395067558735,0.07932973558794584,0.5852706073944869
161,2,0.09961292623265838,0.030134370717295536,0.06947855551536285,0.697485337927801
161,3,0.07417894409416231,0.04692316987082491,0.0272557742233374,0.3674327608214412
161,4,0.10245229864806113,0.014140307771412957,0.08831199087664818,0.861981546944232
161,5,0.08776187425132921,0.01855551867359978,0.06920635557772943,0.788569708294274
161,6,0.04238243322775969,0.007921590822648147,0.03446084240511155,0.8130925900342207
161,7,0.09290119590211894,0.036778173802644615,0.056123022099474326,0.6041151737013779
161,8,0.08866368772655525,0.04051874241577653,0.048144945310778724,0.5430063484304979
161,9,0.1207131649628574,0.08244733431548752,0.03826583064736988,0.31699798989732403
161,10,0.12082003658782212,0.02048855209964952,0.1003314844881726,0.8304209080026497
161,11,0.0837814917836741,0.023401571412175994,0.0603799203714981,0.7206832808300975
161,12,0.08192862414853228,0.009806279177353265,0.072122344971179,0.8803070443417309
161,13,0.08831959371792253,0.011778109386129472,0.07654148433179306,0.8666421697574073
161,14,0.10094980540730002,0.04649676090393965,0.054453044503360366,0.5394071269742406
161,15,0.10261461966824112,0.030285241913886977,0.07232937775435413,0.7048642580189753
161,16,0.08915154906986446,0.01544111261026625,0.07371043645959821,0.826799278628735
161,17,0.090008317866837,0.008910347476886488,0.08109797038995051,0.9010052883104768
161,18,0.08391774612268887,0.00978824922101436,0.07412949690167452,0.8833590072032701
161,19,0.102780056586591,0.05024256096012499,0.052537495626466015,0.5111642994884302
161,20,0.10542332764162733,0.03902785937597865,0.06639546826564868,0.6297986389819842
161,21,0.09427175915769195,0.03219219556166,0.06207956359603195,0.6585170803081027
161,22,0.08658093748993242,0.007738869310445928,0.0788420681794865,0.910616937921863
161,23,0.10861245235289203,0.05311036226141723,0.055502090091474804,0.5110103757821738
161,24,0.08001749892515223,0.022975352927901076,0.057042145997251145,0.7128708940354153
161,25,0.10068105170727695,0.0007449604544332127,0.09993609125284374,0.9926007879158917
161,26,0.12329761295503822,0.00973472314288133,0.11356288981215688,0.9210469456011999
161,27,0.0894685484055529,0.031859002886661075,0.05760954551889183,0.6439083515444213
161,28,0.12595360081613682,0.063246289031405,0.06270731178473182,0.4978604135047319
161,29,0.11173865643088213,0.012606979548381138,0.09913167688250099,0.887174412588544
161,30,0.09855001270812047,0.06152758149110009,0.03702243121702038,0.37567150119677006
161,31,0.08928095891981329,0.019232153631760226,0.07004880528805306,0.7845884064816847
161,32,0.12601811043587197,0.0066616516540605325,0.11935645878181143,0.9471373469176836
161,33,0.08225998961525577,0.04448828464941672,0.03777170496583905,0.45917468677669254
161,34,0.08727769164962561,0.013131336365919594,0.07414635528370601,0.8495453291932255
161,35,0.12390854175593236,0.013296874178035604,0.11061166757789676,0.8926879939865083
161,36,0.1025722050345309,0.03680903099183869,0.06576317404269222,0.6411402974183217
161,37,0.07618183960678397,0.026995676360354194,0.04918616324642978,0.645641579414548
161,38,0.09612260055142993,0.03386814165959422,0.062254458891835715,0.6476568313247701
162,0,0.10215970867153394,0.005531740396208601,0.09662796827532534,0.9458520343475688
162,1,0.1150018348902051,0.05621128030781157,0.05879055458239353,0.5112140570498047
162,2,0.1030039256965739,0.013056336783950143,0.08994758891262376,0.8732442798111294
162,3,0.08565208682497713,0.006637769236636405,0.07901431758834072,0.9225031230097157
162,4,0.12149999177307706,0.04341229100142535,0.07808770077165171,0.6426971692104675
162,5,0.07635826339915829,0.04498258143623603,0.03137568196292226,0.41090093679721007
162,6,0.1260173586850227,0.009547506418544124,0.11646985226647857,0.924236577260694
162,7,0.10702664966195773,0.005342694067322984,0.10168395559463474,0.950080712755208
162,8,0.10702352248021998,0.022699949099596245,0.08432357338062374,0.7878975707999928
162,9,0.09944737068136805,0.005909694764121964,0.09353767591724609,0.9405746504544923
162,10,0.10996605828174008,0.025713008094605645,0.08425305018713444,0.7661732311189398
162,11,0.09443889060594383,0.012892038452311447,0.08154685215363239,0.8634880358124406
162,12,0.08384162761747785,0.013887885618614513,0.06995374199886334,0.8343557250346199
162,13,0.12145652959818176,0.04380083030453133,0.07765569929365043,0.6393703125765332
162,14,0.08998483348310976,0.020476860586743244,0.06950797289636651,0.772440979283617
162,15,0.0920933681335926,0.003217988106620295,0.0888753800269723,0.9650573307086324
162,16,0.06930571869668298,0.0014247032715038986,0.06788101542517908,0.9794432075982196
162,17,0.07574239033703843,0.01737594848565992,0.058366441851378514,0.7705914956163855
162,18,0.10465196694658677,0.028841970195684803,0.07580999675090197,0.7244010692087094
162,19,0.10212934537329896,0.030014621791293085,0.07211472358200588,0.706111679443505
162,20,0.07064053604887971,0.004728582164414633,0.06591195388446508,0.9330613493484436
162,21,0.06959516486282928,0.021353683627742783,0.048241481235086495,0.6931728853602045
162,22,0.0878305630465255,0.0020014941710272197,0.0858290688754983,0.9772118713395133
162,23,0.07177445960676701,0.0405240026228814,0.03125045698388561,0.435398011424934
162,24,0.10670611450818016,0.05027699884008376,0.05642911566809639,0.5288273865858971
162,25,0.11024074345131746,0.01665606724062422,0.09358467621069325,0.8489118748733805
162,26,0.1209286270934355,0.03378011757500485,0.08714850951843066,0.7206607038637374
162,27,0.0881967440716906,0.017656198780723185,0.07054054529096743,0.799808950244565
162,28,0.06728246713821218,0.012668084319895953,0.05461438281831622,0.8117178983066559
162,29,0.07262547004443114,0.0008071085264309977,0.07181836151800014,0.988886701512056
162,30,0.07896710878170451,0.0055966898150112505,0.07337041896669326,0.9291263172559266
162,31,0.10780626980022417,0.024454483367410247,0.08335178643281393,0.7731626981183297
162,32,0.07193095651408632,0.012234789913712758,0.059696166600373565,0.8299092559499497
162,33,0.08833086690975162,0.0043416630723764026,0.08398920383737521,0.9508477248750166
162,34,0.07159279582780835,0.020298181275669087,0.05129461455213927,0.7164773209236119
162,35,0.11568739824167298,0.056781036164102065,0.05890636207757092,0.5091856414171793
162,36,0.11095706059958273,0.03596468067957769,0.07499237992000504,0.6758684802460156
162,37,0.08661229189412416,0.008597136253442685,0.07801515564068147,0.9007399981523185
162,38,0.07746559222332243,0.043177282241600404,0.034288309981722026,0.44262631960359433
163,0,0.08798977130708664,0.015009095909174553,0.07298067539791209,0.8294222648131178
163,1,0.07551610606987416,0.006740576387404727,0.06877552968246943,0.9107398840034502
163,2,0.07248285505260584,0.006596745644615987,0.06588610940798985,0.9089888824077326
163,3,0.11934530700118762,0.034645268033217075,0.08470003896797054,0.7097056524152029
163,4,0.0983397995727241,0.03547911747929276,0.06286068209343133,0.639219139824916
163,5,0.08818527835523857,0.015788361835298748,0.07239691651993982,0.8209637466732467
163,6,0.10334462694031717,0.0433808537007834,0.059963773239533766,0.5802311645496926
163,7,0.0547050921435704,0.014492626820360954,0.04021246532320945,0.7350771883844766
163,8,0.09893433365994561,0.009489898829190626,0.08944443483075498,0.9040788118934621
163,9,0.07337600421388923,0.05497314239228192,0.018402861821607316,0.25080218006916033
163,10,0.09798537351941894,0.05269188066852094,0.045293492850897996,0.4622474888246626
163,11,0.11661718738599616,0.014620383382003065,0.1019968040039931,0.8746292574043101
163,12,0.10847052261758816,0.01467195042398594,0.09379857219360221,0.8647379023358099
163,13,0.13882491416863008,0.09090169092425521,0.04792322324437487,0.3452062155512138
163,14,0.0973853941365358,0.007698483692973144,0.08968691044356265,0.9209482719535975
163,15,0.09414540383473874,0.04028808296714384,0.0538573208675949,0.5720653231477464
163,16,0.07192662215119791,0.00013190483934190367,0.07179471731185601,0.9981661193672542
163,17,0.0811225133237703,0.04008632698941229,0.04103618633435801,0.5058544743378124
163,18,0.12994550487099937,0.08428402945739116,0.04566147541360821,0.35138941865621026
163,19,0.13421455509641517,0.009094362339078444,0.1251201927573367,0.9322401185732399
163,20,0.07624283009587801,0.026855196815583342,0.04938763328029467,0.6477675765470405
163,21,0.10770404886715085,0.03557990673581379,0.07212414213133705,0.6696511680846803
163,22,0.09986694844115082,0.0007533882365810228,0.0991135602045698,0.9924560803314725
163,23,0.07687549716509096,0.019971661160069265,0.05690383600502169,0.7402077138157571
163,24,0.10824543368839358,0.009560541923845214,0.09868489176454837,0.9116771802922683
163,25,0.0976422529421527,0.007920375941104445,0.08972187700104825,0.9188837239776021
163,26,0.0945056572811013,0.03572017078625489,0.05878548649484641,0.6220314019931376
163,27,0.1323371075759055,0.004800606912905105,0.1275365006630004,0.9637244080602897
163,28,0.08607424127383473,0.005665051516178306,0.08040918975765643,0.9341841248631443
163,29,0.10501575405536431,0.031055523009086965,0.07396023104627734,0.70427748399812
163,30,0.10835497528772756,0.025357331046015112,0.08299764424171244,0.7659790796068122
163,31,0.10780718460679183,0.04463175631229874,0.06317542829449309,0.5860038783585213
163,32,0.09505066902442308,0.006410900151113147,0.08863976887330993,0.9325528140210577
163,33,0.04443040681542417,0.013573228189551274,0.030857178625872898,0.6945058764386717
163,34,0.06332578055496088,0.019100689859896165,0.044225090695064716,0.6983741899032962
163,35,0.06700757268373517,0.03316285868945582,0.033844713994279345,0.5050878973637932
163,36,0.08349650401854641,0.016351831920387555,0.06714467209815886,0.8041614782248194
163,37,0.08253993080053046,0.0016677884481547597,0.08087214235237569,0.9797941622681364
163,38,0.093679994256033,0.010640469377296688,0.08303952487873631,0.8864168442600919
164,0,0.11007907606481146,0.032717681044084276,0.07736139502072718,0.7027801993466858
164,1,0.10808975087981659,0.04737804896293776,0.06071170191687883,0.561678618210373
164,2,0.0892618912927268,0.003263913583552636,0.08599797770917417,0.9634344115245228
164,3,0.10559053729507743,0.015316798255937665,0.09027373903913977,0.8549415634363694
164,4,0.07081364423564325,0.007562400903030112,0.06325124333261314,0.893207008555229
164,5,0.09572061005534017,0.045635390190763125,0.05008521986457705,0.5232438430513621
164,6,0.0766235336226613,0.007554033132625265,0.06906950049003605,0.9014136678970498
164,7,0.08378297561477145,0.06634764339925509,0.017435332215516366,0.20810113376353287
164,8,0.1364535315890536,0.047373113605204145,0.08908041798384946,0.6528260349620408
164,9,0.05958866609069969,0.008849716205804083,0.05073894988489561,0.8514865865207661
164,10,0.09967183193239305,0.01743658125732689,0.08223525067506617,0.8250600905062722
164,11,0.11113859233787315,0.02277037544247093,0.08836821689540222,0.7951172948704752
164,12,0.1288810465344557,0.08347824877527332,0.04540279775918238,0.35228452111493497
164,13,0.11688059606311256,0.022555767249397028,0.09432482881371554,0.8070187181692889
164,14,0.09532736100260236,0.01333235761580644,0.08199500338679593,0.8601413332375532
164,15,0.1457590672452848,0.03396785508361827,0.11179121216166654,0.7669588882147769
164,16,0.10857919563464183,0.030612287224267527,0.0779669084103743,0.718064892216785
164,17,0.10223384185882628,0.020639507250527572,0.08159433460829871,0.7981147252684834
164,18,0.09046340134717792,0.003938416755635641,0.08652498459154229,0.9564639766249681
164,19,0.08046715565812161,0.011602257641091537,0.06886489801703008,0.8558137472836036
164,20,0.08504505691474373,0.012844159951398596,0.07220089696334514,0.8489722928367882
164,21,0.08108161173270934,0.00040265338539504335,0.0806789583473143,0.9950339740812947
164,22,0.10061231070567046,0.04846755998813253,0.052144750717537935,0.5182740596235912
164,23,0.08748003343892354,0.0073282987388762,0.08015173470004733,0.9162288987464476
164,24,0.08364359750022295,0.04035465997906816,0.043288937521154786,0.5175403595121479
164,25,0.08414286947015137,0.04104610178826021,0.04309676768189116,0.5121856189748699
164,26,0.12648417607741513,0.013312031725650843,0.11317214435176429,0.8947533822926342
164,27,0.06805802769438266,0.023316132493795542,0.04474189520058711,0.6574080489299868
164,28,0.1149445923822221,0.019915051370189056,0.09502954101203304,0.8267421637029597
164,29,0.1154397229170967,0.0006972263092314135,0.11474249660786529,0.9939602565597622
164,30,0.11709791391246702,0.0016407680065814827,0.11545714590588553,0.9859880680042857
164,31,0.09052791596770743,0.012285850915627998,0.07824206505207942,0.864286603924357
164,32,0.08389354432756478,0.02069836490827805,0.06319517941928673,0.7532782161704757
164,33,0.09438017727972439,0.02285979562710319,0.0715203816526212,0.757790287261792
164,34,0.07445847571063449,0.015199896010505877,0.059258579700128614,0.7958607684962995
164,35,0.10397305554845038,0.02027443333164755,0.08369862221680283,0.8050030055892714
164,36,0.10457632807976423,0.00743501435269445,0.09714131372706979,0.9289034670731269
164,37,0.12191083206316,0.004847736294621285,0.11706309576853871,0.9602353932576742
164,38,0.10921568331640709,0.010325922304459778,0.09888976101194731,0.905453850665891
165,0,0.088495333142866,0.01571813212741741,0.0727772010154486,0.8223846210958695
165,1,0.10254161386270472,0.02385896050092074,0.07868265336178398,0.7673241174761884
165,2,0.08795380407177242,0.028622966754570444,0.05933083731720197,0.6745681775035742
165,3,0.12166668015455677,0.04444735725576583,0.07721932289879094,0.634679295931285
165,4,0.08607816003513821,0.022108018662289265,0.06397014137284895,0.7431634382837123
165,5,0.11367331181031609,0.046453914211898664,0.06721939759841743,0.5913384287649225
165,6,0.06894746659366591,0.010804834893254445,0.058142631700411465,0.8432888773574305
165,7,0.10518685996643448,0.008586256699616587,0.0966006032668179,0.9183713944654637
165,8,0.07782913436118423,0.027995593507701977,0.04983354085348225,0.6402941682766006
165,9,0.0819014516068431,0.02377937676053456,0.05812207484630855,0.7096586654570635
165,10,0.09936067830733161,0.020642168129763737,0.07871851017756787,0.7922501287087067
165,11,0.11713438275859803,0.023810322226141083,0.09332406053245694,0.7967264464507255
165,12,0.14044774448109765,0.06670174145652022,0.07374600302457743,0.525077873603749
165,13,0.1110140996127628,0.011544171414504322,0.09946992819825848,0.8960116646914899
165,14,0.10545697341789691,0.05973047345989295,0.04572649995800396,0.43360337847742364
165,15,0.06272501368581125,0.038774771463740434,0.023950242222070817,0.3818292067983796
165,16,0.08174492802034249,0.011997111103161057,0.06974781691718143,0.8532372418240367
165,17,0.12363028840591969,0.025687343499353595,0.0979429449065661,0.7922245120466481
165,18,0.09235145043651197,0.007759184739355931,0.08459226569715604,0.9159819937566648
165,19,0.13850617616435007,0.033676032228980676,0.1048301439353694,0.7568625951450639
165,20,0.06033574303485148,0.038365845951196784,0.021969897083654696,0.3641273974361154
165,21,0.09353145750295071,0.034406585701154735,0.05912487180179597,0.632138890810407
165,22,0.068201047955129,0.008001093432231047,0.06019995452289796,0.8826837171549747
165,23,0.09268260501069034,0.02506342175642864,0.0676191832542617,0.7295779315488841
165,24,0.10217359261959183,0.029582922755556428,0.0725906698640354,0.710464103325619
165,25,0.10200256054583401,0.04088559831053275,0.06111696223530126,0.5991708630474905
165,26,0.09582955732308854,0.02225565916501106,0.07357389815807748,0.7677578840317889
165,27,0.07357587808338488,0.018543699720157562,0.05503217836322732,0.7479649553194371
165,28,0.08325810231924977,0.028905956564686586,0.05435214575456318,0.6528150923516383
165,29,0.08349500340770233,0.037488189672332445,0.046006813735369884,0.5510127775038308
165,30,0.08665110940931098,0.0498915814332197,0.03675952797609128,0.4242245509223836
165,31,0.08614072983426914,0.014579638515006758,0.07156109131926239,0.830746285258352
165,32,0.10874562037675578,0.0023418584953300396,0.10640376188142574,0.9784648017343914
165,33,0.09991600499938427,0.005766010642674908,0.09414999435670937,0.9422914212521765
165,34,0.08833555592406278,0.02313049378486767,0.06520506213919511,0.7381519418437612
165,35,0.11081609443573745,0.04198626886244077,0.06882982557329667,0.6211175905789684
165,36,0.0983248646439849,0.036665771170705484,0.06165909347327942,0.6270956354380444
165,37,0.12238055927786488,0.05655190133704136,0.06582865794082352,0.5379012674011372
165,38,0.1099535659253931,0.034694635518777585,0.07525893040661552,0.6844610247354873
166,0,0.10362098935037209,0.003974780356752652,0.09964620899361944,0.9616411657360963
166,1,0.07436728413231487,0.004809899818914061,0.0695573843134008,0.9353223682290689
166,2,0.12151385938473197,0.043849304199810785,0.07766455518492119,0.6391415397236541
166,3,0.10246334817327102,0.0006490781241363739,0.10181427004913464,0.9936652653294253
166,4,0.06689769752172238,0.02147787849427639,0.04541981902744599,0.678944428733107
166,5,0.07758692072604115,0.005901543604115381,0.07168537712192577,0.9239363600347836
166,6,0.08021235425518325,0.00958916429918968,0.07062318995599356,0.8804527757821041
166,7,0.14020081176316646,0.020577029155873984,0.11962378260729248,0.8532317402652873
166,8,0.0767933811778211,0.031389194068928525,0.045404187108892574,0.5912513085438394
166,9,0.10182405742238994,0.005737288462380863,0.09608676896000908,0.9436548826709856
166,10,0.07633196588775162,0.027861500856447764,0.04847046503130386,0.6349956334490466
166,11,0.11517860523015358,0.024582643468267405,0.09059596176188617,0.7865693596554187
166,12,0.1277140499960255,0.01873938740342079,0.10897466259260472,0.8532707450432904
166,13,0.08113197132409905,0.00406131647143044,0.0770706548526686,0.9499418490004804
166,14,0.08702786918899838,0.02779561384054618,0.059232255348452195,0.6806124968981779
166,15,0.08706385840798661,0.02655316771669075,0.06051069069129586,0.6950150360639776
166,16,0.06315654570862432,0.03299820544663339,0.030158340261990928,0.47751725373214426
166,17,0.10493717759671131,0.055591781820594294,0.04934539577611702,0.47023749738875653
166,18,0.08423574580087746,0.008004529938418761,0.0762312158624587,0.9049746653001631
166,19,0.07752129795684996,0.018416749472741245,0.05910454848410872,0.7624298101536895
166,20,0.10238351670496226,0.012190763046106445,0.09019275365885582,0.8809304130347811
166,21,0.09757091533315668,0.011139216086360725,0.08643169924679595,0.8858346665261283
166,22,0.13803981244708935,0.06023922692494521,0.07780058552214414,0.5636097596986022
166,23,0.09348754993145612,0.02120048413064443,0.07228706580081169,0.7732266580289209
166,24,0.11019373357891435,0.03039248058726192,0.07980125299165243,0.7241904816166648
166,25,0.09738705856809607,0.028324713321014307,0.06906234524708177,0.7091532105242836
166,26,0.07455110408013221,0.011236195428246243,0.06331490865188596,0.8492819715162249
166,27,0.12187721189712451,0.020946652668541715,0.1009305592285828,0.8281331485805352
166,28,0.10655993103625325,0.010037730252889971,0.09652220078336328,0.9058020199968505
166,29,0.08936343176881292,0.052041928727173586,0.03732150304163934,0.417637307597941
166,30,0.08019883693612369,0.007099612351393016,0.07309922458473067,0.9114748714242866
166,31,0.08062355683962173,0.005189326355595075,0.07543423048402666,0.9356351101463086
166,32,0.0759654528292605,0.009567039797242091,0.0663984130320184,0.8740606494014468
166,33,0.1409981776616057,0.10138509476273591,0.03961308289886978,0.28094748142022663
166,34,0.10208962526287158,0.008861475805564116,0.09322814945730745,0.9131990563904352
166,35,0.09253130292991728,0.01701664007553204,0.07551466285438524,0.8160985576046589
166,36,0.139247708309314,0.01102487274598318,0.1282228355633308,0.9208254636299408
166,37,0.0870907675887667,0.017006102771581967,0.07008466481718473,0.804731279302957
166,38,0.07982187710595792,0.010697976282485967,0.06912390082347196,0.8659768891642933
167,0,0.09434186574034134,0.007682559828210762,0.08665930591213059,0.9185668020457048
167,1,0.07525541556585287,0.0008492104584964678,0.0744062051073564,0.9887156232928731
167,2,0.08691496208392005,0.04204620863787144,0.04486875344604861,0.5162373930822859
167,3,0.10299828639208017,0.029501079572230197,0.07349720681984998,0.7135769865148105
167,4,0.09500162991869154,0.014184145124892807,0.08081748479379874,0.8506957708301163
167,5,0.09945949321565573,0.009430728077384175,0.09002876513827154,0.905180211838243
167,6,0.10578685831032301,0.006557031288771668,0.09922982702155135,0.9380165798143207
167,7,0.14833091670884546,0.006787812806278319,0.14154310390256714,0.9542387186913843
167,8,0.08033216050636598,0.029071553186518304,0.051260607319847676,0.6381081623689866
167,9,0.09281175864611896,0.028778372192759305,0.06403338645335965,0.6899275198254988
167,10,0.0963134636276863,0.03329950553294758,0.06301395809473871,0.6542590798969533
167,11,0.0666896466728655,0.02448126205803775,0.04220838461482776,0.6329076059118092
167,12,0.11076619916342897,0.0387232726317381,0.07204292653169087,0.6504053319135361
167,13,0.10227706885385204,0.03249302004556494,0.0697840488082871,0.6823039571852068
167,14,0.11588258465264042,0.003000825211807851,0.11288175944083258,0.9741046057886709
167,15,0.09754824808950074,0.00238908027317834,0.0951591678163224,0.9755087321405674
167,16,0.08813927962266034,0.00047120047147957214,0.08766807915118077,0.9946539105663574
167,17,0.11371183039535071,0.00304273720789292,0.1106690931874578,0.9732416829690104
167,18,0.11469079511008762,0.012870590603707162,0.10182020450638046,0.8877800908839011
167,19,0.09371635931311302,0.028510445092306096,0.06520591422080693,0.6957794209968117
167,20,0.09799614529084075,0.04426131691293614,0.05373482837790461,0.5483361434108057
167,21,0.09738307058203227,0.05525882199986821,0.04212424858216406,0.4325623368661393
167,22,0.1270997302759725,0.049671952183803735,0.07742777809216875,0.6091891613306283
167,23,0.1029021565412632,0.03863938005063784,0.06426277649062535,0.6245036902103829
167,24,0.1077211938594674,0.051922485442738996,0.05579870841672841,0.5179919235719125
167,25,0.08370848007210063,0.004937918582571909,0.07877056148952873,0.941010533480972
167,26,0.07408084181085733,0.042882202463703264,0.03119863934715407,0.42114315367541594
167,27,0.15205105913396408,0.035377124299019465,0.11667393483494462,0.7673339173004342
167,28,0.11631365484163297,0.013158756629640743,0.10315489821199222,0.8868683419194671
167,29,0.10638968323111492,0.012578390397639937,0.09381129283347497,0.8817705813606441
167,30,0.08470330842087777,0.02673654582060757,0.0579667626002702,0.6843506314091327
167,31,0.06683562506634334,0.039664518096334186,0.027171106970009157,0.4065362887388003
167,32,0.12271245382325982,0.06110502949727005,0.06160742432598977,0.5020470409199188
167,33,0.12073342120828956,0.04348768845444392,0.07724573275384564,0.6398040574082725
167,34,0.08769627909050272,0.024734190018372515,0.0629620890721302,0.7179562203221098
167,35,0.12238185864236657,0.04610336022125242,0.07627849842111414,0.6232827256204768
167,36,0.08965785661036398,0.015144640348470465,0.07451321626189351,0.8310840686914233
167,37,0.12681534892238877,0.06551659493401417,0.0612987539883746,0.48337014808743345
167,38,0.07769889733088302,0.0009039441965231834,0.07679495313435983,0.9883660614554963
168,0,0.07465477662770201,0.006916893955454801,0.0677378826722472,0.9073482733737339
168,1,0.08755947946551013,0.02596519146520762,0.061594288000302505,0.7034565346469954
168,2,0.08920977853762552,0.02675001323993355,0.06245976529769197,0.7001448307748983
168,3,0.11238807534032669,0.040160454494556685,0.07222762084577,0.6426626724147979
168,4,0.06907529781117588,0.024948873982385253,0.04412642382879063,0.6388162661189611
168,5,0.07872227375369624,0.004735257302632495,0.07398701645106374,0.9398485704637036
168,6,0.11573606292000271,0.023148881375424785,0.09258718154457793,0.7999855810593333
168,7,0.11220888230195165,0.025661270603632373,0.08654761169831929,0.7713080276962527
168,8,0.10684942703615857,0.00643318967684987,0.1004162373593087,0.9397920058600516
168,9,0.09877219928417855,0.015949486956590278,0.08282271232758827,0.8385225086392798
168,10,0.10046557467774192,0.036206331313638734,0.06425924336410319,0.639614550259869
168,11,0.10276697334786822,0.020370366151095786,0.08239660719677243,0.8017810052443434
168,12,0.09525545419701388,0.006932612580787591,0.08832284161622629,0.9272208332926629
168,13,0.08801930522795963,0.01991026264653433,0.0681090425814253,0.7737966393285076
168,14,0.10387007643336939,0.04825675592945791,0.055613320503911476,0.5354123383127222
168,15,0.11357364447154479,0.0087275013825056,0.1048461430890392,0.9231555751942765
168,16,0.10041026227311815,0.003960339879965826,0.09644992239315232,0.9605584151429302
168,17,0.13088177116301472,0.09891309280896764,0.031968678354047084,0.24425615630025158
168,18,0.11685964179205427,0.06309832218416961,0.05376131960788466,0.46005035428356156
168,19,0.08460950959970498,0.017504887757053694,0.06710462184265129,0.7931096889714778
168,20,0.10856781902982987,0.017926672898764894,0.09064114613106497,0.8348804179824281
168,21,0.08404818897287084,0.0047750198327425435,0.07927316914012829,0.9431871181152537
168,22,0.05561561388594963,0.01134584733762309,0.04426976654832654,0.7959952872067563
168,23,0.08204074147215365,0.005067340073389897,0.07697340139876375,0.9382338581726513
168,24,0.06664375480911278,0.028151399512402142,0.038492355296710634,0.5775838322280011
168,25,0.10104355222174644,0.004987471771048552,0.09605608045069788,0.9506403757450724
168,26,0.14406745567705653,0.03159871055780533,0.1124687451192512,0.7806672547293582
168,27,0.1388914979936198,0.09693187856391322,0.04195961942970658,0.3021035847106643
168,28,0.07761645653959154,0.013722348552728563,0.06389410798686297,0.8232031045409951
168,29,0.0927238603725101,0.002033952949285508,0.0906899074232246,0.9780644060642614
168,30,0.1303878867238213,0.054004439712907144,0.07638344701091415,0.5858170488851034
168,31,0.09922671270791797,0.02424030951760745,0.07498640319031052,0.7557078244750403
168,32,0.08542655584925121,0.04221421975249616,0.04321233609675505,0.505841955901981
168,33,0.11099969123245111,0.039613729592848194,0.07138596163960292,0.6431185604841846
168,34,0.10472601900606288,0.04003508721796253,0.06469093178810034,0.6177159449205761
168,35,0.0695664345066916,0.04038964046205046,0.029176794044641144,0.4194090763963852
168,36,0.08376168621522481,0.05208381560684133,0.03167787060838348,0.37819045962121045
168,37,0.08380429634640646,0.03559923674946035,0.04820505959694611,0.5752098842008015
168,38,0.05792480606193666,0.005410662796969358,0.052514143264967304,0.9065916113524152
169,0,0.09209531947416061,0.023710305035203966,0.06838501443895664,0.7425460363177695
169,1,0.08664887582503178,0.04314518478523056,0.04350369103980122,0.5020687299815325
169,2,0.10776512534165025,0.02030263457909213,0.08746249076255813,0.8116029233508872
169,3,0.09731062472798127,0.014071115219427915,0.08323950950855336,0.8554000114708766
169,4,0.10081797661452115,0.00497134174737706,0.09584663486714409,0.9506899273887925
169,5,0.12193386904974736,0.04213128923863547,0.07980257981111188,0.6544742689871795
169,6,0.11618743408426238,0.08620192271678452,0.02998551136747786,0.2580787810989227
169,7,0.12987296201201648,0.03831416360163643,0.09155879841038005,0.7049873737530417
169,8,0.08035619795114922,0.015876547968415793,0.06447964998273342,0.8024228575614343
169,9,0.10798303480707284,0.05692241709626619,0.05106061771080665,0.472857776242664
169,10,0.0961969159656364,0.04767649925523581,0.04852041671040059,0.5043864059813843
169,11,0.1435101135292558,0.03936349210104583,0.10414662142820996,0.7257092818547507
169,12,0.11333556682477268,0.03962617498541281,0.07370939183935987,0.6503641699107698
169,13,0.11730087545025922,0.019965349707597214,0.09733552574266201,0.8297936854182866
169,14,0.14090226428273098,0.0033298235320626656,0.13757244075066832,0.9763678493811774
169,15,0.12204848490132567,0.02783475930306151,0.09421372559826416,0.7719368714362536
169,16,0.1380759915800557,0.011293894049340211,0.1267820975307155,0.9182052294529998
169,17,0.06909907587974873,0.020001036342458117,0.04909803953729061,0.7105455306339352
169,18,0.11288459546388359,0.07760140501193749,0.0352831904519461,0.31255983428876827
169,19,0.10767507944509463,0.06886355497692766,0.03881152446816698,0.3604503908256472
169,20,0.07962041789227065,0.004890933334953357,0.07472948455731729,0.9385718705775826
169,21,0.12134200141583928,0.013526943868217019,0.10781505754762227,0.8885221628918074
169,22,0.10420942744408845,0.010659777293518385,0.09354965015057007,0.8977081291494698
169,23,0.06539513912200344,0.009150200963550702,0.05624493815845274,0.8600782705503575
169,24,0.09529328054624103,0.006866849674986448,0.08842643087125458,0.9279398333688983
169,25,0.11722042308278761,0.004406466589693512,0.1128139564930941,0.9624087128009987
169,26,0.09670041972516,0.0306022071355639,0.0660982125895961,0.6835359430440852
169,27,0.09859171570609175,0.05764121686500357,0.04095049884108818,0.4153543586072105
169,28,0.09285482351272674,0.04959058258361172,0.043264240929115017,0.4659342325192745
169,29,0.09643156472486449,9.091329173476631e-05,0.09634065143312973,0.9990572247583647
169,30,0.10197876256679843,0.05848686473425634,0.043491897832542085,0.4264799526671438
169,31,0.10479337598070286,0.008207304578328228,0.09658607140237463,0.9216810747671726
169,32,0.09620599393135146,0.023001564184917996,0.07320442974643346,0.7609133979601006
169,33,0.10459441908616128,0.006349454345019,0.09824496474114228,0.9392945206781201
169,34,0.14923491159443264,0.050852713958710584,0.09838219763572206,0.6592438497440187
169,35,0.08817390266711232,0.043909521882476724,0.0442643807846356,0.5020122671869169
169,36,0.08835584830997376,0.0002603595100534213,0.08809548879992034,0.997053284926426
169,37,0.0855058514472215,0.04325327466636292,0.042252576780858586,0.49414836605584816
169,38,0.12755473075870277,0.008419500724379657,0.11913523003432311,0.9339930344072698
170,0,0.0675074352454923,0.00130508402941899,0.0662023512160733,0.9806675512901205
170,1,0.10735931575050905,0.010475800380035294,0.09688351537047377,0.9024229960222561
170,2,0.10548931226197364,0.039074950564588734,0.0664143616973849,0.6295837964366527
170,3,0.07063278541382392,0.013402498296111922,0.057230287117712,0.8102510297790287
170,4,0.07393240291591215,0.03833700285876944,0.035595400057142706,0.48145871976631865
170,5,0.09247775702387676,0.04742914515569732,0.04504861186817943,0.4871291575178274
170,6,0.08589726215460186,0.02854279319265941,0.05735446896194245,0.6677100937013944
170,7,0.11995756340246301,0.006834233235824987,0.11312333016663803,0.9430279088539352
170,8,0.08019232324501988,0.043050855248935836,0.03714146799608404,0.4631549067683434
170,9,0.08493146095204503,0.014361734569279182,0.07056972638276585,0.8309020661096568
170,10,0.0820052341308736,0.02634742152518566,0.05565781260568794,0.6787104895873189
170,11,0.08612425657905176,0.050479183733889314,0.03564507284516245,0.4138795997901536
170,12,0.08365171991149359,0.018965552917141214,0.06468616699435237,0.7732795818519042
170,13,0.07156716478120013,0.004250402634883691,0.06731676214631645,0.9406095987192129
170,14,0.09210026967990793,0.002860268699236418,0.08924000098067152,0.9689439704229184
170,15,0.08814058267143725,0.03146439673309,0.05667618593834725,0.6430203229949112
170,16,0.08626000609523682,0.016424131366372472,0.06983587472886435,0.8095973776278299
170,17,0.10808765250016539,0.029922994392918796,0.0781646581072466,0.723159919743164
170,18,0.08792410957331054,0.008646678299404704,0.07927743127390584,0.9016574823291766
170,19,0.08616900226722901,0.015830605757002687,0.07033839651022633,0.8162842165920815
170,20,0.12159345371302112,0.09673232934089987,0.02486112437212125,0.2044610430327709
170,21,0.07159287597257682,0.02485545727505445,0.046737418697522376,0.6528221986140749
170,22,0.07690168506711806,0.0053821287682890885,0.07151955629882897,0.9300128630004442
170,23,0.07652405899196707,0.018113406769228534,0.058410652222738536,0.7632978829425404
170,24,0.06425960287285638,0.03572095664392599,0.028538646228930396,0.44411488638354596
170,25,0.09818238167016621,0.0007198644167786539,0.09746251725338756,0.992668089686427
170,26,0.08558090176909383,0.013332351058652504,0.07224855071044133,0.8442134777380055
170,27,0.07978524429068742,0.006043155785528404,0.07374208850515902,0.9242572252644746
170,28,0.1145046196358214,0.00967401288734677,0.10483060674847462,0.9155142131547644
170,29,0.08889129775141977,0.0010421092198806062,0.08784918853153917,0.9882765889773056
170,30,0.08552154499177736,0.005015822976735477,0.08050572201504189,0.9413501828431919
170,31,0.07268165692603265,0.05213967933778428,0.02054197758824837,0.28262946191710686
170,32,0.06414963957152534,0.0335827327724004,0.030566906799124938,0.47649381981396105
170,33,0.09265466833383704,0.012967686445225857,0.07968698188861117,0.8600428162075658
170,34,0.11654789356052239,0.006788770134577075,0.10975912342594532,0.9417512412521492
170,35,0.14275297492297123,0.02252828851269719,0.12022468641027403,0.842186906963912
170,36,0.0840310057193006,0.015934092674798735,0.06809691304450186,0.8103784128441184
170,37,0.0655076012724645,0.011317729931700516,0.05418987134076398,0.8272302799696954
170,38,0.07909261535851389,0.004834983703362516,0.07425763165515137,0.9388693409435719
171,0,0.10249114357410595,0.0033541794477547973,0.09913696412635115,0.9672734703625433
171,1,0.10871647663313219,0.003759611910194062,0.10495686472293814,0.965418195782034
171,2,0.09470976669707962,0.024562580380380165,0.07014718631669944,0.7406541982207463
171,3,0.12725119892140652,0.02236442382837376,0.10488677509303276,0.8242497986821595
171,4,0.10115368427189247,0.013673216951204485,0.08748046732068798,0.8648272967057526
171,5,0.07833502329907602,0.047726623179318535,0.030608400119757483,0.3907371036694198
171,6,0.12992714619914583,0.022135116702681475,0.10779202949646435,0.8296343962734787
171,7,0.10872913510731544,0.00307360526032472,0.10565552984699073,0.9717315395060296
171,8,0.11253035976469065,0.0237688790566827,0.08876148070800796,0.7887780763663674
171,9,0.08260856594944166,0.003823551465643886,0.07878501448379777,0.9537148306389437
171,10,0.083567554089466,0.04093557169901408,0.04263198239045193,0.5101499362397378
171,11,0.10170763885348622,0.0017212690035852303,0.09998636984990099,0.983076305546088
171,12,0.09742902360315231,0.054816009577173676,0.042613014025978634,0.43737494691058254
171,13,0.07561442813155567,0.003014807270628552,0.07259962086092711,0.9601292062226097
171,14,0.1074449898447997,0.006932687989211485,0.10051230185558821,0.9354768612363825
171,15,0.079954341289908,0.023635555306068704,0.0563187859838393,0.7043868422307666
171,16,0.11157510687730844,0.03211259359482756,0.07946251328248088,0.7121885473061693
171,17,0.06987722400669724,0.004229333112588867,0.06564789089410837,0.9394747977941493
171,18,0.07902399192137731,0.034295321946780984,0.044728669974596326,0.5660138002025746
171,19,0.11106455009917056,0.014048681182154944,0.09701586891701561,0.8735088633626954
171,20,0.10294883647845836,0.0033508146620176878,0.09959802181644067,0.96745165096918
171,21,0.0906538969954961,0.025269201296679762,0.06538469569881633,0.7212563151263623
171,22,0.09458048209626435,0.0030266226155991963,0.09155385948066516,0.9679995010755107
171,23,0.09220653318145886,0.021275310831331638,0.07093122235012722,0.7692646052589066
171,24,0.11857189781124217,0.050083320253558855,0.06848857755768331,0.5776122236544796
171,25,0.10427197197162212,0.019937759757234507,0.08433421221438761,0.8087908056187849
171,26,0.12853728449215682,0.04820628827737014,0.08033099621478668,0.6249626054585615
171,27,0.11326150977781894,0.05053794865789745,0.0627235611199215,0.5537941463341259
171,28,0.0961519962276507,0.025972396397353593,0.0701795998302971,0.7298818806022392
171,29,0.07275609358423282,0.024008730251699858,0.04874736333253296,0.6700107294256538
171,30,0.06516842164343489,0.0352208502250365,0.02994757141839839,0.45954114988782035
171,31,0.09183149137410888,0.016673718489233925,0.07515777288487496,0.8184313655398726
171,32,0.1038483315841334,0.03390127504122892,0.06994705654290448,0.673550123299154
171,33,0.08720845743799344,0.018249449507250094,0.06895900793074335,0.790737618306966
171,34,0.09954237708493026,0.019211947787698243,0.08033042929723201,0.8069972975298101
171,35,0.09743232326247345,0.033025264407283914,0.06440705885518953,0.6610440631871521
171,36,0.1036675030643131,0.028423932668306805,0.07524357039600629,0.7258163664781893
171,37,0.055224399507063815,0.009881941468949149,0.045342458038114666,0.8210584169831464
171,38,0.0832227248692447,0.0009020809069754353,0.08232064396226926,0.9891606420194395
172,0,0.12425922302687781,0.021031348640329836,0.10322787438654797,0.8307461761950606
172,1,0.12440646810200585,0.009835184124445319,0.11457128397756053,0.9209431448822978
172,2,0.08389829515293193,0.03449071167794901,0.04940758347498292,0.5888985394151518
172,3,0.0980092042291825,0.005528379138274649,0.09248082509090785,0.9435932657370913
172,4,0.11606222718117172,0.02642569188218273,0.08963653529898899,0.7723144512733454
172,5,0.1268259028250123,0.0660507254861655,0.0607751773388468,0.4792016140638177
172,6,0.0719606138634453,0.0072386467891910125,0.06472196707425429,0.8994082123461692
172,7,0.10503959015098276,0.00905038720433032,0.09598920294665243,0.9138383233281718
172,8,0.07899028314786952,0.004307341948576886,0.07468294119929263,0.9454699771044806
172,9,0.10108239420760362,0.05387455758570092,0.0472078366219027,0.467023332717535
172,10,0.0960449714064985,0.011700140100409446,0.08434483130608905,0.8781806071773395
172,11,0.11741369235760662,0.009963554550825593,0.10745013780678103,0.915141459647827
172,12,0.10528586467388809,0.0074276155138034185,0.09785824916008468,0.9294528706506835
172,13,0.09009999743210262,0.011598220402798998,0.07850177702930362,0.8712739097296961
172,14,0.1068804670686712,0.04294718120129579,0.06393328586737541,0.5981755845649325
172,15,0.07871456091140452,0.003968040021794843,0.07474652088960967,0.9495895044595244
172,16,0.0971726002310552,0.004026061710159107,0.09314653852089609,0.9585679327239776
172,17,0.09345771583532272,0.028484692429244833,0.06497302340607788,0.6952130471556107
172,18,0.10364638895557005,0.060809362085587154,0.04283702686998289,0.41329975218283566
172,19,0.11259247722771278,0.05270696506681758,0.059885512160895195,0.5318784490350956
172,20,0.06270145430970354,0.026522409798695256,0.036179044511008285,0.5770048702906927
172,21,0.09401268151610337,0.0029144756638258343,0.09109820585227754,0.9689991220670946
172,22,0.10721823833321303,0.03548006196796192,0.07173817636525112,0.6690855723846449
172,23,0.0772060141235214,0.0018940058049960583,0.07531200831852534,0.9754681571572151
172,24,0.1214375534307538,0.03496497854677484,0.08647257488397896,0.7120744155413787
172,25,0.07257311104981873,0.011419359442776738,0.06115375160704199,0.8426502698094647
172,26,0.09823500619407735,0.025927424236560536,0.07230758195751681,0.73606736293845
172,27,0.08389749520133766,0.02135887228590075,0.06253862291543691,0.745417044517913
172,28,0.1234304610993314,0.008857955330970403,0.11457250576836099,0.9282352569043559
172,29,0.07421764406839262,0.0051934108828959845,0.06902423318549664,0.9300245790864746
172,30,0.08222346658316254,0.004423630793435,0.07779983578972754,0.9461998991618671
172,31,0.13041664232517702,0.0010268183000754667,0.12938982402510155,0.9921266313733547
172,32,0.06689440215411312,0.005812773843689438,0.06108162831042368,0.9131052276945713
172,33,0.11620404560037864,0.06230354165182596,0.05390050394855268,0.4638436094894191
172,34,0.08467130247030175,0.014735481031263408,0.06993582143903834,0.8259684143109546
172,35,0.10361296027337352,0.03385377515549948,0.06975918511787405,0.6732669825649289
172,36,0.0838548787268754,0.002166971649874087,0.08168790707700131,0.9741580730569994
172,37,0.1057147555504912,0.051851501985184734,0.05386325356530647,0.5095149989689041
172,38,0.09867326036852757,0.012012302008876659,0.0866609583596509,0.8782618313815436
173,0,0.10905160841887479,0.0371706209234661,0.0718809874954087,0.6591465136333325
173,1,0.0789811321257815,0.02141579362502059,0.05756533850076091,0.7288492447675371
173,2,0.09891604140925231,0.00866631001034848,0.09024973139890383,0.9123872135714293
173,3,0.09112755664920207,0.0159537256201312,0.07517383102907087,0.8249297335871136
173,4,0.0897424347171712,0.0069312056896354175,0.08281122902753578,0.9227655711427984
173,5,0.11338697594258414,0.008136868617135359,0.10525010732544877,0.9282380665901555
173,6,0.06771928956679898,0.004809639156776889,0.0629096504100221,0.9289768220023541
173,7,0.05666584387173576,0.024376365909160758,0.032289477962575,0.5698225907596622
173,8,0.08651873259983033,0.0029965884393661733,0.08352214416046415,0.9653648597324453
173,9,0.09326690949119187,0.020836114428901042,0.07243079506229083,0.7765969244336459
173,10,0.09993276114971875,0.055634100507425475,0.04429866064229327,0.44328466593578103
173,11,0.10301088306812747,0.007542530138256233,0.09546835292987124,0.9267792886187775
173,12,0.10024688874609877,0.011460609398665816,0.08878627934743295,0.8856761587115907
173,13,0.1054324018647082,0.06044553926159067,0.04498686260311753,0.42668915634536214
173,14,0.0996933895996167,0.011150864840310602,0.0885425247593061,0.8881484029673973
173,15,0.14043102158982365,0.04021103895791,0.10021998263191365,0.71365985590164
173,16,0.10649039338647596,0.01638425089914515,0.09010614248733081,0.8461433902334902
173,17,0.07013911923515813,0.03624765365579519,0.03389146557936294,0.4832034668946115
173,18,0.10064461803323968,0.009612576523357674,0.091032041509882,0.9044899100299337
173,19,0.09258969990666635,0.010794318195767004,0.08179538171089934,0.8834177213378155
173,20,0.09406880040893106,0.029910838571045928,0.06415796183788514,0.682032316336351
173,21,0.09084780295110395,0.018393000081462746,0.0724548028696412,0.7975405074863262
173,22,0.06271457437103525,0.046648770636535615,0.016065803734499638,0.2561733679232245
173,23,0.08733667124380948,0.02429532978535009,0.06304134145845938,0.7218198330741604
173,24,0.06889349861465865,0.03740180604226656,0.031491692572392094,0.45710688534682026
173,25,0.08505306081680332,0.0028066975656868224,0.08224636325111649,0.9670006283285654
173,26,0.05013113605694335,0.0011612642312464946,0.048969871825696856,0.9768354694789396
173,27,0.09726505888543284,0.019213135580638165,0.07805192330479467,0.802466211393867
173,28,0.08109528010029457,0.009593621807546311,0.07150165829274827,0.881699381324272
173,29,0.15374347506167108,0.05188678291924333,0.10185669214242775,0.6625106665604508
173,30,0.1100872101997663,0.04416053329766832,0.06592667690209798,0.5988586392775892
173,31,0.10225372231863142,0.010232432215200413,0.092021290103431,0.8999309562216692
173,32,0.08994224149721858,0.01341363405353414,0.07652860744368443,0.8508639118811715
173,33,0.14347407616617663,0.03813874059895554,0.10533533556722109,0.7341767821889863
173,34,0.08152085942288728,0.0013436525547697586,0.08017720686811752,0.9835176841328476
173,35,0.11210030051859664,0.06279485799550194,0.0493054425230947,0.4398332769403707
173,36,0.08338723024398895,0.03752347954576574,0.04586375069822321,0.5500092827646035
173,37,0.10226991276899064,0.0003578766380600354,0.10191203613093061,0.9965006654609317
173,38,0.12659361908994743,0.0437144803085403,0.08287913878140712,0.654686542475097
174,0,0.1189834890978396,0.01087367362489135,0.10810981547294825,0.9086119115573256
174,1,0.09952375080527166,0.019230653807276295,0.08029309699799536,0.8067732209480023
174,2,0.08923407381103093,0.02830055075001357,0.06093352306101736,0.6828504007343088
174,3,0.10653622769035608,0.07103346955416738,0.035502758136188695,0.3332458723747593
174,4,0.09153092504174984,0.019868386059366062,0.07166253898238378,0.7829325329083747
174,5,0.09304894066675376,0.028773187734516925,0.06427575293223683,0.6907736130219316
174,6,0.08049563776230251,0.026682840738962436,0.053812797023340075,0.6685181771246433
174,7,0.12227900736710104,0.011990446239422886,0.11028856112767815,0.9019419073019979
174,8,0.09642005266357562,0.024570483710394518,0.07184956895318109,0.7451724715799034
174,9,0.10968757607235403,0.01370235831578272,0.09598521775657132,0.8750783014227234
174,10,0.09846648363651438,0.020771669424670083,0.07769481421184429,0.7890483273339182
174,11,0.0929478580748829,0.01412761831115727,0.07882023976372562,0.8480049072268514
174,12,0.08568003525331311,0.034127243219011186,0.05155279203430192,0.6016896687995755
174,13,0.1131251244833477,0.040711242689113594,0.07241388179423411,0.6401220075995904
174,14,0.09835268227491749,0.04074252197925239,0.0576101602956651,0.5857507793700223
174,15,0.09344204207454782,0.04149551118645231,0.051946530888095505,0.5559224706011101
174,16,0.08030169900871456,0.0075075388666360566,0.0727941601420785,0.9065083434184709
174,17,0.0757828062075519,0.026011357150982534,0.04977144905656937,0.6567643974578702
174,18,0.10228030042128167,0.006684891405009531,0.09559540901627214,0.9346414570794652
174,19,0.09637135549490866,0.0005242913901723374,0.09584706410473633,0.9945596760834184
174,20,0.10367994561305657,0.02059455930308084,0.08308538630997574,0.801364100055167
174,21,0.12060094672984827,0.01206291951771301,0.10853802721213526,0.8999765769274224
174,22,0.09117966060120138,0.007955118305879963,0.08322454229532142,0.9127533678736336
174,23,0.08057473120112385,0.022129399569228353,0.0584453316318955,0.7253555892852958
174,24,0.10066445960411263,0.0774504940500894,0.023213965554023233,0.2306073627705128
174,25,0.08123895340071825,0.027990326929932103,0.05324862647078615,0.6554568251037485
174,26,0.09286794575433785,0.007246162339047166,0.08562178341529068,0.9219734830980829
174,27,0.08398854516807294,0.01937985615430133,0.06460868901377162,0.7692559608513341
174,28,0.11788774231785226,0.06762292421949902,0.050264818098353245,0.426378664228108
174,29,0.081035515045466,0.02035635620183396,0.060679158843632036,0.7487971022284147
174,30,0.10384479675426674,0.03386699771640426,0.06997779903786247,0.6738690933495158
174,31,0.10971593248077942,0.05667646239796097,0.05303947008281845,0.4834254140082177
174,32,0.0717662440760926,0.020258336633631743,0.05150790744246085,0.7177177530406613
174,33,0.10426004000696576,0.039863215441285564,0.06439682456568019,0.6176558589597486
174,34,0.07376688748600493,0.033682079414547365,0.04008480807145757,0.5433983923893015
174,35,0.10801374062823785,0.037831258958049445,0.0701824816701884,0.6497551261717966
174,36,0.10375005372850021,0.05130739319266825,0.052442660535831964,0.505471165085536
174,37,0.07375324195231892,0.02722920789072311,0.046524034061595804,0.6308066307332408
174,38,0.11450197837755517,0.017782597436883613,0.09671938094067156,0.8446961555699253
175,0,0.10005301352066936,0.0024737116990465324,0.09757930182162283,0.9752759900776452
175,1,0.09522323336891256,0.0270491310354209,0.06817410233349167,0.7159397966394659
175,2,0.11739763365009093,0.027955657709989545,0.08944197594010138,0.7618720510729144
175,3,0.06928827400269719,0.04084084103429422,0.028447432968402964,0.4105663386462129
175,4,0.13258086611171377,0.07351660115041926,0.05906426496129451,0.4454961465670805
175,5,0.10087141573975392,0.04739452159947147,0.05347689414028245,0.5301491383669253
175,6,0.07487780642416654,0.004178729214675093,0.07069907720949145,0.9441926865351331
175,7,0.09856396278554719,0.03158950496511118,0.06697445782043601,0.6795024867877647
175,8,0.1052270471466147,0.032737011921725095,0.0724900352248896,0.6888916603721471
175,9,0.04589777478857157,0.025607865652151517,0.020289909136420054,0.4420673819130811
175,10,0.08665712731270706,0.03736270027341814,0.049294427039288914,0.5688444628611705
175,11,0.12094300467330496,0.02028982638118347,0.10065317829212149,0.8322364618276933
175,12,0.06628074703754264,0.002103553507338136,0.0641771935302045,0.9682629782952409
175,13,0.10481560693308983,0.02709606779179463,0.0777195391412952,0.7414882326723377
175,14,0.08648063851610306,0.020212786866037932,0.06626785165006513,0.7662738479633886
175,15,0.06514002089817512,0.025337183359270807,0.03980283753890432,0.61103507475263
175,16,0.09704637318526513,0.026192310178902257,0.07085406300636288,0.7301052134230698
175,17,0.09923258868695115,0.02090761091422305,0.0783249777727281,0.7893070090091043
175,18,0.1054321341557568,0.03536141114161281,0.07007072301414399,0.6646049951965048
175,19,0.09461303603588521,0.006663907632745878,0.08794912840313933,0.9295667075917703
175,20,0.10952119730459717,0.05547164107947933,0.05404955622511784,0.493507718645522
175,21,0.14148627710145079,0.022954273012674317,0.11853200408877647,0.8377632553281809
175,22,0.11243413636224174,0.059986831314631735,0.052447305047610006,0.4664713648765408
175,23,0.08540469325120087,0.02041975401273026,0.06498493923847061,0.7609059498326441
175,24,0.0846218182873156,0.026426838203236776,0.05819498008407883,0.6877065662485531
175,25,0.0796066054395358,0.004148147436025373,0.07545845800351042,0.9478919191049284
175,26,0.076139209661656,0.009891534486711219,0.06624767517494477,0.8700861943449797
175,27,0.12130799871394718,0.015240781519591132,0.10606721719435605,0.8743629300527003
175,28,0.07101965702796251,0.002306203759885262,0.06871345326807725,0.9675272472946858
175,29,0.0826775066911966,0.014522819677758736,0.06815468701343787,0.8243437633889714
175,30,0.08570649908218061,0.04012598346346202,0.04558051561871859,0.531820994986777
175,31,0.06539278332669975,0.028567410197112352,0.03682537312958739,0.5631412406107459
175,32,0.0812884698794342,0.013217794908566807,0.06807067497086738,0.8373964360730219
175,33,0.11687006856137293,0.027761799792293033,0.0891082687690799,0.762455861162482
175,34,0.07285408299267998,0.026569387772758798,0.04628469521992118,0.6353068121737478
175,35,0.09554662830998457,0.015928471533012824,0.07961815677697175,0.8332911185381063
175,36,0.08561786497559278,0.043024199863768806,0.04259366511182397,0.4974857189438935
175,37,0.1293402589874857,0.01034382194359345,0.11899643704389223,0.9200262777841332
175,38,0.10559351634789438,0.03694471991421462,0.06864879643367976,0.6501232159700558
176,0,0.07160463675193653,0.026740494251375202,0.044864142500561324,0.6265535939521122
176,1,0.10876275865789876,0.04803219823364135,0.06073056042425742,0.5583764256594362
176,2,0.10086085294808936,0.07666646653820133,0.024194386409888025,0.23987885986191582
176,3,0.11335481246629098,0.010432562569387401,0.10292224989690357,0.907965419884667
176,4,0.1042542478884586,0.017770132056322198,0.08648411583213642,0.8295500431278885
176,5,0.0951244296378547,0.019114331336803295,0.0760100983010514,0.799059700966693
176,6,0.11281615942297632,0.0008628962874003172,0.111953263135576,0.9923513059493091
176,7,0.08667526234255923,0.002862754829306015,0.08381250751325323,0.9669714893046208
176,8,0.10234005398870291,0.01182049553903107,0.09051955844967184,0.8844978571113915
176,9,0.09628649786188745,0.020514170729389034,0.07577232713249842,0.7869465482188958
176,10,0.10691981033642478,0.006441340050460917,0.10047847028596386,0.9397554108056014
176,11,0.13583514925111032,0.00043249231214709596,0.13540265693896322,0.9968160500832699
176,12,0.06488151498928915,0.0007843231941044486,0.06409719179518471,0.987911453759458
176,13,0.10666890113839506,0.03821667311866897,0.06845222801972609,0.6417261946939375
176,14,0.09181194044705313,0.03141605431956067,0.06039588612749246,0.6578216932722608
176,15,0.12145369430308742,0.05318784607109661,0.0682658482319908,0.5620730486932208
176,16,0.11445475566748615,0.011270140261920374,0.10318461540556578,0.9015319180387543
176,17,0.08694814021489239,0.005626955155324027,0.08132118505956837,0.9352837778770541
176,18,0.09318988095179921,0.01768793946268856,0.07550194148911066,0.8101946339878112
176,19,0.09099590149878506,0.0074192439152287685,0.08357665758355629,0.9184661749262648
176,20,0.08732043014090321,0.0484544782121,0.03886595192880321,0.4450957452464193
176,21,0.09433086865155234,0.02179096172616662,0.07253990692538571,0.7689943701604192
176,22,0.11284470065313806,0.009719423631029775,0.10312527702210829,0.9138690290746986
176,23,0.10871835566867077,0.00019259673764853574,0.10852575893102223,0.9982284800348205
176,24,0.09716311830253638,0.029747730405196397,0.06741538789733997,0.6938372200800408
176,25,0.08877436455806849,0.04480296088543174,0.04397140367263675,0.4953164564064491
176,26,0.11532876834043672,0.04711244740807173,0.06821632093236499,0.5914944026021207
176,27,0.06445856916719328,0.018583036335108837,0.04587553283208444,0.7117057270243158
176,28,0.09592762205195204,0.0029915911472394785,0.09293603090471257,0.9688140799985712
176,29,0.11431946352719646,0.057740674113520844,0.05657878941367562,0.4949182551072381
176,30,0.11162565774106359,0.017422452394023125,0.09420320534704046,0.8439207190658824
176,31,0.11469136490365038,0.026688931214879207,0.08800243368877117,0.767297814989821
176,32,0.10179336081384154,0.013613682591309666,0.08817967822253187,0.8662615863896447
176,33,0.08634110686662877,0.0025762086927188284,0.08376489817390995,0.9701624314742884
176,34,0.08091699898061738,0.044692864586966474,0.03622413439365091,0.44767026521000775
176,35,0.07827739134646235,0.002714076522476277,0.07556331482398607,0.9653274531024731
176,36,0.0876052135278807,0.0486467360823202,0.038958477445560497,0.44470501099985116
176,37,0.11637372891056053,0.049544767852700025,0.0668289610578605,0.5742615767620728
176,38,0.07706818998032963,0.014843572043494133,0.0622246179368355,0.8073969033490639
177,0,0.07768368403480233,0.01658271622083188,0.06110096781397045,0.786535404095887
177,1,0.09840927721823987,0.019167467812803086,0.07924180940543679,0.8052270237663076
177,2,0.11313162328424953,0.013149679423367248,0.09998194386088227,0.8837665451831452
177,3,0.11100557268082695,0.057342161986868784,0.05366341069395816,0.4834298801219282
177,4,0.07168904832485072,0.003960767822366599,0.06772828050248413,0.9447507267160413
177,5,0.0973992783325846,0.031218885894504812,0.0661803924380798,0.6794751826815063
177,6,0.09000462637618478,0.006122718574754105,0.08388190780143068,0.9319732904710533
177,7,0.06851862538631094,0.009819680088233727,0.05869894529807722,0.8566859735893716
177,8,0.11910724443010166,0.05727249480963201,0.061834749620469656,0.5191518779259268
177,9,0.0986274024903453,0.03605144896205653,0.06257595352828876,0.634468230413088
177,10,0.11346416179763895,0.04348461621747956,0.0699795455801594,0.6167546163604197
177,11,0.1059953491315285,0.006974142213608552,0.09902120691791995,0.9342033186290616
177,12,0.09644589784079391,0.03356485217911444,0.06288104566167947,0.6519825837017876
177,13,0.10876691106066624,0.036005425307645264,0.07276148575302098,0.6689671062961167
177,14,0.08790094821977151,0.013126858134857089,0.07477409008491442,0.8506630656356848
177,15,0.11614912587463358,0.01139441017763476,0.10475471569699882,0.9018984422669405
177,16,0.11824976973825262,0.029031501968347227,0.0892182677699054,0.754489991544095
177,17,0.10396812572661722,0.008217640044589924,0.09575048568202729,0.9209600058945171
177,18,0.07814153339442767,0.03480510603221933,0.04333642736220834,0.55458890400145
177,19,0.1110355714453369,0.0744325153508121,0.0366030560945248,0.32965162081004445
177,20,0.10891480335739884,0.01373015449982904,0.0951846488575698,0.8739367461852345
177,21,0.10873545786928726,0.022801275644287345,0.08593418222499992,0.7903050569603787
177,22,0.11199220381569101,0.004629633537244705,0.10736257027844631,0.9586611087244624
177,23,0.10909879404267134,0.05471715294223142,0.054381641100439915,0.4984623485312758
177,24,0.0924936442002089,0.013427268857115184,0.07906637534309371,0.8548303618781531
177,25,0.08594798495030054,0.022109900976130695,0.06383808397416985,0.7427525381902118
177,26,0.05745652975068527,0.031629773400862884,0.025826756349822386,0.44950080455414826
177,27,0.0638136992850259,0.015427803460218048,0.048385895824807845,0.758236810699388
177,28,0.10351753206793529,0.017684399317140557,0.08583313275079474,0.8291651765274424
177,29,0.0858781441730261,0.02557663462517231,0.060301509547853786,0.7021752755434391
177,30,0.06593904121181304,0.01693318954892581,0.049005851662887234,0.743199336269812
177,31,0.15066026217645953,0.07350773496686656,0.07715252720959297,0.5120960636536577
177,32,0.10725055142352949,0.03629609739928878,0.0709544540242407,0.6615765894204452
177,33,0.11528976956951448,0.03435714460890622,0.08093262496060825,0.7019931192750765
177,34,0.08068810903093387,0.04376761211295827,0.0369204969179756,0.45757048171523235
177,35,0.09331192615358569,0.07819723685393587,0.01511468929964982,0.1619802518573239
177,36,0.08788332453070748,0.02141289031275601,0.06647043421795147,0.7563486540012027
177,37,0.13003156441613084,0.07609040514667613,0.05394115926945471,0.4148312720196969
177,38,0.08904059977645666,0.044561853767951576,0.044478746008505085,0.49953331536593903
178,0,0.09578406498759531,0.016676779026634322,0.07910728596096099,0.8258919265037031
178,1,0.07802943791287807,0.02536802475995996,0.05266141315291811,0.6748916122107143
178,2,0.09598103080900147,0.013201565469773703,0.08277946533922777,0.8624565150165525
178,3,0.0919542867550514,0.04752175289843064,0.044432533856620764,0.483202419643366
178,4,0.08644466721227706,0.012463261301920422,0.07398140591035664,0.8558238269190727
178,5,0.11127574393907569,0.0012047359649100392,0.11007100797416565,0.9891734180130969
178,6,0.12029165652350875,0.005311545324508508,0.11498011119900024,0.9558444411024428
178,7,0.10848931091312151,0.0015535081338695425,0.10693580277925196,0.9856805419741895
178,8,0.0934444578270378,0.01823688899127909,0.0752075688357587,0.8048371255464407
178,9,0.10391539692755256,0.004602761172167191,0.09931263575538536,0.9557066487906876
178,10,0.08191789453190071,0.002910759844385803,0.07900713468751491,0.9644673503754143
178,11,0.08738524812959361,0.012213003640613883,0.07517224448897973,0.8602395266704305
178,12,0.06568647178518432,0.0023110870491749686,0.06337538473600934,0.9648163923808701
178,13,0.09931129442422126,0.00692073004195283,0.09239056438226843,0.9303127596707176
178,14,0.11533047401504991,0.03665847852607231,0.0786719954889776,0.6821440400800867
178,15,0.10296800581077889,0.005360037058335716,0.09760796875244318,0.9479446356552181
178,16,0.10550515411220765,0.019669610065954572,0.08583554404625307,0.8135673064366561
178,17,0.11820316344746332,0.005209921514526716,0.1129932419329366,0.9559240094547696
178,18,0.11799738388113343,0.00142984562547082,0.1165675382556626,0.9878823955375892
178,19,0.09960824877839784,0.04086006719457855,0.058748181583819295,0.5897923345135657
178,20,0.10137811224144627,0.0071852666828542255,0.09419284555859204,0.929124082861777
178,21,0.10303497292537417,0.006910137579450783,0.09612483534592339,0.9329340574053858
178,22,0.08529655690588293,0.019945211502485845,0.06535134540339708,0.7661662765064059
178,23,0.08784093482162891,0.04887634802951419,0.038964586792114723,0.44358119447654765
178,24,0.06254186111663064,0.014183745325553661,0.048358115791076975,0.7732119723923272
178,25,0.09428936969231586,0.012147153027881176,0.08214221666443468,0.8711715534050164
178,26,0.10342667484693305,0.058359675610751865,0.04506699923618118,0.4357386457882202
178,27,0.11054502462922025,0.03444052888423644,0.07610449574498382,0.688447951413882
178,28,0.0853636699302115,0.0063166169829840385,0.07904705294722746,0.9260034510213988
178,29,0.10361776075355225,0.03703678626143429,0.06658097449211796,0.6425633405693475
178,30,0.10323946274158466,0.04713923037816091,0.05610023236342375,0.5433991118671977
178,31,0.10648554129663823,0.012444979398994659,0.09404056189764357,0.8831298667644791
178,32,0.10901166808952159,0.0034915410535862577,0.10552012703593533,0.9679709418745985
178,33,0.12653576077338752,0.011045269560612248,0.11549049121277527,0.9127102923860932
178,34,0.12430241275997593,0.036529740126049676,0.08777267263392625,0.7061220348426586
178,35,0.0871137368981165,0.007909870409266372,0.07920386648885012,0.9092006531815146
178,36,0.11355236093421883,0.03666194737588084,0.07689041355833799,0.6771361944898777
178,37,0.13535369660341146,0.028084874108935762,0.1072688224944757,0.7925075205649913
178,38,0.12080331624940163,0.05389155164505414,0.0669117646043475,0.5538901305176622
179,0,0.108466371239447,0.02590518209124078,0.08256118914820622,0.7611685373519752
179,1,0.10850522159203366,0.008452646529021826,0.10005257506301184,0.9220991726941701
179,2,0.11924369428172478,0.04772316124644642,0.07152053303527836,0.5997846130656115
179,3,0.09310608515239668,0.027728219296965312,0.06537786585543137,0.7021868199959265
179,4,0.1034538821472734,0.004183351478980376,0.09927053066829303,0.9595631271427292
179,5,0.13314476493320257,0.012763691561105567,0.120381073372097,0.904136737426297
179,6,0.09549704255329129,0.007768464543404321,0.08772857800988697,0.9186523023572254
179,7,0.09308046746596634,0.020577464655091655,0.07250300281087468,0.7789282196867401
179,8,0.06587412048791133,0.015100333575317485,0.05077378691259385,0.7707698643492543
179,9,0.08263574930512613,0.011726144847064279,0.07090960445806185,0.8580984023782928
179,10,0.09898183477688374,0.0038408833486059243,0.09514095142827782,0.9611960784798169
179,11,0.08225116208226246,0.054664442139507954,0.02758671994275451,0.33539611167030076
179,12,0.13088785099731337,0.023816301218394974,0.10707154977891839,0.8180403984256427
179,13,0.049817413258609944,0.01712417572505685,0.03269323753355309,0.6562612427071917
179,14,0.11098922300689525,0.01370498247301482,0.09728424053388043,0.8765197007265887
179,15,0.12349498260613975,0.013025209410821161,0.11046977319531859,0.8945284323626149
179,16,0.08315342820807109,0.01920522287424642,0.06394820533382467,0.7690387120758262
179,17,0.09004230281888972,0.03595345767352713,0.054088845145362593,0.6007048182025776
179,18,0.10352841353318575,0.07240572599942852,0.03112268753375723,0.3006197668022889
179,19,0.1021391982087685,0.04028192018147722,0.06185727802729128,0.6056174232037482
179,20,0.09716153564891955,0.00013956930332819067,0.09702196634559136,0.9985635333736129
179,21,0.0964831294834988,0.030214466728614532,0.06626866275488427,0.6868419702971802
179,22,0.08947560816522868,0.01382036172545784,0.07565524643977084,0.8455404550038186
179,23,0.06632725223930665,0.0016526115305409393,0.0646746407087657,0.9750839741622588
179,24,0.08825934229633642,0.01793546131064175,0.07032388098569467,0.796786823422927
179,25,0.12469412154446718,0.04583652954233208,0.0788575920021351,0.632408256503204
179,26,0.13510249720358133,0.029124380156696487,0.10597811704688484,0.78442752162597
179,27,0.0847252935574379,0.021583393152113838,0.06314190040532405,0.7452544305735359
179,28,0.11490615744334827,0.04937209907451943,0.06553405836882883,0.5703267764491979
179,29,0.10602370504803685,0.018374149392263395,0.08764955565577345,0.8266977240237124
179,30,0.09530754030906097,0.010814000851814932,0.08449353945724604,0.8865357261687002
179,31,0.04805988076979879,0.01744080709049268,0.030619073679306115,0.63710257264199
179,32,0.0967443542448583,0.037141924929635785,0.05960242931522252,0.6160817319052003
179,33,0.07016840099359414,0.01352059067358876,0.05664781032000538,0.8073122590491539
179,34,0.10956971654446096,0.01225978307404441,0.09730993347041655,0.8881097491105614
179,35,0.08535299302072277,0.017598229521414377,0.0677547634993084,0.7938182493829863
179,36,0.10138099373476987,0.0037310726635908006,0.09764992107117908,0.9631975133983011
179,37,0.062319845511066535,0.013113517398820496,0.04920632811224604,0.7895771837802158
179,38,0.08788247981918411,0.018115450812195608,0.0697670290069885,0.7938673231630733
180,0,0.10375329333236229,0.007893018025340783,0.0958602753070215,0.9239251326697036
180,1,0.0827201436376432,0.020658769119330705,0.06206137451831249,0.7502570932440985
180,2,0.09780587585587669,0.04698566881376183,0.05082020704211486,0.5196028009298923
180,3,0.10311798970089767,0.05752198839907656,0.04559600130182111,0.44217310126076076
180,4,0.12272643630828789,0.056537701447160665,0.06618873486112722,0.5393192929912967
180,5,0.11204711701731512,0.001229685317809425,0.1108174316995057,0.9890252837329193
180,6,0.10653102879127359,0.010231378222519641,0.09629965056875395,0.9039587025619925
180,7,0.11435191207971844,0.011176970004597768,0.10317494207512068,0.9022581275527257
180,8,0.1150213332904404,0.047704720960292074,0.06731661233014832,0.5852532778433991
180,9,0.10884146963630942,0.05331689528784263,0.05552457434846679,0.5101417183542314
180,10,0.11004162151355937,0.04492764061011477,0.0651139809034446,0.5917213869428599
180,11,0.08396115673302025,0.0029246209484760886,0.08103653578454416,0.9651669764653695
180,12,0.09452778557552571,0.048950234299403414,0.0455775512761223,0.48216036161882575
180,13,0.09959186622943472,0.04370916477372041,0.05588270145571431,0.5611171230286474
180,14,0.09330920482496863,0.047343318747133115,0.04596588607783551,0.49261898827730116
180,15,0.10895466031752872,0.022482742884365893,0.08647191743316282,0.7936504705824974
180,16,0.09012342342255379,0.01731453354462221,0.07280888987793158,0.8078797621408468
180,17,0.08940026043015631,0.011942316602972049,0.07745794382718427,0.8664174293731287
180,18,0.09745281420364652,0.08352554831012196,0.013927265893524554,0.14291291644406323
180,19,0.0851163044717865,0.007540941497513675,0.07757536297427282,0.9114042656772854
180,20,0.10493483884338578,0.05720401485124106,0.04773082399214472,0.4548615552112536
180,21,0.08890835131642592,0.021278148151446012,0.06763020316497992,0.7606732344443459
180,22,0.1048836402733016,0.011721120407786029,0.09316251986551558,0.888246437888277
180,23,0.10895513035916687,0.028126605568660718,0.08082852479050616,0.7418514807339286
180,24,0.10494405147830932,0.028313743024443803,0.07663030845386551,0.7302015442933807
180,25,0.07792739548675105,0.0009382804165828339,0.07698911507016822,0.9879595563187742
180,26,0.10311308047420319,0.049078387476737095,0.05403469299746609,0.5240333500751583
180,27,0.12967792141777962,0.0535907693280418,0.07608715208973782,0.5867394484571513
180,28,0.08329276947194654,0.012648629155773264,0.07064414031617328,0.8481425310268571
180,29,0.09389319847957625,0.016858853452603538,0.0770343450269727,0.8204464889299654
180,30,0.08448431154073893,0.013498417251791246,0.07098589428894769,0.8402257530940261
180,31,0.11691076717973968,0.03167408410926863,0.08523668307047105,0.7290747048082183
180,32,0.11887028416210593,0.022447628005332655,0.09642265615677328,0.8111586241796113
180,33,0.08460140390758995,0.024748774292369075,0.05985262961522088,0.7074661512780315
180,34,0.09167871715663806,0.03977122042913857,0.05190749672749949,0.5661891694973514
180,35,0.08023434422962741,0.03434083818542458,0.045893506044202836,0.5719932839839446
180,36,0.09801641396007853,0.0028588297540165057,0.09515758420606202,0.970833152953536
180,37,0.08692955945143893,0.02288604794377105,0.06404351150766788,0.7367288171228363
180,38,0.06635624166167485,0.020744774817792185,0.04561146684388266,0.6873726676148737
181,0,0.11447746811917951,0.03003532755196528,0.08444214056721423,0.737631098543372
181,1,0.09313622728542574,0.014857817137336214,0.07827841014808953,0.8404722032404978
181,2,0.076057776031714,0.02687981079951376,0.049177965232200235,0.6465869474239475
181,3,0.13756703755922547,0.0004354204037515866,0.1371316171554739,0.9968348493107289
181,4,0.09253980971975487,0.04582706426249753,0.046712745457257336,0.5047854063966739
181,5,0.11368125824070135,0.010367954771667427,0.10331330346903393,0.9087980294015132
181,6,0.1064270949658499,0.028977803438888262,0.07744929152696164,0.7277215595503514
181,7,0.07923180181145897,0.025006896318753823,0.05422490549270515,0.6843830918011866
181,8,0.09216910327329667,0.0006206633233489071,0.09154843994994775,0.9932660370850247
181,9,0.09628134047571152,0.013432170489534476,0.08284916998617704,0.8604904083889137
181,10,0.09916030369032541,0.03937864976069399,0.059781653929631424,0.6028788910966599
181,11,0.09656869831979897,0.027154810070647267,0.0694138882491517,0.718803188371445
181,12,0.0975176744633808,0.00677088298735723,0.09074679147602357,0.9305676327433363
181,13,0.10090162451742413,0.02159393536507121,0.07930768915235292,0.7859902110759152
181,14,0.12363764586970566,0.07536536184441216,0.0482722840252935,0.390433542192843
181,15,0.10467191403672002,0.0014521304737377836,0.10321978356298224,0.9861268374892967
181,16,0.09886593233157848,0.05354449175567553,0.04532144057590295,0.45841312074924884
181,17,0.12059410139320906,0.002968401368406308,0.11762570002480274,0.9753851860570896
181,18,0.08037458897742286,0.04778814474424488,0.03258644423317798,0.4054321726277379
181,19,0.08303627095131202,0.04315174229919238,0.039884528652119645,0.4803265873476637
181,20,0.09217214457611837,0.009736043754355491,0.08243610082176288,0.8943710835944021
181,21,0.0704540961489882,0.009508273224838864,0.06094582292414934,0.8650430032523323
181,22,0.06476814468209706,0.01136807343868918,0.05340007124340788,0.8244804835079443
181,23,0.10348149865700543,0.03970855368382826,0.06377294497317718,0.616273882779334
181,24,0.12126125087347112,0.035218894102230565,0.08604235677124056,0.709561843964653
181,25,0.08121858473474203,0.01301202586617525,0.06820655886856677,0.8397900442531445
181,26,0.1034204412382739,0.021030410035072396,0.08239003120320151,0.7966513216993563
181,27,0.11252557305197747,0.027999633603137227,0.08452593944884024,0.7511709308051804
181,28,0.08061878804234868,0.02822056515323827,0.052398222889110405,0.6499505160209784
181,29,0.08709939844573106,0.01283290079466958,0.07426649765106148,0.8526637264588531
181,30,0.0924403999906684,0.029341489316404956,0.06309891067426344,0.6825901952028885
181,31,0.07981224445212709,0.04931059023430372,0.030501654217823373,0.3821676038207251
181,32,0.11011990497389398,0.04848371837428504,0.06163618659960894,0.5597188502316722
181,33,0.10987770930672465,0.013248072726141619,0.09662963658058303,0.8794289323127451
181,34,0.11616182176869927,0.01964145341760897,0.09652036835109029,0.8309130046469233
181,35,0.10551016925289025,0.01804535759289532,0.08746481165999492,0.82897044217943
181,36,0.11741019416625634,0.01692696859792405,0.10048322556833228,0.8558305033210748
181,37,0.09781717931284285,0.015356490499769926,0.08246068881307293,0.8430082465304364
181,38,0.062132932559755036,0.019252263398080366,0.04288066916167467,0.6901439767137193
182,0,0.1004067349112015,0.04319663988820358,0.05721009502299792,0.5697834420529044
182,1,0.07680096996184596,0.03936244525906564,0.03743852470278032,0.48747463373678024
182,2,0.0952581365132466,0.02306599924582719,0.07219213726741941,0.7578579626883669
182,3,0.11231505064551765,0.07502417081629642,0.03729087982922123,0.3320203268831403
182,4,0.11423294108795237,0.01683145599470938,0.09740148509324299,0.8526567220067442
182,5,0.09909879276125859,0.017929624487069133,0.08116916827418946,0.8190732299810772
182,6,0.07649793867511517,0.04714601703750004,0.02935192163761513,0.3836955890049797
182,7,0.08590297312399273,0.006740012443421463,0.07916296068057127,0.9215392413287851
182,8,0.05445564392245047,0.0033856652028927178,0.05106997871955775,0.9378271018571702
182,9,0.09811405338799781,0.05207696966978025,0.046037083718217554,0.46922007733348037
182,10,0.08930297033158886,0.009289708232534586,0.08001326209905428,0.8959753723975677
182,11,0.09769169878809048,0.0025908963397304786,0.09510080244836,0.973478848542182
182,12,0.06734628882153992,0.03356213244512847,0.03378415637641145,0.5016483753980218
182,13,0.07429357011922488,0.02362654418447408,0.0506670259347508,0.6819839974501338
182,14,0.0913170653315212,0.04445849032708443,0.04685857500443677,0.5131414904138617
182,15,0.09717571056146757,0.009150379814169673,0.08802533074729789,0.9058367593990302
182,16,0.09008032500590887,0.004386860534560806,0.08569346447134807,0.9513005694165396
182,17,0.1122500488427077,0.0311027525782013,0.0811472962645064,0.7229154650811371
182,18,0.09235966756286473,0.0032866334137238093,0.08907303414914092,0.9644148414513645
182,19,0.10252166766059746,0.019092321690377948,0.08342934597021952,0.8137728138252304
182,20,0.08576692371041424,0.02464321618516961,0.061123707525244625,0.7126722619972283
182,21,0.11108494728075446,0.018018577812163105,0.09306636946859136,0.8377946044604656
182,22,0.1234471653303173,0.028784240636045663,0.09466292469427164,0.7668294726814876
182,23,0.09386038537717056,0.011966657641678957,0.08189372773549161,0.8725057691422011
182,24,0.07991563492227179,0.0085410991945579,0.07137453572771389,0.8931235520700648
182,25,0.07921129208188375,0.008730497379104505,0.07048079470277925,0.88978216173927
182,26,0.0713019679055897,0.0019751032294494514,0.06932686467614024,0.9722994569790182
182,27,0.13110580460882237,0.0031340630090267475,0.12797174159979563,0.9760951620839536
182,28,0.08212683477108501,0.012894598201992766,0.06923223656909225,0.8429916575022729
182,29,0.09463693319201155,0.0008802967013760363,0.09375663649063551,0.9906981696079481
182,30,0.07002488850196024,0.01316053255232797,0.056864355949632274,0.8120592144611618
182,31,0.11818867997085122,0.03101109832667987,0.08717758164417136,0.7376136332656553
182,32,0.07078311655922329,0.028182367364894295,0.04260074919432899,0.6018490180308113
182,33,0.09717993563817451,0.015502966873126833,0.08167696876504768,0.8404715256156549
182,34,0.07842796558471157,0.017420810303508158,0.061007155281203415,0.7778750197888074
182,35,0.0829086365026059,0.013908890949549918,0.06899974555305598,0.8322383344331956
182,36,0.1408596697212586,0.01635504935016768,0.12450462037109092,0.883891184875472
182,37,0.08323031261161437,0.004897724048054322,0.07833258856356005,0.9411545638317012
182,38,0.10943673440583794,0.01041012296675439,0.09902661143908355,0.904875423930787
183,0,0.1121097983003486,0.018509139260406985,0.09360065903994162,0.8349016808430969
183,1,0.09618943098523586,0.05778381373093451,0.03840561725430135,0.39927065646324733
183,2,0.12114693643133033,0.057656394140416393,0.06349054229091394,0.5240788100894509
183,3,0.07405569186730751,0.008735318102163572,0.06532037376514394,0.8820439336679825
183,4,0.10160886504496461,0.03081904906960506,0.07078981597535955,0.6966893680392275
183,5,0.09756448541865902,0.02007600340142418,0.07748848201723484,0.7942283678812425
183,6,0.09623716246229527,0.008435642459168068,0.0878015200031272,0.9123452703369858
183,7,0.10765312179954378,0.05474847218873887,0.05290464961080491,0.49143627910128207
183,8,0.07717981476523064,0.025448016260053084,0.05173179850517756,0.6702762718793495
183,9,0.13312161183271556,0.06184360285493396,0.07127800897778161,0.5354352910581611
183,10,0.09621862541291035,0.02134232975485211,0.07487629565805823,0.7781892054343518
183,11,0.10223101701581755,0.013024380177773617,0.08920663683804393,0.872598546331996
183,12,0.09095439496445384,0.009400419975331965,0.08155397498912188,0.8966468857386631
183,13,0.08540011832039159,0.0012854798364492666,0.08411463848394232,0.9849475637536403
183,14,0.09562296780599344,0.05196307554560603,0.04365989226038741,0.45658373989152534
183,15,0.08008468789499555,0.03444914528779827,0.04563554260719728,0.5698410496028046
183,16,0.06704832428423284,0.024745766864584653,0.04230255741964818,0.6309263933326384
183,17,0.08891040862120672,0.04709028882355188,0.04182011979765484,0.47036247438502937
183,18,0.09808458744117267,0.011885744674670653,0.08619884276650201,0.8788214847536646
183,19,0.09634103376632841,0.001362896284500828,0.09497813748182758,0.9858534185152458
183,20,0.09318503551765983,0.049287563153646706,0.043897472364013125,0.4710785602018036
183,21,0.1162618732862035,0.0005827023440814032,0.11567917094212209,0.9949880186202835
183,22,0.09798151845938781,0.0596006451181115,0.03838087334127631,0.3917154372044635
183,23,0.08479338698116308,0.008819707368455594,0.07597367961270748,0.8959859054761559
183,24,0.08579129466403784,0.0208522506539266,0.06493904401011125,0.7569421147496975
183,25,0.056738653060475944,0.003682562229379295,0.05305609083109665,0.9350960583175253
183,26,0.1001678744496224,0.01173338155412571,0.0884344928954967,0.8828628278418068
183,27,0.10556693309036005,0.012898221272642077,0.09266871181771798,0.8778194942766611
183,28,0.0944654347349898,0.007941080832086188,0.08652435390290361,0.9159366507509986
183,29,0.10607552436519106,0.013838175097051802,0.09223734926813926,0.8695441273576883
183,30,0.08852624222400582,0.019655575816078543,0.06887066640792727,0.7779689352865301
183,31,0.1210604316772459,0.036906783427135256,0.08415364825011064,0.6951375200318889
183,32,0.10498238428962194,0.027402206920318976,0.07758017736930296,0.7389828102520261
183,33,0.12921750436316332,0.01262687816809849,0.11659062619506483,0.902281983928347
183,34,0.1059357031978049,0.0035351491326712017,0.10240055406513371,0.9666292946951954
183,35,0.0989735159373239,0.013032587787741034,0.08594092814958286,0.8683224732968557
183,36,0.10796280344438126,0.020747565281848956,0.08721523816253231,0.8078267271696276
183,37,0.09839846985072268,0.038168055763686606,0.06023041408703607,0.6121072225859792
183,38,0.06752756601721428,0.03512563215568189,0.032401933861532395,0.4798326931148743
184,0,0.11220188138002626,0.0061999089713535,0.10600197240867276,0.9447432708338063
184,1,0.1210366980016386,0.055514582682778084,0.06552211531886051,0.5413409023928716
184,2,0.0998909367530977,0.06344969999025243,0.03644123676284526,0.3648102415228896
184,3,0.10440682551651545,0.0013338570207134769,0.10307296849580197,0.9872244270035536
184,4,0.07431815636143961,0.0574862813976625,0.01683187496377711,0.22648402204592932
184,5,0.08558183000358721,0.007990280812957488,0.07759154919062972,0.9066357799006801
184,6,0.08930513398156775,0.040791970460245776,0.04851316352132198,0.5432292787482399
184,7,0.11228139711474623,0.0249749226858913,0.08730647442885493,0.7775684723590666
184,8,0.12633045025009468,0.07213926800940315,0.05419118224069153,0.4289637386189155
184,9,0.08414109179579743,0.03320693192601938,0.05093415986977805,0.6053422743002966
184,10,0.08683540712205254,0.009132159095453321,0.07770324802659921,0.8948336928665802
184,11,0.07604183078929729,0.013708110727811551,0.062333720061485735,0.8197293438950061
184,12,0.1183305473137447,0.0029638985244183104,0.1153666487893264,0.9749523804993503
184,13,0.1362324544220981,0.03678014697274789,0.09945230744935021,0.7300192004264306
184,14,0.07392427824246,0.019916100072565543,0.054008178169894464,0.7305878319536125
184,15,0.08313752065019309,0.001012411809610687,0.0821251088405824,0.987822444045806
184,16,0.1016863095483282,0.00928343656222207,0.09240287298610614,0.908705148181133
184,17,0.06307264615188676,0.02832625464465435,0.03474639150723241,0.5508947797046406
184,18,0.11799863472970612,0.01319989836022253,0.10479873636948359,0.8881351602884312
184,19,0.07357178397760494,0.02961117534415586,0.04396060863344908,0.5975199493168546
184,20,0.10414153800738832,0.026560669924093158,0.07758086808329516,0.7449560431668599
184,21,0.08524329833699035,0.008178227736414679,0.07706507060057567,0.9040601678259342
184,22,0.0972260745863569,0.02301605729926473,0.07421001728709217,0.7632727907900704
184,23,0.1291572698519016,0.0786644028512922,0.0504928670006094,0.39094095948688856
184,24,0.11315012735551036,0.005996460967564517,0.10715366638794585,0.9470043816325189
184,25,0.13431290739432208,0.003199390885441399,0.13111351650888067,0.9761795724066303
184,26,0.09436459455928592,0.021162456642001545,0.07320213791728437,0.7757373224477119
184,27,0.11478211592485431,0.023173537251564024,0.09160857867329028,0.7981084678144869
184,28,0.09744785231300224,0.0019428514985363084,0.09550500081446593,0.9800626545129402
184,29,0.11532126742478072,0.0749231823043783,0.04039808512040241,0.3503090628686717
184,30,0.05917846473521301,0.005631593285107862,0.053546871450105143,0.9048371175172293
184,31,0.08303678881853749,0.017751145896618928,0.06528564292191856,0.7862255254666581
184,32,0.07766568349731942,0.008905496820020254,0.06876018667729916,0.8853354992964476
184,33,0.08115642719787909,0.054205462608026875,0.026950964589852217,0.3320866322039931
184,34,0.13676484674941417,0.0006577599211697698,0.1361070868282444,0.9951905775730884
184,35,0.12986060909221808,0.02559861231414594,0.10426199677807214,0.8028762340397806
184,36,0.07861648400674943,0.017323357405350417,0.06129312660139902,0.7796472632398167
184,37,0.10008119124308164,0.010853651114114588,0.08922754012896705,0.8915515395120273
184,38,0.097529502516946,0.049365562791821596,0.04816393972512441,0.49383969447353426
185,0,0.08451005638588865,0.029382690285550746,0.05512736610033791,0.6523172325032667
185,1,0.14035626014053376,0.008433891633250154,0.13192236850728362,0.9399108267432775
185,2,0.09468430746551484,0.04398653044549191,0.050697777020022934,0.5354401207242042
185,3,0.12170306748653495,0.03664384082288828,0.08505922666364667,0.698907828868467
185,4,0.08202002498473626,0.0030948451860304434,0.07892517979870582,0.9622672001550062
185,5,0.11099084073689422,0.012415427051653518,0.0985754136852407,0.8881400756204333
185,6,0.08251103643309649,0.006701758405745684,0.0758092780273508,0.9187774303237632
185,7,0.06365468384875098,0.0024147171101250708,0.0612399667386259,0.9620653663780241
185,8,0.09068111470964299,0.018585051078039216,0.07209606363160377,0.7950504783984212
185,9,0.08302859958319483,0.04275594507138074,0.040272654511814096,0.48504557121261344
185,10,0.0761354004200806,0.003146294053950183,0.07298910636613042,0.958675017973369
185,11,0.10681675398173271,0.07530649665758732,0.03151025732414539,0.29499358620777905
185,12,0.09590825520413371,0.03213954213362964,0.06376871307050407,0.66489284926284
185,13,0.11149058701304622,0.027628994977532538,0.08386159203551369,0.752185402214274
185,14,0.08799427783656498,0.012416634949589056,0.07557764288697592,0.8588927001293092
185,15,0.10484528961764622,0.020874176561760452,0.08397111305588577,0.80090496542205
185,16,0.09990106240218313,0.06522299459040891,0.034678067811774224,0.3471241143779509
185,17,0.10680038619034149,0.009866776004502772,0.09693361018583872,0.9076147909529275
185,18,0.07041731160729839,0.001220454661305527,0.06919685694599287,0.9826682582244587
185,19,0.1492299951937129,0.04616632067549317,0.10306367451821974,0.6906364527080132
185,20,0.08568808100051206,0.021687459424212557,0.0640006215762995,0.746902262590255
185,21,0.13239905345032915,0.01998120954183691,0.11241784390849224,0.8490834411491237
185,22,0.11115021488716131,0.056370499034740874,0.05477971585242044,0.4928439941212197
185,23,0.1291018571831003,0.038055394538336396,0.0910464626447639,0.705229689419852
185,24,0.09921510547128043,0.03230519108726214,0.06690991438401829,0.6743924129918558
185,25,0.10232544503123422,0.0048328039478751465,0.09749264108335907,0.9527702621141793
185,26,0.11750691757697933,0.026616320264938303,0.09089059731204102,0.7734914606410144
185,27,0.13598065376110008,0.030317401801689375,0.1056632519594107,0.7770462123608185
185,28,0.11661833314406865,0.03010179100510186,0.08651654213896678,0.7418777117323866
185,29,0.09055477970641576,0.013800320648022012,0.07675445905839375,0.8476025153750745
185,30,0.09205831032578454,0.015213030624991615,0.07684527970079293,0.8347457109395738
185,31,0.09608258677836719,0.020423085139335145,0.07565950163903204,0.7874423886354674
185,32,0.06842059544863385,0.019958647225644877,0.04846194822298898,0.7082947452477427
185,33,0.09849545469202158,0.016802766462721087,0.08169268822930048,0.8294056663298782
185,34,0.1311219731484308,0.045951655828859746,0.08517031731957106,0.6495503024741535
185,35,0.09751087084782153,0.0552506648213476,0.042260206026473936,0.4333896893652659
185,36,0.0863759876789885,0.03796192471241822,0.04841406296657028,0.560503726411771
185,37,0.12704771757747998,0.01864928464568944,0.10839843293179055,0.8532103921165197
185,38,0.08302921130283246,0.040263744915893324,0.042765466386939135,0.5150653091351265
186,0,0.10328430496838,0.006783807550392009,0.09650049741798798,0.9343190860172914
186,1,0.1137617779433918,0.035743313577329155,0.07801846436606265,0.6858055998815776
186,2,0.08782858473805821,0.03822968557697973,0.049598899161078486,0.5647238801468026
186,3,0.09558783221026423,0.03557425025837156,0.06001358195189267,0.6278370433161513
186,4,0.10754973238842469,0.02802628561395645,0.07952344677446824,0.739410921891119
186,5,0.11824655581129473,0.038270593135766084,0.07997596267552864,0.6763491936556638
186,6,0.08558504698338723,0.06635876543415463,0.0192262815492326,0.22464533498432948
186,7,0.10588934061273825,0.007869872083115912,0.09801946852962233,0.9256783351603081
186,8,0.1361982397570691,0.022028608998416334,0.11416963075865277,0.8382606923723258
186,9,0.08192849004109541,0.005217706929728393,0.07671078311136702,0.9363138887692036
186,10,0.08041153249959393,0.014416209464126323,0.06599532303546761,0.8207196279439256
186,11,0.11413021705555992,0.027670187753760622,0.0864600293017993,0.7575559876461949
186,12,0.06295087372857437,0.016278903486441614,0.04667197024213276,0.7414030573009764
186,13,0.10997969797862878,0.023141067945246032,0.08683863003338274,0.7895878205653665
186,14,0.11372694655509817,0.038795352642233744,0.07493159391286443,0.6588728193503528
186,15,0.06902749382890758,0.025681700612555272,0.043345793216352305,0.6279496880444442
186,16,0.07620122526188092,0.006031958479922901,0.07016926678195802,0.9208417127258407
186,17,0.09363730355052752,0.00042750973789934185,0.09320979381262817,0.995434407851475
186,18,0.12248201361537528,0.015856446314159896,0.10662556730121539,0.8705406137104084
186,19,0.08928122384737747,0.010142514632180402,0.07913870921519707,0.8863981227506625
186,20,0.06336311083682153,0.029420191718093854,0.033942919118727675,0.5356889627174489
186,21,0.13403467190407092,0.010258325871679446,0.12377634603239147,0.9234651323724553
186,22,0.11890919762654711,0.0906215637947429,0.028287633831804215,0.23789273156687124
186,23,0.10733085940005277,0.020002037634730484,0.08732882176532228,0.8136413167048521
186,24,0.07086339056633643,0.029481456741223662,0.04138193382511277,0.5839677369991835
186,25,0.08539516256544635,0.024204715860656992,0.06119044670478936,0.7165563583053474
186,26,0.09676047052832189,0.00047268178124312485,0.09628778874707876,0.995114928868553
186,27,0.07663111965827313,0.0015326423016780609,0.07509847735659507,0.9799997402032923
186,28,0.0661141576876476,0.01751686216597008,0.04859729552167752,0.7350512692194091
186,29,0.0796543265032173,0.0072646396233485185,0.07238968687986878,0.9087979279687326
186,30,0.12829588666732716,0.03445276693442002,0.09384311973290714,0.7314585227213365
186,31,0.10062619375316192,0.06315135747826262,0.03747483627489931,0.37241631504840417
186,32,0.07729172907100346,0.010016386314831434,0.06727534275617203,0.8704080444929632
186,33,0.12102772655401736,0.0371799229717091,0.08384780358230826,0.6927983030804525
186,34,0.11085688722357201,0.005912877118967524,0.10494401010460448,0.946662067941321
186,35,0.10272832814900874,0.002233941032020164,0.10049438711698858,0.9782538947895676
186,36,0.10534593753986521,0.014345740466791611,0.0910001970730736,0.8638225564098011
186,37,0.09454445271434236,0.025267663633542416,0.06927678908079996,0.7327430334819707
186,38,0.14954554918895904,0.0004910126150044301,0.14905453657395462,0.9967166350475333
187,0,0.09563105378100202,0.040183651264360076,0.055447402516641944,0.5798054117820155
187,1,0.14163399501050394,0.015147229057568129,0.12648676595293581,0.8930537188021508
187,2,0.09704303649580087,0.019564160365132952,0.07747887613066792,0.7983970713243345
187,3,0.12788855723462994,0.02592853806365182,0.10196001917097812,0.7972567786805024
187,4,0.09962623281818236,0.004852494476181424,0.09477373834200094,0.9512930044736589
187,5,0.10691192465434354,0.01886693247701622,0.08804499217732732,0.8235282683572033
187,6,0.1009738403660167,0.06350034586515085,0.037473494500865845,0.3711208206504717
187,7,0.1291775785169555,0.0072601886403762615,0.12191738987657923,0.9437968359236327
187,8,0.08657365575161856,0.04078118047475832,0.045792475276860235,0.5289423772081394
187,9,0.09398251326132631,0.05121111548422298,0.04277139777710333,0.4550995317413341
187,10,0.12752963585108118,0.006033250390447869,0.12149638546063331,0.9526913854165394
187,11,0.09057425749239582,0.010387524595644251,0.08018673289675157,0.8853148247280268
187,12,0.12511729962899856,0.03908987571352892,0.08602742391546964,0.6875741737598289
187,13,0.07625356103572323,0.011626707185018811,0.06462685385070442,0.8475257151653294
187,14,0.11019685111110902,0.03189428777361255,0.07830256333749647,0.7105698806088909
187,15,0.09968869824980689,0.00374412854852519,0.0959445697012817,0.962441795165758
187,16,0.09739521919118722,0.0056774608907746126,0.09171775830041261,0.9417069858467104
187,17,0.07995821880832266,0.004757479787530412,0.07520073902079225,0.9405004281181509
187,18,0.060169537292336,0.020475956423082843,0.039693580869253155,0.6596956309702097
187,19,0.09091435940932921,0.0581831461746334,0.032731213234695807,0.3600224810178565
187,20,0.08719790865479363,0.01908595391953683,0.0681119547352568,0.7811191321675398
187,21,0.10521870174709909,0.012682679236829024,0.09253602251027007,0.8794636407193773
187,22,0.07559437783755082,1.9738467300300933e-05,0.07557463937025052,0.9997388897446485
187,23,0.08934442361895495,0.0663496402209905,0.022994783397964444,0.2573723402820852
187,24,0.1227077402161858,0.007340785677017181,0.11536695453916862,0.9401766696698658
187,25,0.10968730442285121,0.07071901519494564,0.03896828922790557,0.35526708795468664
187,26,0.07679990571821065,0.01766477800450207,0.059135127713708574,0.769989587365946
187,27,0.09662412722368012,0.038097705766083595,0.058526421457596525,0.6057122909075362
187,28,0.09119495850933634,0.02614713664593103,0.06504782186340531,0.7132830907176284
187,29,0.07607157326439766,0.01270917163108512,0.06336240163331254,0.8329313949257685
187,30,0.1291736858982836,0.04444353935154099,0.0847301465467426,0.6559396827420596
187,31,0.09794587223466711,0.04217745555763883,0.05576841667702828,0.5693799585899193
187,32,0.09377884517002422,0.028857123869149286,0.06492172130087492,0.6922853569285231
187,33,0.1166495249339479,0.04639092120052392,0.07025860373342398,0.6023050995981981
187,34,0.0682821226716597,0.04256678657935775,0.02571533609230195,0.37660422796104764
187,35,0.07423061365848817,0.02049046903936513,0.053740144619123034,0.7239620147337678
187,36,0.08185845415778707,0.0020974558067392984,0.07976099835104777,0.9743770410971073
187,37,0.11691206350307554,0.016513769981077262,0.10039829352199828,0.8587505045564195
187,38,0.12803296587663793,0.08301538523042554,0.04501758064621239,0.3516092932627027
188,0,0.11202831512325616,0.037728813756780576,0.07429950136647559,0.6632207338361694
188,1,0.09119437355320903,0.004971218689837189,0.08622315486337184,0.9454876600809519
188,2,0.07192215036999552,0.03957227332473544,0.032349877045260086,0.44979018117283387
188,3,0.07412962025617148,0.003825442870651454,0.07030417738552003,0.9483952183023227
188,4,0.08887369900465417,0.016560523269597525,0.07231317573505663,0.8136622706709857
188,5,0.10642618126162894,0.0029683266909482607,0.10345785457068067,0.9721090557251961
188,6,0.06707096487205969,0.0006140061023729229,0.06645695876968677,0.9908454261312006
188,7,0.08805728634982,0.03390173920389046,0.054155547145929545,0.6150035890362211
188,8,0.11214700150064888,0.025968685406998714,0.08617831609365016,0.7684406621709947
188,9,0.09630770904037389,0.004075310484044668,0.09223239855632923,0.9576844831566265
188,10,0.09200740154299417,0.01978880210198678,0.07221859944100739,0.7849216283676954
188,11,0.06875357987274654,0.018857182004847626,0.049896397867898915,0.7257279978766242
188,12,0.07820995292380467,0.013624151633350845,0.06458580129045383,0.8258002834163057
188,13,0.10288770804035899,0.04048830649901942,0.06239940154133957,0.606480625624031
188,14,0.0991731531392269,0.029451416400267338,0.06972173673895955,0.7030303517836004
188,15,0.07677167447840164,0.04414332161074662,0.03262835286765502,0.42500509581609336
188,16,0.09656244136627448,0.03322218427900167,0.06334025708727281,0.6559512807574386
188,17,0.0994598118129006,0.005660772416411292,0.09379903939648931,0.9430848267935588
188,18,0.1032959525031837,0.026031996948862136,0.07726395555432156,0.7479862829275928
188,19,0.10712615130616357,0.002259367808656435,0.10486678349750714,0.978909278629835
188,20,0.10492327660621556,0.02079886424065753,0.08412441236555804,0.8017707327353384
188,21,0.07296716158514738,0.013313523452852666,0.05965363813229471,0.8175408887555979
188,22,0.10403563212564512,0.04795655075764094,0.056079081368004186,0.5390372531237835
188,23,0.06830928891006813,0.011326048344002495,0.05698324056606563,0.834194609185382
188,24,0.10646195714753216,0.010816931638942921,0.09564502550858925,0.898396272915093
188,25,0.08133009649676536,0.032154092812989636,0.04917600368377572,0.6046470593543626
188,26,0.11437867110583871,0.0035993389243812787,0.11077933218145744,0.9685313801115011
188,27,0.0591764368269735,0.016950949590278486,0.04222548723669502,0.7135523782913541
188,28,0.08717492987864651,0.0036813614737976168,0.0834935684048489,0.9577704108403376
188,29,0.11861186668989403,0.01648294042549262,0.10212892626440141,0.8610346427766237
188,30,0.06901749876948188,0.02225337094455493,0.04676412782492695,0.6775691478058183
188,31,0.08929772098053915,0.05149678573155998,0.037800935248979164,0.4233135497065732
188,32,0.09033327904401811,0.034860078797623,0.05547320024639511,0.6140948367363462
188,33,0.10446165814207534,0.0010313106312881508,0.10343034751078718,0.9901273764017272
188,34,0.09944861522478993,0.002236780140721619,0.0972118350840683,0.9775081821333994
188,35,0.07948106519902651,0.011043422892530984,0.06843764230649552,0.8610559274101645
188,36,0.12232343337831969,0.032400476588365895,0.0899229567899538,0.7351245326138101
188,37,0.0673386475543691,0.004725063247818652,0.06261358430655044,0.9298313313464805
188,38,0.0974241000517449,0.006426032669851581,0.09099806738189332,0.9340406258160094
189,0,0.0806158690067155,0.028713528115526094,0.051902340891189405,0.6438228791761311
189,1,0.10512780880572566,0.009539070834723183,0.09558873797100248,0.9092621548656911
189,2,0.12196420304388944,0.0013057864247953636,0.12065841661909407,0.9892936911634189
189,3,0.10628610823301418,0.03838723157230862,0.06789887666070557,0.6388311491455577
189,4,0.10608197809946314,0.038333399975511676,0.06774857812395146,0.6386436163589443
189,5,0.09457661418962446,0.02585552561345015,0.06872108857617432,0.7266181937787468
189,6,0.087707665435951,0.04560510730905101,0.04210255812689999,0.4800328217337584
189,7,0.11029159518081107,0.003162425509965935,0.10712916967084513,0.9713266862739496
189,8,0.10324521505760331,0.01624638322138937,0.08699883183621394,0.8426427489901099
189,9,0.08187409453427792,0.0068225550304024385,0.07505153950387548,0.9166701620431837
189,10,0.1046515215775313,0.016126945727352626,0.08852457585017867,0.845898602483243
189,11,0.06697120994178632,0.0235789237586568,0.04339228618312952,0.6479244771125919
189,12,0.08321689882707056,0.042797328115658756,0.040419570711411806,0.4857134942676243
189,13,0.12910157972025021,0.0347386015920088,0.09436297812824142,0.730920398748925
189,14,0.09811884790516273,0.005655857590628203,0.09246299031453453,0.9423570729642596
189,15,0.10879590992282648,0.006264479047162447,0.10253143087566403,0.9424199029944591
189,16,0.07926320042944464,0.03602368699874786,0.04323951343069678,0.5455181369970798
189,17,0.09901991582505759,0.020066188545866507,0.07895372727919109,0.7973519934987803
189,18,0.09332106709144908,0.019871151664735784,0.0734499154267133,0.7870668190574456
189,19,0.08533731361062655,0.03189623086108044,0.05344108274954611,0.6262334785154452
189,20,0.11725871905664384,0.027118815266955705,0.09013990378968814,0.768726662843251
189,21,0.10395269446651631,0.02182811548194801,0.08212457898456829,0.7900187619573539
189,22,0.10072042453492769,0.010225402091363373,0.09049502244356432,0.898477372999779
189,23,0.12959706564843998,0.06864074342177956,0.06095632222666042,0.47035264202676935
189,24,0.10165220504210248,0.0078124351319721185,0.09383976991013036,0.923145443537242
189,25,0.06940221015641992,0.0240420062719637,0.045360203884456225,0.653584428827592
189,26,0.08216408951155499,0.017344850137595458,0.06481923937395953,0.7888998680481185
189,27,0.08648704015807071,0.0055294059195874195,0.08095763423848329,0.9360666533450396
189,28,0.07965631829837182,0.014496496960728245,0.06515982133764357,0.8180119635152087
189,29,0.07050674266908491,0.014070541439879996,0.05643620122920491,0.8004369382667637
189,30,0.09862918732320444,0.021272982143472,0.07735620517973243,0.7843135209685833
189,31,0.10634331513643337,0.039034312149297784,0.06730900298713559,0.6329406122122615
189,32,0.08973736641559646,0.07012000105270008,0.019617365362896377,0.21860865931860973
189,33,0.10114032869533693,0.04528723239021236,0.05585309630512457,0.5522336838885483
189,34,0.11875760293443302,0.008017260395821835,0.11074034253861119,0.9324905505187047
189,35,0.08555221347637404,0.04770846202668855,0.03784375144968549,0.4423468419100151
189,36,0.12106733913713905,0.06418103279188762,0.05688630634525142,0.46987326846932226
189,37,0.11462398644768688,0.04177993283838391,0.07284405360930298,0.635504451265514
189,38,0.1312268015691735,0.0187414587301117,0.1124853428390618,0.8571826905326766
190,0,0.11212173813885577,0.021715624683433143,0.09040611345542263,0.8063210128214414
190,1,0.13023974459292387,0.014884622201306298,0.11535512239161758,0.8857136717533536
190,2,0.12131798503562205,0.01956442697033723,0.10175355806528483,0.8387343231542083
190,3,0.11343541858196257,0.03311145767024673,0.08032396091171584,0.7081030062376673
190,4,0.0961655406710309,0.04048172945482929,0.05568381121620161,0.5790412119314992
190,5,0.09649042762688767,0.018501987368147683,0.07798844025874,0.808250540253674
190,6,0.09365163687295434,0.03246523906412995,0.06118639780882439,0.6533403990773643
190,7,0.08280905850137585,0.030442892259291976,0.05236616624208387,0.63237243835122
190,8,0.1007300740461748,0.005226944018625803,0.095503130027549,0.9481093996195241
190,9,0.10243274249291558,0.006133001870701557,0.09629974062221403,0.9401265481969721
190,10,0.11812714889731199,0.005851398901438237,0.11227574999587375,0.9504652490468143
190,11,0.12148818113304452,0.013233991160925737,0.10825418997211879,0.8910676656980082
190,12,0.0887295127357465,0.0022190463431167595,0.08651046639262974,0.9749908877587832
190,13,0.1127444742207116,0.02499852826385703,0.08774594595685457,0.7782726964079921
190,14,0.11099262478280385,0.03459697340811778,0.07639565137468607,0.6882948441320409
190,15,0.1344272666290498,0.014684004164028507,0.11974326246502129,0.8907661776345656
190,16,0.10737334000072549,0.01594490521952082,0.09142843478120466,0.8515003331421646
190,17,0.0677161140262904,0.02040405345964125,0.04731206056664915,0.6986824516876516
190,18,0.08118188091553036,0.021095013862010126,0.06008686705352023,0.7401512058588607
190,19,0.10348751378469376,0.043219891865730053,0.060267621918963704,0.5823661204611675
190,20,0.13840317616975553,0.0436100349534507,0.09479314121630483,0.6849058225371814
190,21,0.09781753554251678,0.05989616195423349,0.03792137358828329,0.38767459615459865
190,22,0.0869269140061292,0.031482605589070345,0.05544430841705886,0.6378267197331944
190,23,0.10905710600140456,0.0012081684004728171,0.10784893760093174,0.9889216902522862
190,24,0.05862146997905749,0.0064558316699040216,0.05216563830915347,0.8898725727585752
190,25,0.15121431537728508,0.0070224430258278335,0.14419187235145725,0.9535596678905262
190,26,0.07992136679722292,0.027439064286950574,0.05248230251027235,0.6566742363582299
190,27,0.10593570640499123,0.05377923805420605,0.052156468350785176,0.49234078027847833
190,28,0.10296182960187962,0.016038507745353203,0.08692332185652642,0.8442286058108236
190,29,0.08599790143488575,0.0005144310469837902,0.08548347038790197,0.9940180976698217
190,30,0.11699480412206556,0.08026574080045502,0.036729063321610536,0.3139375598534237
190,31,0.06909435583774504,0.011651604845866864,0.05744275099187817,0.8313667635424745
190,32,0.09689472484312475,0.021862987084119836,0.07503173775900492,0.7743634948185609
190,33,0.11033562248883748,0.004922739991715122,0.10541288249712236,0.95538394690062
190,34,0.10582555710460673,0.01799481783597277,0.08783073926863395,0.8299577311160743
190,35,0.13004265656233324,0.05416493969794672,0.07587771686438652,0.5834832882548513
190,36,0.09359998616551818,0.05591158816785123,0.03768839799766695,0.4026538842753717
190,37,0.07910739015349075,0.012192136700839778,0.06691525345265097,0.8458786634575659
190,38,0.1144678980833708,0.017475868685402976,0.09699202939796782,0.8473295222676779
191,0,0.08007521499043761,0.011134106967228472,0.06894110802320914,0.86095439183575
191,1,0.122556806161162,0.008823362322950952,0.11373344383821105,0.928005937823247
191,2,0.1340681862424418,0.03538035601347367,0.09868783022896813,0.7361017777215714
191,3,0.1455816919026697,0.01789220714316691,0.12768948475950279,0.8770985079969468
191,4,0.08701102536934407,0.010550880429971902,0.07646014493937217,0.8787408792714996
191,5,0.11700913206695987,0.01340779045850584,0.10360134160845402,0.8854124441258732
191,6,0.10960252087010636,0.023536862997838564,0.08606565787226779,0.7852525397136358
191,7,0.0877939397326839,0.01594653818789385,0.07184740154479005,0.8183640210651433
191,8,0.10453926485621934,0.008731135575263737,0.0958081292809556,0.9164798452784958
191,9,0.093191080769356,0.04396452922287636,0.04922655154647965,0.5282324353369534
191,10,0.10603492792528739,0.0045864855037874895,0.1014484424214999,0.9567455215604131
191,11,0.15051376406078507,0.02492358203012858,0.12559018203065647,0.83440994791637
191,12,0.10671528367056923,0.015583015875746667,0.09113226779482257,0.8539757817272778
191,13,0.09813791324593849,0.03427230622002998,0.0638656070259085,0.6507740475982826
191,14,0.10375251393883334,0.022358083799812384,0.08139443013902095,0.7845056186976496
191,15,0.10819903439741721,0.008201391010017076,0.09999764338740014,0.9242008853804259
191,16,0.10560506105667208,0.019078980761441145,0.08652608029523094,0.8193364922993362
191,17,0.12087810910890218,0.000644508931383559,0.12023360017751862,0.994668108757369
191,18,0.08698963423758277,0.03179464071702346,0.05519499352055931,0.6345008115543151
191,19,0.09548502400121403,0.012744973536572165,0.08274005046464186,0.8665238484266379
191,20,0.09895380390522535,0.01524289877526871,0.08371090512995663,0.8459594459868581
191,21,0.1405458478070616,0.0027570891181008944,0.13778875868896073,0.980382991307678
191,22,0.12735231475396933,0.011569049768451509,0.11578326498551782,0.9091571300388089
191,23,0.09270981988809705,0.019332186422139908,0.07337763346595715,0.791476388957779
191,24,0.06735078857075769,0.0017133288940129783,0.06563745967674471,0.9745611160556349
191,25,0.1238156604173154,0.06019473110534789,0.0636209293119675,0.5138358839062512
191,26,0.10458011120443073,0.03271304513225337,0.07186706607217735,0.6871963057267487
191,27,0.08839220776081684,0.028822249583068407,0.05956995817774843,0.6739277102223828
191,28,0.10839764899186644,0.04282950610639391,0.06556814288547252,0.6048852857536827
191,29,0.08236672008427907,0.009737136399193443,0.07262958368508562,0.8817831232173596
191,30,0.06919088979220242,0.003209320401324373,0.06598156939087804,0.9536164311376429
191,31,0.0749452161622136,0.004662441530495787,0.07028277463171781,0.9377886705883366
191,32,0.09183300974275321,0.03221554866113932,0.05961746108161389,0.649194241249601
191,33,0.09991822304364462,0.01874189131436359,0.08117633172928103,0.8124276959351342
191,34,0.10462056246435364,0.020139723060951773,0.08448083940340187,0.8074974690772305
191,35,0.10750053536495946,0.02476869774814276,0.0827318376168167,0.7695946567702742
191,36,0.12319102541843026,0.0165105934268195,0.10668043199161076,0.8659756798781432
191,37,0.12117416148196195,0.030555757817953284,0.09061840366400867,0.7478360283722547
191,38,0.11114848367409877,0.041335343816096166,0.06981313985800261,0.6281069930085906
192,0,0.12204698987702282,0.029114494302323435,0.09293249557469939,0.7614484852788272
192,1,0.07152139315640305,0.011603295918271268,0.05991809723813178,0.8377646826188471
192,2,0.0647654275695317,0.02164444481889137,0.04312098275064033,0.6658024870498377
192,3,0.07274610665007894,0.04520880156270249,0.02753730508737645,0.3785399158175645
192,4,0.10558124126356351,0.011953530206127258,0.09362771105743625,0.8867835795159148
192,5,0.09241261578930124,0.008464905194607356,0.08394771059469389,0.9084009783479439
192,6,0.09969762412916812,0.007869883220520239,0.09182774090864788,0.9210624797806212
192,7,0.0694570966567169,0.01729403074746231,0.05216306590925459,0.7510113209462826
192,8,0.11322173983205723,0.024850076246729896,0.08837166358532733,0.7805185092227851
192,9,0.10511357107396488,0.022020351474106428,0.08309321959985845,0.7905089585567268
192,10,0.0932965503401621,0.05768154843884016,0.03561500190132194,0.3817397510569099
192,11,0.14867357829619798,0.02502973405338408,0.12364384424281391,0.8316463870700813
192,12,0.08063759875314666,0.0016656367057431617,0.0789719620474035,0.979344167838602
192,13,0.11922870100788231,0.060878703961083594,0.05834999704679872,0.4893955612494776
192,14,0.09644216118572518,0.017696983015322326,0.07874517817040286,0.8165015922730926
192,15,0.08374100176619964,0.04266643190490914,0.0410745698612905,0.4904953248107598
192,16,0.09785394107509869,0.01683477219700754,0.08101916887809116,0.8279602026035153
192,17,0.07689633014874096,0.05323476911452363,0.023661561034217335,0.3077072857501607
192,18,0.08674859234618813,0.02759130387026218,0.059157288475925954,0.681939462946518
192,19,0.09970209039059535,0.01901065066940799,0.08069143972118736,0.8093254555152114
192,20,0.10497883050145865,0.03504984257275667,0.06992898792870197,0.6661246614642972
192,21,0.08324358438056989,0.00869265895583074,0.07455092542473915,0.895575628794527
192,22,0.07880715421078495,0.041301184128627016,0.03750597008215793,0.4759208787293724
192,23,0.1001036974135246,0.07950760493516151,0.02059609247836308,0.20574756987528045
192,24,0.13261389062896695,0.007310970977683045,0.1253029196512839,0.9448702474302786
192,25,0.1228431064713791,0.020781218721647964,0.10206188774973113,0.8308312178144914
192,26,0.1232522200107499,0.00745735188179315,0.11579486812895674,0.9394951922071446
192,27,0.11985865283156379,0.047296602161625324,0.07256205066993845,0.6053968483352571
192,28,0.13701543961486928,0.002164867621609113,0.13485057199326017,0.9841998272041877
192,29,0.0703287297237721,0.04043183770535563,0.02989689201841647,0.42510211880466964
192,30,0.12288065381527177,0.05997791003973725,0.06290274377553452,0.5119011156149699
192,31,0.08427238140480237,0.002090073700110209,0.08218230770469216,0.9751985921689986
192,32,0.12529892183997365,0.01769101738646161,0.10760790445351204,0.8588095002999642
192,33,0.08356492853551466,0.04999592206508212,0.03356900647043254,0.4017116637174636
192,34,0.10783104124290753,0.021985859178187288,0.08584518206472025,0.7961082548701311
192,35,0.09250417696106969,0.01610255956042753,0.07640161740064216,0.8259261355602971
192,36,0.1342366497678292,0.019225113677804273,0.11501153609002493,0.85678193167771
192,37,0.10402377600936988,0.018787621519596974,0.0852361544897729,0.8193910830740782
192,38,0.109865511241844,0.007751689454634277,0.10211382178720972,0.9294438321269839
193,0,0.10596010899476825,0.018868209829471398,0.08709189916529686,0.8219310077304375
193,1,0.06319373939015988,0.005977264788051204,0.05721647460210867,0.9054136557555582
193,2,0.08613293706136432,0.024839051239578407,0.061293885821785916,0.71161959539494
193,3,0.08264673414851889,0.05049766735455107,0.03214906679396782,0.38899379540146006
193,4,0.07943831703788994,0.03585409569274603,0.043584221345143906,0.5486548931336928
193,5,0.08395258100583033,0.010122140254285684,0.07383044075154466,0.8794302672650086
193,6,0.11954930780498615,0.005944043361782132,0.11360526444320403,0.9502795668923629
193,7,0.06196929659578846,0.00740966631484305,0.05455963028094541,0.8804300400055433
193,8,0.07417314468528773,0.03846625204520321,0.03570689264008452,0.48139920171359535
193,9,0.1059490707682013,0.025959820573290406,0.07998925019491089,0.7549783081147912
193,10,0.10454131600995849,0.01245952876443096,0.09208178724552753,0.8808171808049166
193,11,0.11507614808151831,0.015381901023857766,0.09969424705766054,0.8663328475944342
193,12,0.11613266421405975,0.0709369685919386,0.045195695622121154,0.38917298529219035
193,13,0.12413234167301161,0.01600971159825384,0.10812263007475777,0.8710270717326312
193,14,0.07279907587305483,0.05090337634433292,0.021895699528721904,0.3007689213926708
193,15,0.08959077025645623,0.005692543579675558,0.08389822667678068,0.9364606023211937
193,16,0.11655891965609466,0.01752840256622166,0.09903051708987301,0.8496176644572638
193,17,0.12588673118660298,0.028944925589976404,0.09694180559662657,0.7700716722315151
193,18,0.11403044776435967,0.008479230277478843,0.10555121748688082,0.9256406473558632
193,19,0.07900175653942618,0.0006206673073163964,0.07838108923210978,0.9921436264900433
193,20,0.09968333870534464,0.0008302645366845204,0.09885307416866013,0.9916709798501161
193,21,0.07899713228332009,0.0210985639255524,0.05789856835776769,0.7329198754977176
193,22,0.09239985899635504,0.020359371025243888,0.07204048797111115,0.7796601504982056
193,23,0.07079788490515483,0.04952991974062002,0.02126796516453481,0.3004039625340033
193,24,0.1006482130274967,0.01682545975322438,0.08382275327427233,0.8328290264962009
193,25,0.08269502712793228,0.01234269802918861,0.07035232909874367,0.850744374143635
193,26,0.08665092851486084,0.01160823176003407,0.07504269675482676,0.8660345369750627
193,27,0.12022311258360818,0.03540793577509218,0.084815176808516,0.7054814584802234
193,28,0.06590035524168203,0.0003910124133999259,0.06550934282828211,0.9940666114474508
193,29,0.10980219245252675,0.0015741049746708317,0.10822808747785591,0.985664175372897
193,30,0.09924460729430534,0.014588914162243071,0.08465569313206227,0.8530004343814842
193,31,0.11017472373094578,0.04012321521742497,0.07005150851352081,0.6358219575352999
193,32,0.10284466019566549,0.06122844294444202,0.04161621725122347,0.4046512203166133
193,33,0.1012848533277381,0.02794058652250784,0.07334426680523026,0.7241385497977914
193,34,0.09763760188803046,0.02681475483509946,0.070822847052931,0.7253644670026792
193,35,0.12864839325356903,0.05969845651592108,0.06894993673764795,0.5359564545959465
193,36,0.07118908267328702,0.01354348154925834,0.05764560112402868,0.8097533913814513
193,37,0.05500963799848388,0.0468031865471942,0.008206451451289676,0.1491820660865984
193,38,0.13569537635627943,0.013412161951320561,0.12228321440495887,0.9011597718988905
194,0,0.08258564432823143,0.027648149909476522,0.05493749441875491,0.665218451289298
194,1,0.09299297108603705,0.02335970691573374,0.0696332641703033,0.7488013702226874
194,2,0.11124793625728124,0.0005648843320133247,0.11068305192526792,0.9949222938328769
194,3,0.125345481785937,0.06844634043582179,0.0568991413501152,0.4539385109013075
194,4,0.08812741150777226,0.010019359398229675,0.07810805210954258,0.886308252712653
194,5,0.09047425961552354,0.025904199084430913,0.06457006053109263,0.7136843208829501
194,6,0.13448159364673248,0.028615569792200438,0.10586602385453205,0.7872157146845671
194,7,0.09700229245056068,0.020555421959009543,0.07644687049155113,0.78809344150824
194,8,0.1022729681850443,0.016712956151474383,0.08556001203356992,0.8365848136798442
194,9,0.08225228433976853,0.03605705545468346,0.046195228885085066,0.5616285220026397
194,10,0.10321203026748306,0.002863770447791701,0.10034825981969137,0.9722535208311475
194,11,0.08809953781640924,0.01699785968183843,0.0711016781345708,0.8070607394415586
194,12,0.11733762340325853,0.01690508275274884,0.10043254065050969,0.8559278578989918
194,13,0.10702821388919284,0.017424444363055104,0.08960376952613774,0.8371976534982191
194,14,0.11679049327426863,0.031356842655346946,0.08543365061892169,0.7315120282803403
194,15,0.06844047372010487,0.0003107147420572539,0.06812975897804761,0.9954600731823109
194,16,0.09144317911443592,0.04140699734568366,0.050036181768752255,0.5471833137618152
194,17,0.08317683123204007,0.01943533291890209,0.06374149831313798,0.76633718030586
194,18,0.11892108452933263,0.03502567893950015,0.08389540558983248,0.7054712452537308
194,19,0.10231715640930532,0.005406290758682903,0.09691086565062242,0.9471614443910482
194,20,0.10275729937268942,0.0060131745358290925,0.09674412483686032,0.9414817772310269
194,21,0.11450691548117761,0.017880655359712935,0.09662626012146468,0.8438465023306639
194,22,0.09377308785067429,0.05564526113767443,0.03812782671299986,0.4065966855406873
194,23,0.11629170074456902,0.03072616457131836,0.08556553617325066,0.7357836855545918
194,24,0.09005531607952093,0.02320242953130859,0.06685288654821234,0.7423535828709955
194,25,0.08390548830934105,0.042553534456684805,0.04135195385265625,0.49283967814120455
194,26,0.08691876991975486,0.009685197685333791,0.07723357223442107,0.8885718505418868
194,27,0.10501273054987251,0.054600538676680896,0.05041219187319161,0.4800579092574868
194,28,0.11208965918939787,0.05516517305663319,0.05692448613276468,0.5078477938502729
194,29,0.08243383976599561,0.000675037580423591,0.08175880218557202,0.9918111593207376
194,30,0.14137541847512403,0.0033226929644902953,0.13805272551063374,0.9764973783962667
194,31,0.10328982398962891,0.0098245575475998,0.09346526644202911,0.9048835870938626
194,32,0.125567054028446,0.026167594082190642,0.09939945994625536,0.7916046188655296
194,33,0.08960414333629127,0.029384256360543426,0.060219886975747844,0.6720658747859232
194,34,0.09992042503642602,0.007041131930631462,0.09287929310579456,0.9295326062908097
194,35,0.08252087107873396,0.03041450030332326,0.0521063707754107,0.6314326314575074
194,36,0.08177577861825241,0.009646447258774693,0.07212933135947772,0.8820378427234981
194,37,0.09438643602113209,0.01222143326394462,0.08216500275718747,0.870517059663018
194,38,0.11908284501901573,0.0032732980780320192,0.11580954694098371,0.9725124296660084
195,0,0.0959056173928577,0.022954856732470913,0.07295076066038679,0.7606515931341014
195,1,0.08176573204351466,0.0003132642480207018,0.08145246779549395,0.9961687587184569
195,2,0.10500299653007134,0.019728477397017143,0.0852745191330542,0.8121151010069776
195,3,0.0926314588862866,0.00904366698349601,0.08358779190279059,0.902369377615029
195,4,0.11264949083205683,0.0291102349701857,0.08353925586187114,0.7415857386023643
195,5,0.09628245004656742,0.023542773069847544,0.07273967697671987,0.7554821978620093
195,6,0.0856765588189389,0.032203720303016145,0.05347283851592276,0.6241244892774863
195,7,0.10889306507165035,0.015498564085241053,0.09339450098640929,0.8576717068709271
195,8,0.07886356649849786,0.003392373734392093,0.07547119276410577,0.956984271888633
195,9,0.08847359054300906,0.0019129955282090397,0.08656059501480001,0.9783777789906798
195,10,0.11389336168506639,0.048706531795608424,0.06518682988945797,0.5723496868036095
195,11,0.12649836820350696,0.025872872746165197,0.10062549545734176,0.7954687233234371
195,12,0.0914126573669827,0.014987709449399792,0.0764249479175829,0.8360433896016111
195,13,0.14313199372693985,0.01687214804800706,0.12625984567893278,0.8821217562287651
195,14,0.06969009130013831,0.012053483756926256,0.05763660754321206,0.8270416420461436
195,15,0.11597734091511164,0.02099524083027715,0.09498210008483449,0.8189711829516388
195,16,0.09830690310664067,0.029816418126169322,0.06849048498047135,0.6967006671563514
195,17,0.05928549947054389,0.014804567545971831,0.04448093192457206,0.7502834980191487
195,18,0.07763867626495634,0.011646800651060416,0.06599187561389593,0.8499871299799915
195,19,0.09454353424579234,0.026877636045915733,0.06766589819987662,0.7157115369091259
195,20,0.09822592894069118,0.06401995907116023,0.03420596986953095,0.34823768264064486
195,21,0.07737636919339419,0.0003077405213372554,0.07706862867205694,0.9960228100058807
195,22,0.1423865105778822,0.06587536481372554,0.07651114576415667,0.537348274451229
195,23,0.09681242839918552,0.003654803248480409,0.09315762515070511,0.9622486150909199
195,24,0.07529349709755961,0.01307019605745363,0.06222330104010598,0.8264100279401518
195,25,0.0837134027597656,0.009392862054415835,0.07432054070534977,0.887797392714154
195,26,0.09017686880901606,0.0454872607813176,0.04468960802769845,0.49557728736784773
195,27,0.08977044438334322,0.054015900603609515,0.03575454377973371,0.39828859069754047
195,28,0.08635065866318621,0.025123262762156044,0.06122739590103017,0.70905534305013
195,29,0.11615641073323346,0.018285458948733336,0.09787095178450013,0.8425789947080236
195,30,0.0739458249798539,0.003035805787855103,0.0709100191919988,0.9589455417032376
195,31,0.11351611946728898,0.0015690564328703464,0.11194706303441863,0.986177677318132
195,32,0.08674257751276776,0.008494058107467645,0.07824851940530012,0.9020774070701624
195,33,0.10182974605817331,0.01805757237516921,0.0837721736830041,0.8226689835320489
195,34,0.07374214756521759,0.026872684248792914,0.04686946331642468,0.6355858198321835
195,35,0.11547345556141063,0.03323930463231647,0.08223415092909417,0.7121476579122613
195,36,0.10774992731268467,0.017683233226753945,0.09006669408593072,0.8358863558632562
195,37,0.12113490276757076,0.04805330937964032,0.07308159338793044,0.6033074837906688
195,38,0.10048256329628952,0.02015724100047752,0.08032532229581199,0.7993956330409232
196,0,0.11035001749752679,7.388829953765969e-05,0.11027612919798913,0.999330418778236
196,1,0.0989788594962365,0.007647518231359344,0.09133134126487716,0.9227358420749421
196,2,0.07498092155603392,0.0016605498762093523,0.07332037167982457,0.9778537014249897
196,3,0.1006979689180578,0.026843435172035687,0.0738545337460221,0.7334262501969694
196,4,0.13852083410724075,0.015261224037286922,0.12325961006995383,0.8898272297041475
196,5,0.051462962539834144,0.016108910142787345,0.035354052397046795,0.6869805128237908
196,6,0.09225821260660574,0.02178949370549634,0.07046871890110941,0.7638205522319409
196,7,0.11045593146192484,0.06831917560919855,0.04213675585272629,0.381480245515391
196,8,0.07772431589688289,0.01704503233283628,0.06067928356404661,0.7806988439055548
196,9,0.06998949346990094,0.001184876364829944,0.06880461710507099,0.9830706538069246
196,10,0.089813006692917,0.01866974591464532,0.07114326077827168,0.7921264792027313
196,11,0.06952395415315984,0.04638685131124676,0.023137102841913088,0.33279325268155097
196,12,0.06315117048151399,0.010244581137262503,0.052906589344251485,0.8377768605213524
196,13,0.09451854254725793,0.010788587102981344,0.08372995544427658,0.8858574538685126
196,14,0.10885192754607569,0.03125702061271141,0.07759490693336427,0.7128482580202293
196,15,0.0921357359392535,0.03013414454628091,0.062001591392972594,0.6729374955430018
196,16,0.07800747883182761,0.01331544901748174,0.06469202981434587,0.8293054817706922
196,17,0.09026153694666104,0.007286377302657668,0.08297515964400337,0.9192748367783338
196,18,0.08069400809338181,0.00834122279252655,0.07235278530085526,0.8966314477417727
196,19,0.10094866821546644,0.02842203047251484,0.0725266377429516,0.7184506643331796
196,20,0.0657274999250714,0.013767693653204911,0.05195980627186649,0.7905337390148731
196,21,0.12644598962540174,0.024086526769464184,0.10235946285593756,0.8095113428205916
196,22,0.09425451450855576,0.02209805452105692,0.07215645998749884,0.7655491130979087
196,23,0.08191504358074317,0.018954443861253237,0.06296059971948993,0.7686085115419617
196,24,0.10580262259922474,0.010622375814449941,0.0951802467847748,0.8996019611471543
196,25,0.08525454483238189,0.023347185455284962,0.061907359377096925,0.7261473215159657
196,26,0.08216472367852834,0.009135622340502476,0.07302910133802587,0.8888133260662345
196,27,0.09790033340254944,0.014724455368167057,0.0831758780343824,0.8495974951625281
196,28,0.08371314422831835,0.04238742923323032,0.04132571499508803,0.4936586168878893
196,29,0.09692401233501943,0.03768795281795756,0.05923605951706187,0.6111597950806191
196,30,0.10326066912722653,0.045865413978345676,0.05739525514888086,0.555828812983622
196,31,0.12004260689443907,0.03687609118052722,0.08316651571391186,0.692808310861204
196,32,0.07401734492694644,0.010356848604514095,0.06366049632243234,0.8600753834829379
196,33,0.12982662450600083,0.04182329481525586,0.08800332969074497,0.6778527133829725
196,34,0.10995884389516303,0.006547553030443597,0.10341129086471942,0.9404545119018697
196,35,0.11054721444975167,0.014287081578193847,0.09626013287155782,0.8707603656111306
196,36,0.08295461752539754,0.02651172780808307,0.05644288971731447,0.6804068465511737
196,37,0.06579495704851411,0.04683972964590705,0.018955227402607064,0.2880954445890187
196,38,0.09008535564413973,0.001956136421690684,0.08812921922244905,0.9782857445840818
197,0,0.1562741342947732,0.06455015568010539,0.0917239786146678,0.5869428042496962
197,1,0.0964574385125395,0.010353256295787365,0.08610418221675215,0.8926650297224985
197,2,0.12934405319951442,0.030554686003509083,0.09878936719600534,0.7637720076981183
197,3,0.11008454239904969,0.04816977651059218,0.06191476588845751,0.5624292433720649
197,4,0.07359337903800248,0.021594384337323178,0.0519989947006793,0.7065716424547897
197,5,0.10548455912026944,0.016593615588641614,0.08889094353162783,0.8426915206639655
197,6,0.09115767130777977,0.021206340122011696,0.06995133118576807,0.7673663684276031
197,7,0.12101839888876709,0.032929293389917506,0.08808910549884957,0.7278984543483825
197,8,0.1068900276457112,0.014140009152611032,0.09275001849310018,0.8677144214100279
197,9,0.10042541286106624,0.02139859995598092,0.07902681290508531,0.7869204681728831
197,10,0.09406229925997958,0.034277341343228185,0.0597849579167514,0.6355889488891957
197,11,0.11272645059096983,0.051857665424279095,0.06086878516669074,0.5399689677762882
197,12,0.10854975741059683,0.016504958281337023,0.09204479912925981,0.8479502978628879
197,13,0.11480756719366236,0.034483432199130595,0.08032413499453177,0.6996414692686376
197,14,0.11396022036088402,0.030194949244331776,0.08376527111655224,0.7350395677657362
197,15,0.09588915655256489,0.03387274991398698,0.06201640663857791,0.6467509869542081
197,16,0.10702366311011875,0.034550465767206204,0.07247319734291255,0.6771698448439711
197,17,0.07102222269766988,0.017018125269667395,0.05400409742800248,0.7603830938647076
197,18,0.07888616511309099,0.006304599135242193,0.0725815659778488,0.9200797867889264
197,19,0.16321666013373334,0.024953658121464134,0.1382630020122692,0.8471132903894855
197,20,0.1254775930244592,0.006697210106792813,0.1187803829176664,0.9466262466041461
197,21,0.13334596837983026,0.009600314898963545,0.12374565348086672,0.9280044607601674
197,22,0.1452856129027004,0.0014278200684953064,0.14385779283420508,0.9901723230540966
197,23,0.09603145888885149,0.01749765582064673,0.07853380306820476,0.8177924606883372
197,24,0.14458255311015172,0.0012671295420378873,0.14331542356811383,0.9912359443461168
197,25,0.11667424381163022,0.03831537178338286,0.07835887202824736,0.6716038559011981
197,26,0.06976109829726157,0.026822539153049062,0.042938559144212504,0.6155086458250046
197,27,0.07827398710450709,0.0023391766683823357,0.07593481043612475,0.9701155293742838
197,28,0.08977411335926518,0.007954696805845585,0.0818194165534196,0.9113920872266168
197,29,0.09425105420685759,0.01590053994485698,0.07835051426200061,0.8312958928824367
197,30,0.10684680338463068,0.00770558332835466,0.09914122005627601,0.9278819479454538
197,31,0.1169709164108446,0.04720740774012398,0.06976350867072062,0.5964175609746074
197,32,0.16058169974053998,0.013603237002284236,0.14697846273825574,0.9152877505701852
197,33,0.10317035238326516,0.02586170943044338,0.07730864295282178,0.749330027153825
197,34,0.08991963835421124,0.012082731652538998,0.07783690670167225,0.8656274438633447
197,35,0.14272041457617074,0.033338321509690065,0.10938209306648067,0.766408179175396
197,36,0.09962303631603821,0.012243516532705941,0.08737951978333226,0.8771015521564175
197,37,0.07672800044558337,0.03803139141299143,0.038696609032591936,0.5043349078285462
197,38,0.11188767180908499,0.0855857139415703,0.026301957867514686,0.23507467303809815
198,0,0.11060666189801378,0.0009239683225445716,0.10968269357546921,0.9916463592093889
198,1,0.0989668224596234,0.05826820422617009,0.04069861823345332,0.4112349696794356
198,2,0.12434868784372298,0.005007460152346259,0.11934122769137673,0.9597304946342542
198,3,0.06919377125528944,0.0016618523498856848,0.06753191890540376,0.9759826308100147
198,4,0.09982960809037714,0.05323004758269219,0.04659956050768495,0.46679097914015366
198,5,0.09321928762284475,0.01993293473419846,0.0732863528886463,0.7861715612455121
198,6,0.1216260424588978,0.03298904565666337,0.08863699680223443,0.7287665948038089
198,7,0.09228577048048192,0.043762920359747146,0.048522850120734776,0.5257890774287588
198,8,0.09461930313104552,0.008446657405537019,0.0861726457255085,0.9107300822767782
198,9,0.08972723319619177,0.015647577683828524,0.07407965551236326,0.8256094930553076
198,10,0.09378798635462861,0.018085941544204613,0.075702044810424,0.807161426029358
198,11,0.08339043984428843,0.0063316712452388445,0.07705876859904959,0.9240719768709493
198,12,0.08160232102490851,0.015283581884873852,0.06631873914003467,0.8127065297541152
198,13,0.11989818411882547,0.03080339982359487,0.0890947842952306,0.7430870196243584
198,14,0.09889847376970715,0.010535521626936191,0.08836295214277096,0.8934713426268945
198,15,0.11367206634210066,0.02617117972742118,0.08750088661467947,0.7697659542085039
198,16,0.08656447049772345,0.0022417175513904652,0.08432275294633299,0.9741034914382175
198,17,0.11145269397889593,0.012006283378634068,0.09944641060026185,0.8922746238784725
198,18,0.07203282032258844,0.011612162891417085,0.06042065743117135,0.8387934438855272
198,19,0.09853425080817899,0.002057458849181168,0.09647679195899782,0.979119353602368
198,20,0.10937041137901851,0.03220012285632988,0.07717028852268863,0.7055865251823756
198,21,0.0773042819277682,0.00977698671434468,0.06752729521342352,0.8735259358145241
198,22,0.06772647428740394,0.01729688472640014,0.0504295895610038,0.7446067448749936
198,23,0.08553267671567003,0.014073965724331783,0.07145871099133824,0.8354551001470838
198,24,0.11810930176546669,0.09434400499975722,0.023765296765709473,0.20121443790177476
198,25,0.07590934386282956,0.011753060239272067,0.06415628362355749,0.8451697822535498
198,26,0.09090896466205521,0.017694409845045125,0.07321455481701009,0.8053612214062466
198,27,0.12973680639494034,0.022666115735069246,0.1070706906598711,0.8252915547645759
198,28,0.08749197474170592,0.00927969606768944,0.07821227867401648,0.8939366028131724
198,29,0.12069417860281248,0.0027109201923699363,0.11798325841044255,0.977538931672163
198,30,0.07984903250755386,0.0023209485408905717,0.07752808396666329,0.9709332916379293
198,31,0.08308643001783589,0.01753505349798872,0.06555137651984716,0.7889540627245082
198,32,0.09927754623878635,0.06494980359501282,0.03432774264377353,0.3457754945031283
198,33,0.12030556271493201,0.02012956451898004,0.10017599819595197,0.8326796860866882
198,34,0.11994626722418666,0.04600712944915344,0.07393913777503322,0.6164355047150955
198,35,0.13391983999023177,0.008068657196096117,0.12585118279413565,0.9397500982924961
198,36,0.07641280112751538,0.05103261265289569,0.02538018847461969,0.33214576746461627
198,37,0.10059212617333141,0.041929943536072205,0.058662182637259204,0.5831687316776439
198,38,0.12113361868797495,0.019749635286893826,0.10138398340108112,0.8369599166539685
199,0,0.0832529886826474,0.0022634787911890346,0.08098950989145837,0.9728120416215063
199,1,0.0933217590624032,0.016594827359557387,0.07672693170284581,0.8221762263561639
199,2,0.09273809104471324,0.010382872916067223,0.08235521812864602,0.8880409031596179
199,3,0.12013494008665225,0.04890144271724499,0.07123349736940726,0.5929457101991076
199,4,0.13720043969216314,0.024258152099740332,0.11294228759242281,0.8231918778528087
199,5,0.07561688601668783,0.04279904517946201,0.03281784083722582,0.434001485197146
199,6,0.08461435102075071,0.023657500989919634,0.06095685003083108,0.7204079366617384
199,7,0.0985215441269385,0.002939575644420222,0.09558196848251828,0.970163118427856
199,8,0.05712317910892997,0.003917515144740136,0.05320566396418984,0.9314198683292871
199,9,0.06925734284380215,0.00019801698642539153,0.06905932585737676,0.9971408520989321
199,10,0.07491811395693121,0.017760116748794515,0.05715799720813669,0.7629396175268851
199,11,0.09459180018037838,0.0029407544363452207,0.09165104574403315,0.9689111061345966
199,12,0.10606762084262425,0.020853937138366085,0.08521368370425816,0.8033901677750677
199,13,0.10601012441434159,0.010282839879579824,0.09572728453476176,0.9030013412738839
199,14,0.11800799076088452,0.003058224240095343,0.11494976652078917,0.9740846003700536
199,15,0.067940936223833,0.008599106527833446,0.059341829695999555,0.8734326165376425
199,16,0.1081482385553802,0.019501152548667633,0.08864708600671256,0.8196812744325785
199,17,0.09510642035956844,0.0229506414580323,0.07215577890153614,0.7586846253779408
199,18,0.09360179692094395,0.008376703577488865,0.08522509334345509,0.910507021734168
199,19,0.0726694826599403,0.048454737523808786,0.02421474513613152,0.3332175247406861
199,20,0.08675918044950803,0.030393357826298536,0.056365822623209494,0.6496813631845356
199,21,0.07261403998694417,0.007434743270114144,0.06517929671683002,0.8976128683729635
199,22,0.10917241171430844,0.03805089337537307,0.07112151833893537,0.6514605404619269
199,23,0.13244993748627573,0.029887736409785006,0.10256220107649072,0.7743469194699927
199,24,0.10972468962491587,0.03684888708764078,0.07287580253727509,0.664169593793289
199,25,0.10992349310169593,0.06425347599572849,0.045670017105967436,0.41547094089991965
199,26,0.11917390774258335,0.0092569548694395,0.10991695287314385,0.9223239797638036
199,27,0.13527295177407644,0.0029201627494423454,0.1323527890246341,0.9784128112002805
199,28,0.10050580939374101,0.010248057451847089,0.09025775194189392,0.8980351731540278
199,29,0.08763324513357629,0.020740992325433052,0.06689225280814323,0.7633205036077543
199,30,0.11347308818812245,0.0344606278423224,0.07901246034580005,0.6963101261050416
199,31,0.07353979815503119,0.01612548675987695,0.05741431139515424,0.7807243538269933
199,32,0.10804253607183732,0.01988325017831621,0.08815928589352111,0.8159683130253822
199,33,0.1012751405475593,0.0040141798078352255,0.09726096073972408,0.9603636214560458
199,34,0.10740348896546126,0.017378103706517586,0.09002538525894367,0.8381979591733186
199,35,0.11542816158089346,0.013447331770893946,0.10198082980999951,0.8835004249680447
199,36,0.06770819316473763,0.037951388681441114,0.02975680448329651,0.43948602218488725
199,37,0.07768252718912771,0.021012560465772975,0.05666996672335474,0.7295072492348852
199,38,0.09526085319310518,0.010495428177524715,0.08476542501558046,0.8898243315515008
